datetime,total_demand_kwh,hour,month,is_winter,ev_charging_period,hp_operating_period,ev_additional_demand_kwh,hp_additional_demand_kwh,total_additional_demand_kwh,future_demand_kwh,future_stress_event,scenario
2013-01-18 19:00:00,464.916,19,1,1,1,1,80.0,40.0,120.0,584.9159999999999,1,Extreme
2013-02-05 19:00:00,458.238,19,2,1,1,1,80.0,40.0,120.0,578.238,1,Extreme
2013-02-05 19:30:00,457.803,19,2,1,1,1,80.0,40.0,120.0,577.803,1,Extreme
2013-01-18 18:30:00,457.741,18,1,1,1,1,80.0,40.0,120.0,577.741,1,Extreme
2013-01-17 19:30:00,454.107,19,1,1,1,1,80.0,40.0,120.0,574.107,1,Extreme
2013-01-18 19:30:00,452.529,19,1,1,1,1,80.0,40.0,120.0,572.529,1,Extreme
2013-02-05 20:00:00,446.926,20,2,1,1,1,80.0,40.0,120.0,566.9259999999999,1,Extreme
2013-01-13 18:00:00,445.909,18,1,1,1,1,80.0,40.0,120.0,565.909,1,Extreme
2013-02-05 18:30:00,445.888,18,2,1,1,1,80.0,40.0,120.0,565.8879999999999,1,Extreme
2013-01-17 19:00:00,445.821,19,1,1,1,1,80.0,40.0,120.0,565.821,1,Extreme
2013-01-21 19:00:00,443.979,19,1,1,1,1,80.0,40.0,120.0,563.979,1,Extreme
2013-01-21 19:30:00,443.365,19,1,1,1,1,80.0,40.0,120.0,563.365,1,Extreme
2013-01-22 19:00:00,442.193,19,1,1,1,1,80.0,40.0,120.0,562.193,1,Extreme
2013-01-20 17:00:00,440.915,17,1,1,1,1,80.0,40.0,120.0,560.915,1,Extreme
2013-01-13 18:30:00,440.197,18,1,1,1,1,80.0,40.0,120.0,560.197,1,Extreme
2013-02-05 18:00:00,438.898,18,2,1,1,1,80.0,40.0,120.0,558.898,1,Extreme
2013-01-23 18:30:00,438.815,18,1,1,1,1,80.0,40.0,120.0,558.815,1,Extreme
2013-01-23 19:00:00,438.405,19,1,1,1,1,80.0,40.0,120.0,558.405,1,Extreme
2013-01-15 19:00:00,438.314,19,1,1,1,1,80.0,40.0,120.0,558.3140000000001,1,Extreme
2013-01-22 18:30:00,438.194,18,1,1,1,1,80.0,40.0,120.0,558.194,1,Extreme
2013-01-13 19:00:00,435.428,19,1,1,1,1,80.0,40.0,120.0,555.428,1,Extreme
2013-01-24 19:00:00,434.842,19,1,1,1,1,80.0,40.0,120.0,554.842,1,Extreme
2013-01-20 18:30:00,434.653,18,1,1,1,1,80.0,40.0,120.0,554.653,1,Extreme
2013-01-19 17:00:00,434.335,17,1,1,1,1,80.0,40.0,120.0,554.335,1,Extreme
2013-01-22 19:30:00,432.699,19,1,1,1,1,80.0,40.0,120.0,552.6990000000001,1,Extreme
2013-01-16 18:30:00,432.44,18,1,1,1,1,80.0,40.0,120.0,552.44,1,Extreme
2013-01-14 19:00:00,431.883,19,1,1,1,1,80.0,40.0,120.0,551.883,1,Extreme
2013-01-21 18:30:00,431.597,18,1,1,1,1,80.0,40.0,120.0,551.597,1,Extreme
2013-01-24 18:30:00,431.04,18,1,1,1,1,80.0,40.0,120.0,551.04,1,Extreme
2013-01-25 19:30:00,430.488,19,1,1,1,1,80.0,40.0,120.0,550.488,1,Extreme
2013-02-10 18:30:00,430.057,18,2,1,1,1,80.0,40.0,120.0,550.057,1,Extreme
2013-02-09 19:00:00,429.418,19,2,1,1,1,80.0,40.0,120.0,549.418,1,Extreme
2013-01-21 20:00:00,429.403,20,1,1,1,1,80.0,40.0,120.0,549.403,1,Extreme
2013-01-23 19:30:00,429.381,19,1,1,1,1,80.0,40.0,120.0,549.381,1,Extreme
2013-01-16 19:30:00,429.114,19,1,1,1,1,80.0,40.0,120.0,549.114,1,Extreme
2013-01-20 19:00:00,429.073,19,1,1,1,1,80.0,40.0,120.0,549.073,1,Extreme
2013-01-25 19:00:00,428.795,19,1,1,1,1,80.0,40.0,120.0,548.7950000000001,1,Extreme
2013-02-07 19:00:00,428.108,19,2,1,1,1,80.0,40.0,120.0,548.108,1,Extreme
2013-02-05 20:30:00,428.095,20,2,1,1,1,80.0,40.0,120.0,548.095,1,Extreme
2013-01-28 19:30:00,428.06,19,1,1,1,1,80.0,40.0,120.0,548.06,1,Extreme
2013-02-12 19:00:00,427.792,19,2,1,1,1,80.0,40.0,120.0,547.7919999999999,1,Extreme
2013-01-16 19:00:00,427.706,19,1,1,1,1,80.0,40.0,120.0,547.706,1,Extreme
2013-01-15 19:30:00,427.621,19,1,1,1,1,80.0,40.0,120.0,547.621,1,Extreme
2013-01-18 18:00:00,427.579,18,1,1,1,1,80.0,40.0,120.0,547.579,1,Extreme
2013-01-13 19:30:00,427.445,19,1,1,1,1,80.0,40.0,120.0,547.4449999999999,1,Extreme
2013-01-14 19:30:00,427.12,19,1,1,1,1,80.0,40.0,120.0,547.12,1,Extreme
2013-02-07 19:30:00,427.036,19,2,1,1,1,80.0,40.0,120.0,547.0360000000001,1,Extreme
2013-01-13 17:30:00,426.645,17,1,1,1,1,80.0,40.0,120.0,546.645,1,Extreme
2013-02-10 19:00:00,426.632,19,2,1,1,1,80.0,40.0,120.0,546.6320000000001,1,Extreme
2013-01-17 20:00:00,426.614,20,1,1,1,1,80.0,40.0,120.0,546.614,1,Extreme
2013-01-17 18:30:00,426.489,18,1,1,1,1,80.0,40.0,120.0,546.489,1,Extreme
2013-01-21 18:00:00,426.381,18,1,1,1,1,80.0,40.0,120.0,546.381,1,Extreme
2013-01-14 20:00:00,425.487,20,1,1,1,1,80.0,40.0,120.0,545.4870000000001,1,Extreme
2013-01-15 18:30:00,424.398,18,1,1,1,1,80.0,40.0,120.0,544.398,1,Extreme
2013-01-12 18:30:00,424.311,18,1,1,1,1,80.0,40.0,120.0,544.3109999999999,1,Extreme
2013-12-01 19:00:00,424.263,19,12,1,1,1,80.0,40.0,120.0,544.2629999999999,1,Extreme
2013-02-09 18:30:00,423.784,18,2,1,1,1,80.0,40.0,120.0,543.784,1,Extreme
2013-02-03 19:30:00,422.431,19,2,1,1,1,80.0,40.0,120.0,542.431,1,Extreme
2013-01-18 17:30:00,421.986,17,1,1,1,1,80.0,40.0,120.0,541.986,1,Extreme
2013-02-10 19:30:00,421.111,19,2,1,1,1,80.0,40.0,120.0,541.111,1,Extreme
2013-01-10 19:00:00,420.972,19,1,1,1,1,80.0,40.0,120.0,540.972,1,Extreme
2013-02-07 18:30:00,420.964,18,2,1,1,1,80.0,40.0,120.0,540.9639999999999,1,Extreme
2013-02-24 19:30:00,420.455,19,2,1,1,1,80.0,40.0,120.0,540.4549999999999,1,Extreme
2013-01-28 19:00:00,419.958,19,1,1,1,1,80.0,40.0,120.0,539.9580000000001,1,Extreme
2013-01-17 20:30:00,419.619,20,1,1,1,1,80.0,40.0,120.0,539.619,1,Extreme
2013-01-18 20:00:00,419.576,20,1,1,1,1,80.0,40.0,120.0,539.576,1,Extreme
2013-02-24 19:00:00,419.572,19,2,1,1,1,80.0,40.0,120.0,539.572,1,Extreme
2013-01-25 20:00:00,419.286,20,1,1,1,1,80.0,40.0,120.0,539.2860000000001,1,Extreme
2013-02-10 18:00:00,418.729,18,2,1,1,1,80.0,40.0,120.0,538.729,1,Extreme
2013-12-01 18:30:00,418.574,18,12,1,1,1,80.0,40.0,120.0,538.5740000000001,1,Extreme
2013-01-20 18:00:00,418.297,18,1,1,1,1,80.0,40.0,120.0,538.297,1,Extreme
2013-12-01 18:00:00,417.992,18,12,1,1,1,80.0,40.0,120.0,537.992,1,Extreme
2013-01-24 19:30:00,417.897,19,1,1,1,1,80.0,40.0,120.0,537.8969999999999,1,Extreme
2013-02-03 18:00:00,416.888,18,2,1,1,1,80.0,40.0,120.0,536.8879999999999,1,Extreme
2013-02-12 19:30:00,416.73,19,2,1,1,1,80.0,40.0,120.0,536.73,1,Extreme
2013-02-12 20:00:00,416.653,20,2,1,1,1,80.0,40.0,120.0,536.653,1,Extreme
2013-02-09 18:00:00,416.111,18,2,1,1,1,80.0,40.0,120.0,536.111,1,Extreme
2013-01-25 18:30:00,415.978,18,1,1,1,1,80.0,40.0,120.0,535.9780000000001,1,Extreme
2013-02-05 17:30:00,415.89,17,2,1,1,1,80.0,40.0,120.0,535.89,1,Extreme
2013-01-14 18:30:00,415.822,18,1,1,1,1,80.0,40.0,120.0,535.822,1,Extreme
2013-02-06 19:30:00,414.789,19,2,1,1,1,80.0,40.0,120.0,534.789,1,Extreme
2013-01-13 20:00:00,414.698,20,1,1,1,1,80.0,40.0,120.0,534.698,1,Extreme
2013-01-16 18:00:00,414.404,18,1,1,1,1,80.0,40.0,120.0,534.404,1,Extreme
2013-02-25 19:00:00,414.326,19,2,1,1,1,80.0,40.0,120.0,534.326,1,Extreme
2013-12-01 19:30:00,413.761,19,12,1,1,1,80.0,40.0,120.0,533.761,1,Extreme
2013-01-16 20:30:00,413.728,20,1,1,1,1,80.0,40.0,120.0,533.7280000000001,1,Extreme
2013-02-03 18:30:00,413.72,18,2,1,1,1,80.0,40.0,120.0,533.72,1,Extreme
2013-01-22 20:30:00,413.554,20,1,1,1,1,80.0,40.0,120.0,533.554,1,Extreme
2013-02-26 19:00:00,413.493,19,2,1,1,1,80.0,40.0,120.0,533.4929999999999,1,Extreme
2014-01-05 18:30:00,413.463,18,1,1,1,1,80.0,40.0,120.0,533.463,1,Extreme
2013-12-01 17:30:00,413.315,17,12,1,1,1,80.0,40.0,120.0,533.315,1,Extreme
2013-02-03 19:00:00,413.231,19,2,1,1,1,80.0,40.0,120.0,533.231,1,Extreme
2013-01-22 20:00:00,412.972,20,1,1,1,1,80.0,40.0,120.0,532.972,1,Extreme
2013-01-23 20:00:00,412.651,20,1,1,1,1,80.0,40.0,120.0,532.6510000000001,1,Extreme
2013-01-12 19:00:00,412.561,19,1,1,1,1,80.0,40.0,120.0,532.5609999999999,1,Extreme
2013-02-09 19:30:00,412.304,19,2,1,1,1,80.0,40.0,120.0,532.304,1,Extreme
2013-01-26 19:00:00,412.105,19,1,1,1,1,80.0,40.0,120.0,532.105,1,Extreme
2013-01-20 17:30:00,411.935,17,1,1,1,1,80.0,40.0,120.0,531.935,1,Extreme
2013-01-28 18:30:00,411.849,18,1,1,1,1,80.0,40.0,120.0,531.8489999999999,1,Extreme
2013-01-20 19:30:00,411.648,19,1,1,1,1,80.0,40.0,120.0,531.648,1,Extreme
2013-02-13 19:00:00,411.451,19,2,1,1,1,80.0,40.0,120.0,531.451,1,Extreme
2013-02-12 18:30:00,411.442,18,2,1,1,1,80.0,40.0,120.0,531.442,1,Extreme
2013-01-19 18:00:00,411.185,18,1,1,1,1,80.0,40.0,120.0,531.185,1,Extreme
2013-02-26 18:30:00,410.694,18,2,1,1,1,80.0,40.0,120.0,530.694,1,Extreme
2013-01-23 18:00:00,410.649,18,1,1,1,1,80.0,40.0,120.0,530.649,1,Extreme
2013-01-14 20:30:00,410.646,20,1,1,1,1,80.0,40.0,120.0,530.646,1,Extreme
2013-02-24 18:30:00,410.44,18,2,1,1,1,80.0,40.0,120.0,530.44,1,Extreme
2013-02-03 17:30:00,410.403,17,2,1,1,1,80.0,40.0,120.0,530.403,1,Extreme
2014-01-05 19:00:00,410.123,19,1,1,1,1,80.0,40.0,120.0,530.123,1,Extreme
2014-01-05 19:30:00,409.854,19,1,1,1,1,80.0,40.0,120.0,529.854,1,Extreme
2013-01-16 20:00:00,409.788,20,1,1,1,1,80.0,40.0,120.0,529.788,1,Extreme
2013-02-26 19:30:00,409.753,19,2,1,1,1,80.0,40.0,120.0,529.7529999999999,1,Extreme
2013-01-17 18:00:00,409.661,18,1,1,1,1,80.0,40.0,120.0,529.6610000000001,1,Extreme
2013-02-25 18:30:00,408.84,18,2,1,1,1,80.0,40.0,120.0,528.8399999999999,1,Extreme
2013-02-06 18:30:00,408.77,18,2,1,1,1,80.0,40.0,120.0,528.77,1,Extreme
2013-01-26 18:30:00,407.909,18,1,1,1,1,80.0,40.0,120.0,527.909,1,Extreme
2013-02-07 20:00:00,407.75,20,2,1,1,1,80.0,40.0,120.0,527.75,1,Extreme
2013-02-22 19:00:00,407.657,19,2,1,1,1,80.0,40.0,120.0,527.6569999999999,1,Extreme
2013-01-13 20:30:00,407.306,20,1,1,1,1,80.0,40.0,120.0,527.306,1,Extreme
2013-02-13 18:30:00,406.792,18,2,1,1,1,80.0,40.0,120.0,526.7919999999999,1,Extreme
2013-01-17 21:00:00,406.551,21,1,1,1,1,80.0,40.0,120.0,526.5509999999999,1,Extreme
2013-02-13 19:30:00,406.493,19,2,1,1,1,80.0,40.0,120.0,526.4929999999999,1,Extreme
2013-02-23 19:00:00,406.026,19,2,1,1,1,80.0,40.0,120.0,526.0260000000001,1,Extreme
2013-02-23 18:30:00,405.987,18,2,1,1,1,80.0,40.0,120.0,525.9870000000001,1,Extreme
2014-01-12 18:30:00,405.766,18,1,1,1,1,80.0,40.0,120.0,525.7660000000001,1,Extreme
2013-01-24 20:00:00,405.655,20,1,1,1,1,80.0,40.0,120.0,525.655,1,Extreme
2013-01-10 19:30:00,405.638,19,1,1,1,1,80.0,40.0,120.0,525.6379999999999,1,Extreme
2013-01-10 18:30:00,405.589,18,1,1,1,1,80.0,40.0,120.0,525.5889999999999,1,Extreme
2013-02-24 20:00:00,405.177,20,2,1,1,1,80.0,40.0,120.0,525.177,1,Extreme
2013-02-04 19:00:00,405.172,19,2,1,1,1,80.0,40.0,120.0,525.172,1,Extreme
2013-01-15 20:00:00,404.991,20,1,1,1,1,80.0,40.0,120.0,524.991,1,Extreme
2013-01-18 17:00:00,404.724,17,1,1,1,1,80.0,40.0,120.0,524.7239999999999,1,Extreme
2013-02-10 20:00:00,404.269,20,2,1,1,1,80.0,40.0,120.0,524.269,1,Extreme
2013-01-21 20:30:00,404.175,20,1,1,1,1,80.0,40.0,120.0,524.175,1,Extreme
2013-02-25 20:00:00,404.165,20,2,1,1,1,80.0,40.0,120.0,524.165,1,Extreme
2013-01-28 20:00:00,403.699,20,1,1,1,1,80.0,40.0,120.0,523.6990000000001,1,Extreme
2013-01-19 19:30:00,403.54,19,1,1,1,1,80.0,40.0,120.0,523.54,1,Extreme
2013-02-05 21:00:00,403.14,21,2,1,1,1,80.0,40.0,120.0,523.14,1,Extreme
2013-01-19 19:00:00,403.107,19,1,1,1,1,80.0,40.0,120.0,523.107,1,Extreme
2013-01-15 20:30:00,402.935,20,1,1,1,1,80.0,40.0,120.0,522.935,1,Extreme
2013-01-25 18:00:00,402.91,18,1,1,1,1,80.0,40.0,120.0,522.9100000000001,1,Extreme
2013-01-06 18:30:00,402.889,18,1,1,1,1,80.0,40.0,120.0,522.889,1,Extreme
2013-01-12 18:00:00,402.78,18,1,1,1,1,80.0,40.0,120.0,522.78,1,Extreme
2013-01-17 17:30:00,402.703,17,1,1,1,1,80.0,40.0,120.0,522.703,1,Extreme
2013-01-25 20:30:00,402.619,20,1,1,1,1,80.0,40.0,120.0,522.619,1,Extreme
2013-01-18 20:30:00,402.47,20,1,1,1,1,80.0,40.0,120.0,522.47,1,Extreme
2013-01-26 19:30:00,402.41,19,1,1,1,1,80.0,40.0,120.0,522.4100000000001,1,Extreme
2013-02-08 19:30:00,402.382,19,2,1,1,1,80.0,40.0,120.0,522.3820000000001,1,Extreme
2013-02-06 19:00:00,402.374,19,2,1,1,1,80.0,40.0,120.0,522.374,1,Extreme
2013-01-22 18:00:00,402.002,18,1,1,1,1,80.0,40.0,120.0,522.002,1,Extreme
2013-01-11 18:30:00,401.817,18,1,1,1,1,80.0,40.0,120.0,521.817,1,Extreme
2013-01-11 19:30:00,401.786,19,1,1,1,1,80.0,40.0,120.0,521.7860000000001,1,Extreme
2013-01-16 21:00:00,401.785,21,1,1,1,1,80.0,40.0,120.0,521.7850000000001,1,Extreme
2013-01-21 21:00:00,401.215,21,1,1,1,1,80.0,40.0,120.0,521.2149999999999,1,Extreme
2013-02-22 19:30:00,401.152,19,2,1,1,1,80.0,40.0,120.0,521.152,1,Extreme
2013-02-11 20:30:00,401.128,20,2,1,1,1,80.0,40.0,120.0,521.1279999999999,1,Extreme
2013-02-10 17:30:00,401.097,17,2,1,1,1,80.0,40.0,120.0,521.097,1,Extreme
2013-01-21 17:30:00,400.974,17,1,1,1,1,80.0,40.0,120.0,520.9739999999999,1,Extreme
2014-02-09 18:30:00,400.698,18,2,1,1,1,80.0,40.0,120.0,520.698,1,Extreme
2013-01-06 19:00:00,400.652,19,1,1,1,1,80.0,40.0,120.0,520.652,1,Extreme
2013-01-14 18:00:00,400.439,18,1,1,1,1,80.0,40.0,120.0,520.4390000000001,1,Extreme
2013-01-27 18:30:00,400.423,18,1,1,1,1,80.0,40.0,120.0,520.423,1,Extreme
2013-01-19 18:30:00,400.059,18,1,1,1,1,80.0,40.0,120.0,520.059,1,Extreme
2013-01-15 18:00:00,399.931,18,1,1,1,1,80.0,40.0,120.0,519.931,1,Extreme
2013-01-14 21:00:00,399.92,21,1,1,1,1,80.0,40.0,120.0,519.9200000000001,1,Extreme
2013-02-12 20:30:00,399.859,20,2,1,1,1,80.0,40.0,120.0,519.8589999999999,1,Extreme
2013-01-12 19:30:00,399.644,19,1,1,1,1,80.0,40.0,120.0,519.644,1,Extreme
2013-01-27 19:30:00,399.447,19,1,1,1,1,80.0,40.0,120.0,519.447,1,Extreme
2013-03-11 19:30:00,439.335,19,3,0,1,0,80.0,0.0,80.0,519.335,1,Extreme
2013-02-23 19:30:00,399.298,19,2,1,1,1,80.0,40.0,120.0,519.298,1,Extreme
2013-02-25 20:30:00,399.229,20,2,1,1,1,80.0,40.0,120.0,519.229,1,Extreme
2013-01-29 19:00:00,399.042,19,1,1,1,1,80.0,40.0,120.0,519.0419999999999,1,Extreme
2013-12-19 19:00:00,398.868,19,12,1,1,1,80.0,40.0,120.0,518.8679999999999,1,Extreme
2013-02-07 20:30:00,398.785,20,2,1,1,1,80.0,40.0,120.0,518.7850000000001,1,Extreme
2013-02-04 19:30:00,398.762,19,2,1,1,1,80.0,40.0,120.0,518.762,1,Extreme
2013-01-22 21:00:00,398.479,21,1,1,1,1,80.0,40.0,120.0,518.479,1,Extreme
2013-01-23 20:30:00,398.335,20,1,1,1,1,80.0,40.0,120.0,518.335,1,Extreme
2013-02-25 19:30:00,398.295,19,2,1,1,1,80.0,40.0,120.0,518.2950000000001,1,Extreme
2013-03-11 20:00:00,438.219,20,3,0,1,0,80.0,0.0,80.0,518.219,1,Extreme
2013-01-28 18:00:00,398.149,18,1,1,1,1,80.0,40.0,120.0,518.149,1,Extreme
2013-02-26 20:00:00,397.954,20,2,1,1,1,80.0,40.0,120.0,517.954,1,Extreme
2014-01-05 18:00:00,397.943,18,1,1,1,1,80.0,40.0,120.0,517.943,1,Extreme
2013-01-11 19:00:00,397.893,19,1,1,1,1,80.0,40.0,120.0,517.893,1,Extreme
2013-02-17 19:30:00,397.831,19,2,1,1,1,80.0,40.0,120.0,517.831,1,Extreme
2013-01-19 17:30:00,397.785,17,1,1,1,1,80.0,40.0,120.0,517.7850000000001,1,Extreme
2013-01-20 20:00:00,397.784,20,1,1,1,1,80.0,40.0,120.0,517.784,1,Extreme
2013-01-06 17:30:00,397.714,17,1,1,1,1,80.0,40.0,120.0,517.7139999999999,1,Extreme
2013-01-06 18:00:00,397.594,18,1,1,1,1,80.0,40.0,120.0,517.594,1,Extreme
2013-02-06 20:00:00,397.387,20,2,1,1,1,80.0,40.0,120.0,517.387,1,Extreme
2013-01-13 21:00:00,397.163,21,1,1,1,1,80.0,40.0,120.0,517.163,1,Extreme
2013-01-13 17:00:00,397.054,17,1,1,1,1,80.0,40.0,120.0,517.054,1,Extreme
2014-01-05 17:30:00,396.954,17,1,1,1,1,80.0,40.0,120.0,516.954,1,Extreme
2013-02-04 18:30:00,396.81,18,2,1,1,1,80.0,40.0,120.0,516.81,1,Extreme
2013-03-11 19:00:00,436.664,19,3,0,1,0,80.0,0.0,80.0,516.664,1,Extreme
2013-01-07 19:00:00,396.507,19,1,1,1,1,80.0,40.0,120.0,516.5070000000001,1,Extreme
2014-01-29 19:00:00,396.345,19,1,1,1,1,80.0,40.0,120.0,516.345,1,Extreme
2013-03-24 19:00:00,436.343,19,3,0,1,0,80.0,0.0,80.0,516.3430000000001,1,Extreme
2014-01-12 19:00:00,396.284,19,1,1,1,1,80.0,40.0,120.0,516.284,1,Extreme
2013-03-24 19:30:00,436.213,19,3,0,1,0,80.0,0.0,80.0,516.213,1,Extreme
2013-03-25 19:30:00,435.857,19,3,0,1,0,80.0,0.0,80.0,515.857,1,Extreme
2013-02-23 18:00:00,395.781,18,2,1,1,1,80.0,40.0,120.0,515.781,1,Extreme
2014-01-26 18:30:00,395.73,18,1,1,1,1,80.0,40.0,120.0,515.73,1,Extreme
2013-02-15 19:00:00,395.722,19,2,1,1,1,80.0,40.0,120.0,515.722,1,Extreme
2013-01-24 18:00:00,395.633,18,1,1,1,1,80.0,40.0,120.0,515.633,1,Extreme
2013-02-24 18:00:00,395.253,18,2,1,1,1,80.0,40.0,120.0,515.2529999999999,1,Extreme
2013-02-12 21:00:00,395.121,21,2,1,1,1,80.0,40.0,120.0,515.121,1,Extreme
2013-01-27 20:00:00,395.055,20,1,1,1,1,80.0,40.0,120.0,515.0550000000001,1,Extreme
2013-01-12 17:30:00,394.947,17,1,1,1,1,80.0,40.0,120.0,514.947,1,Extreme
2014-01-26 19:30:00,394.564,19,1,1,1,1,80.0,40.0,120.0,514.5640000000001,1,Extreme
2013-02-11 21:00:00,394.49,21,2,1,1,1,80.0,40.0,120.0,514.49,1,Extreme
2013-02-17 19:00:00,394.466,19,2,1,1,1,80.0,40.0,120.0,514.466,1,Extreme
2013-01-02 19:00:00,394.452,19,1,1,1,1,80.0,40.0,120.0,514.452,1,Extreme
2013-01-24 20:30:00,394.443,20,1,1,1,1,80.0,40.0,120.0,514.443,1,Extreme
2013-01-06 19:30:00,394.296,19,1,1,1,1,80.0,40.0,120.0,514.296,1,Extreme
2013-01-10 18:00:00,394.279,18,1,1,1,1,80.0,40.0,120.0,514.279,1,Extreme
2013-02-03 20:00:00,394.009,20,2,1,1,1,80.0,40.0,120.0,514.009,1,Extreme
2014-02-12 19:00:00,393.83,19,2,1,1,1,80.0,40.0,120.0,513.8299999999999,1,Extreme
2014-01-26 19:00:00,393.682,19,1,1,1,1,80.0,40.0,120.0,513.682,1,Extreme
2013-02-07 21:00:00,393.654,21,2,1,1,1,80.0,40.0,120.0,513.654,1,Extreme
2013-01-01 18:30:00,393.608,18,1,1,1,1,80.0,40.0,120.0,513.608,1,Extreme
2013-01-02 18:30:00,393.598,18,1,1,1,1,80.0,40.0,120.0,513.598,1,Extreme
2013-02-24 20:30:00,393.512,20,2,1,1,1,80.0,40.0,120.0,513.512,1,Extreme
2013-01-02 19:30:00,393.479,19,1,1,1,1,80.0,40.0,120.0,513.479,1,Extreme
2013-02-23 20:00:00,393.291,20,2,1,1,1,80.0,40.0,120.0,513.2909999999999,1,Extreme
2013-02-09 20:00:00,393.223,20,2,1,1,1,80.0,40.0,120.0,513.223,1,Extreme
2013-01-24 17:30:00,393.178,17,1,1,1,1,80.0,40.0,120.0,513.178,1,Extreme
2013-01-11 18:00:00,393.103,18,1,1,1,1,80.0,40.0,120.0,513.1030000000001,1,Extreme
2013-01-02 20:00:00,393.01,20,1,1,1,1,80.0,40.0,120.0,513.01,1,Extreme
2013-01-05 18:30:00,392.521,18,1,1,1,1,80.0,40.0,120.0,512.521,1,Extreme
2013-02-26 20:30:00,392.486,20,2,1,1,1,80.0,40.0,120.0,512.486,1,Extreme
2013-12-19 19:30:00,392.415,19,12,1,1,1,80.0,40.0,120.0,512.415,1,Extreme
2013-12-23 18:30:00,392.386,18,12,1,1,1,80.0,40.0,120.0,512.386,1,Extreme
2013-02-13 20:00:00,392.368,20,2,1,1,1,80.0,40.0,120.0,512.3679999999999,1,Extreme
2013-02-02 19:00:00,392.28,19,2,1,1,1,80.0,40.0,120.0,512.28,1,Extreme
2014-01-29 18:30:00,392.103,18,1,1,1,1,80.0,40.0,120.0,512.1030000000001,1,Extreme
2013-01-15 21:00:00,392.091,21,1,1,1,1,80.0,40.0,120.0,512.091,1,Extreme
2013-01-16 17:30:00,392.031,17,1,1,1,1,80.0,40.0,120.0,512.031,1,Extreme
2013-01-03 19:00:00,391.905,19,1,1,1,1,80.0,40.0,120.0,511.905,1,Extreme
2013-02-07 18:00:00,391.5,18,2,1,1,1,80.0,40.0,120.0,511.5,1,Extreme
2014-01-12 19:30:00,391.412,19,1,1,1,1,80.0,40.0,120.0,511.412,1,Extreme
2014-01-27 19:30:00,391.406,19,1,1,1,1,80.0,40.0,120.0,511.406,1,Extreme
2014-01-27 19:00:00,391.254,19,1,1,1,1,80.0,40.0,120.0,511.254,1,Extreme
2013-01-12 20:00:00,391.211,20,1,1,1,1,80.0,40.0,120.0,511.211,1,Extreme
2013-01-28 21:00:00,391.188,21,1,1,1,1,80.0,40.0,120.0,511.188,1,Extreme
2013-12-11 19:00:00,391.149,19,12,1,1,1,80.0,40.0,120.0,511.149,1,Extreme
2013-01-27 19:00:00,391.101,19,1,1,1,1,80.0,40.0,120.0,511.101,1,Extreme
2014-02-02 18:30:00,391.067,18,2,1,1,1,80.0,40.0,120.0,511.067,1,Extreme
2013-02-28 19:30:00,390.956,19,2,1,1,1,80.0,40.0,120.0,510.956,1,Extreme
2013-01-26 18:00:00,390.686,18,1,1,1,1,80.0,40.0,120.0,510.686,1,Extreme
2013-01-29 19:30:00,390.421,19,1,1,1,1,80.0,40.0,120.0,510.421,1,Extreme
2013-02-02 18:30:00,390.308,18,2,1,1,1,80.0,40.0,120.0,510.308,1,Extreme
2013-01-09 19:00:00,390.27,19,1,1,1,1,80.0,40.0,120.0,510.27,1,Extreme
2013-01-03 19:30:00,390.105,19,1,1,1,1,80.0,40.0,120.0,510.105,1,Extreme
2014-01-31 19:00:00,389.996,19,1,1,1,1,80.0,40.0,120.0,509.996,1,Extreme
2013-01-01 19:30:00,389.962,19,1,1,1,1,80.0,40.0,120.0,509.962,1,Extreme
2013-02-05 21:30:00,389.713,21,2,1,1,1,80.0,40.0,120.0,509.713,1,Extreme
2014-01-27 18:30:00,389.695,18,1,1,1,1,80.0,40.0,120.0,509.695,1,Extreme
2013-02-28 19:00:00,389.594,19,2,1,1,1,80.0,40.0,120.0,509.594,1,Extreme
2014-01-28 19:30:00,389.548,19,1,1,1,1,80.0,40.0,120.0,509.548,1,Extreme
2013-02-14 19:00:00,389.529,19,2,1,1,1,80.0,40.0,120.0,509.529,1,Extreme
2013-01-10 20:00:00,388.889,20,1,1,1,1,80.0,40.0,120.0,508.889,1,Extreme
2013-01-17 21:30:00,388.856,21,1,1,1,1,80.0,40.0,120.0,508.856,1,Extreme
2013-01-23 17:30:00,388.829,17,1,1,1,1,80.0,40.0,120.0,508.829,1,Extreme
2013-02-13 18:00:00,388.827,18,2,1,1,1,80.0,40.0,120.0,508.827,1,Extreme
2014-02-10 19:00:00,388.736,19,2,1,1,1,80.0,40.0,120.0,508.736,1,Extreme
2014-02-10 19:30:00,388.625,19,2,1,1,1,80.0,40.0,120.0,508.625,1,Extreme
2013-01-03 18:30:00,388.485,18,1,1,1,1,80.0,40.0,120.0,508.485,1,Extreme
2013-01-22 17:30:00,388.382,17,1,1,1,1,80.0,40.0,120.0,508.382,1,Extreme
2014-02-02 19:00:00,388.322,19,2,1,1,1,80.0,40.0,120.0,508.322,1,Extreme
2014-02-03 19:00:00,388.236,19,2,1,1,1,80.0,40.0,120.0,508.236,1,Extreme
2013-02-10 20:30:00,387.702,20,2,1,1,1,80.0,40.0,120.0,507.702,1,Extreme
2014-02-02 19:30:00,387.543,19,2,1,1,1,80.0,40.0,120.0,507.543,1,Extreme
2013-01-09 19:30:00,387.475,19,1,1,1,1,80.0,40.0,120.0,507.475,1,Extreme
2013-02-22 20:00:00,387.377,20,2,1,1,1,80.0,40.0,120.0,507.377,1,Extreme
2014-02-12 18:30:00,387.329,18,2,1,1,1,80.0,40.0,120.0,507.329,1,Extreme
2013-02-25 18:00:00,387.28,18,2,1,1,1,80.0,40.0,120.0,507.28,1,Extreme
2013-02-01 19:30:00,387.266,19,2,1,1,1,80.0,40.0,120.0,507.266,1,Extreme
2013-12-31 19:00:00,387.229,19,12,1,1,1,80.0,40.0,120.0,507.229,1,Extreme
2014-02-14 19:30:00,387.125,19,2,1,1,1,80.0,40.0,120.0,507.125,1,Extreme
2013-01-20 20:30:00,387.121,20,1,1,1,1,80.0,40.0,120.0,507.121,1,Extreme
2013-12-23 19:00:00,387.11,19,12,1,1,1,80.0,40.0,120.0,507.11,1,Extreme
2014-01-31 19:30:00,386.952,19,1,1,1,1,80.0,40.0,120.0,506.952,1,Extreme
2013-02-02 18:00:00,386.915,18,2,1,1,1,80.0,40.0,120.0,506.915,1,Extreme
2013-02-15 18:30:00,386.869,18,2,1,1,1,80.0,40.0,120.0,506.869,1,Extreme
2014-02-11 19:00:00,386.615,19,2,1,1,1,80.0,40.0,120.0,506.615,1,Extreme
2013-01-22 21:30:00,386.386,21,1,1,1,1,80.0,40.0,120.0,506.386,1,Extreme
2013-12-17 19:00:00,386.374,19,12,1,1,1,80.0,40.0,120.0,506.374,1,Extreme
2013-12-19 18:30:00,386.363,18,12,1,1,1,80.0,40.0,120.0,506.363,1,Extreme
2013-02-08 19:00:00,386.245,19,2,1,1,1,80.0,40.0,120.0,506.245,1,Extreme
2014-01-12 18:00:00,386.152,18,1,1,1,1,80.0,40.0,120.0,506.152,1,Extreme
2013-02-24 21:00:00,385.954,21,2,1,1,1,80.0,40.0,120.0,505.954,1,Extreme
2013-02-09 17:30:00,385.925,17,2,1,1,1,80.0,40.0,120.0,505.925,1,Extreme
2013-02-11 19:30:00,385.879,19,2,1,1,1,80.0,40.0,120.0,505.879,1,Extreme
2013-02-12 18:00:00,385.833,18,2,1,1,1,80.0,40.0,120.0,505.833,1,Extreme
2014-01-05 20:00:00,385.765,20,1,1,1,1,80.0,40.0,120.0,505.765,1,Extreme
2014-02-12 19:30:00,385.749,19,2,1,1,1,80.0,40.0,120.0,505.749,1,Extreme
2013-01-08 18:30:00,385.009,18,1,1,1,1,80.0,40.0,120.0,505.009,1,Extreme
2013-03-26 19:30:00,424.886,19,3,0,1,0,80.0,0.0,80.0,504.886,1,Extreme
2013-12-11 19:30:00,384.545,19,12,1,1,1,80.0,40.0,120.0,504.545,1,Extreme
2014-01-18 18:30:00,384.305,18,1,1,1,1,80.0,40.0,120.0,504.305,1,Extreme
2013-02-18 19:30:00,384.277,19,2,1,1,1,80.0,40.0,120.0,504.277,1,Extreme
2013-02-08 18:30:00,384.229,18,2,1,1,1,80.0,40.0,120.0,504.229,1,Extreme
2013-01-14 17:30:00,384.001,17,1,1,1,1,80.0,40.0,120.0,504.001,1,Extreme
2013-01-26 20:00:00,383.905,20,1,1,1,1,80.0,40.0,120.0,503.905,1,Extreme
2014-01-28 19:00:00,383.887,19,1,1,1,1,80.0,40.0,120.0,503.887,1,Extreme
2013-03-12 20:00:00,423.68,20,3,0,1,0,80.0,0.0,80.0,503.68,1,Extreme
2013-01-07 18:30:00,383.614,18,1,1,1,1,80.0,40.0,120.0,503.614,1,Extreme
2013-01-04 18:30:00,383.493,18,1,1,1,1,80.0,40.0,120.0,503.493,1,Extreme
2014-02-13 19:30:00,383.417,19,2,1,1,1,80.0,40.0,120.0,503.417,1,Extreme
2013-01-04 17:00:00,383.343,17,1,1,1,1,80.0,40.0,120.0,503.343,1,Extreme
2013-12-01 20:00:00,383.34,20,12,1,1,1,80.0,40.0,120.0,503.34,1,Extreme
2013-02-02 19:30:00,383.194,19,2,1,1,1,80.0,40.0,120.0,503.194,1,Extreme
2013-03-11 20:30:00,422.902,20,3,0,1,0,80.0,0.0,80.0,502.902,1,Extreme
2014-02-14 19:00:00,382.803,19,2,1,1,1,80.0,40.0,120.0,502.803,1,Extreme
2014-02-16 19:00:00,382.773,19,2,1,1,1,80.0,40.0,120.0,502.773,1,Extreme
2013-01-01 19:00:00,382.633,19,1,1,1,1,80.0,40.0,120.0,502.633,1,Extreme
2013-12-24 19:00:00,382.58,19,12,1,1,1,80.0,40.0,120.0,502.58,1,Extreme
2014-01-30 19:00:00,382.54,19,1,1,1,1,80.0,40.0,120.0,502.54,1,Extreme
2014-02-09 19:00:00,382.508,19,2,1,1,1,80.0,40.0,120.0,502.508,1,Extreme
2013-02-15 19:30:00,382.503,19,2,1,1,1,80.0,40.0,120.0,502.503,1,Extreme
2013-12-05 19:00:00,382.48,19,12,1,1,1,80.0,40.0,120.0,502.48,1,Extreme
2013-01-23 21:00:00,382.413,21,1,1,1,1,80.0,40.0,120.0,502.413,1,Extreme
2013-01-16 21:30:00,382.338,21,1,1,1,1,80.0,40.0,120.0,502.338,1,Extreme
2013-01-07 19:30:00,382.299,19,1,1,1,1,80.0,40.0,120.0,502.299,1,Extreme
2013-02-18 19:00:00,382.093,19,2,1,1,1,80.0,40.0,120.0,502.093,1,Extreme
2014-01-03 19:00:00,382.086,19,1,1,1,1,80.0,40.0,120.0,502.086,1,Extreme
2013-02-01 19:00:00,382.072,19,2,1,1,1,80.0,40.0,120.0,502.072,1,Extreme
2013-01-05 19:00:00,382.064,19,1,1,1,1,80.0,40.0,120.0,502.064,1,Extreme
2014-02-09 18:00:00,381.972,18,2,1,1,1,80.0,40.0,120.0,501.972,1,Extreme
2013-01-27 18:00:00,381.967,18,1,1,1,1,80.0,40.0,120.0,501.967,1,Extreme
2013-12-31 19:30:00,381.966,19,12,1,1,1,80.0,40.0,120.0,501.966,1,Extreme
2013-12-24 19:30:00,381.812,19,12,1,1,1,80.0,40.0,120.0,501.812,1,Extreme
2013-02-06 18:00:00,381.494,18,2,1,1,1,80.0,40.0,120.0,501.494,1,Extreme
2013-01-28 17:30:00,381.433,17,1,1,1,1,80.0,40.0,120.0,501.433,1,Extreme
2013-01-04 19:00:00,381.407,19,1,1,1,1,80.0,40.0,120.0,501.407,1,Extreme
2014-02-04 19:00:00,381.402,19,2,1,1,1,80.0,40.0,120.0,501.402,1,Extreme
2013-02-09 20:30:00,381.294,20,2,1,1,1,80.0,40.0,120.0,501.294,1,Extreme
2013-12-08 18:30:00,381.287,18,12,1,1,1,80.0,40.0,120.0,501.287,1,Extreme
2013-03-11 18:30:00,421.159,18,3,0,1,0,80.0,0.0,80.0,501.159,1,Extreme
2013-01-08 19:30:00,381.156,19,1,1,1,1,80.0,40.0,120.0,501.156,1,Extreme
2013-02-07 17:30:00,381.034,17,2,1,1,1,80.0,40.0,120.0,501.034,1,Extreme
2013-01-29 18:30:00,381.021,18,1,1,1,1,80.0,40.0,120.0,501.021,1,Extreme
2013-03-12 19:30:00,420.979,19,3,0,1,0,80.0,0.0,80.0,500.979,1,Extreme
2013-01-25 21:00:00,380.849,21,1,1,1,1,80.0,40.0,120.0,500.849,1,Extreme
2013-01-09 18:30:00,380.834,18,1,1,1,1,80.0,40.0,120.0,500.834,1,Extreme
2013-02-14 19:30:00,380.639,19,2,1,1,1,80.0,40.0,120.0,500.639,1,Extreme
2014-02-14 18:30:00,380.585,18,2,1,1,1,80.0,40.0,120.0,500.585,1,Extreme
2013-02-11 21:30:00,380.563,21,2,1,1,1,80.0,40.0,120.0,500.563,1,Extreme
2013-12-17 19:30:00,380.559,19,12,1,1,1,80.0,40.0,120.0,500.559,1,Extreme
2013-01-01 18:00:00,380.276,18,1,1,1,1,80.0,40.0,120.0,500.276,1,Extreme
2013-02-28 18:30:00,380.275,18,2,1,1,1,80.0,40.0,120.0,500.275,1,Extreme
2013-12-17 18:30:00,380.203,18,12,1,1,1,80.0,40.0,120.0,500.203,1,Extreme
2014-01-25 19:00:00,380.191,19,1,1,1,1,80.0,40.0,120.0,500.191,1,Extreme
2013-01-25 17:30:00,380.009,17,1,1,1,1,80.0,40.0,120.0,500.009,1,Extreme
2014-01-08 19:00:00,379.872,19,1,1,1,1,80.0,40.0,120.0,499.872,1,Extreme
2013-01-21 21:30:00,379.827,21,1,1,1,1,80.0,40.0,120.0,499.827,1,Extreme
2014-02-05 18:30:00,379.751,18,2,1,1,1,80.0,40.0,120.0,499.751,1,Extreme
2013-01-09 20:00:00,379.747,20,1,1,1,1,80.0,40.0,120.0,499.747,1,Extreme
2013-01-10 17:30:00,379.699,17,1,1,1,1,80.0,40.0,120.0,499.699,1,Extreme
2013-02-11 19:00:00,379.675,19,2,1,1,1,80.0,40.0,120.0,499.675,1,Extreme
2014-02-04 19:30:00,379.647,19,2,1,1,1,80.0,40.0,120.0,499.647,1,Extreme
2013-02-28 20:00:00,379.643,20,2,1,1,1,80.0,40.0,120.0,499.643,1,Extreme
2013-03-12 19:00:00,419.569,19,3,0,1,0,80.0,0.0,80.0,499.569,1,Extreme
2013-12-30 19:30:00,379.508,19,12,1,1,1,80.0,40.0,120.0,499.508,1,Extreme
2013-02-11 18:30:00,379.461,18,2,1,1,1,80.0,40.0,120.0,499.461,1,Extreme
2013-12-23 18:00:00,379.167,18,12,1,1,1,80.0,40.0,120.0,499.167,1,Extreme
2014-02-03 18:30:00,379.093,18,2,1,1,1,80.0,40.0,120.0,499.093,1,Extreme
2014-01-12 17:30:00,379.016,17,1,1,1,1,80.0,40.0,120.0,499.016,1,Extreme
2013-02-12 21:30:00,378.999,21,2,1,1,1,80.0,40.0,120.0,498.999,1,Extreme
2013-02-22 18:30:00,378.952,18,2,1,1,1,80.0,40.0,120.0,498.952,1,Extreme
2013-12-31 18:30:00,378.9,18,12,1,1,1,80.0,40.0,120.0,498.9,1,Extreme
2013-01-27 20:30:00,378.794,20,1,1,1,1,80.0,40.0,120.0,498.794,1,Extreme
2013-12-23 19:30:00,378.78,19,12,1,1,1,80.0,40.0,120.0,498.78,1,Extreme
2014-01-10 18:30:00,378.772,18,1,1,1,1,80.0,40.0,120.0,498.772,1,Extreme
2013-12-10 19:00:00,378.64,19,12,1,1,1,80.0,40.0,120.0,498.64,1,Extreme
2013-12-08 19:00:00,378.633,19,12,1,1,1,80.0,40.0,120.0,498.633,1,Extreme
2013-03-12 20:30:00,418.575,20,3,0,1,0,80.0,0.0,80.0,498.575,1,Extreme
2014-02-11 19:30:00,378.426,19,2,1,1,1,80.0,40.0,120.0,498.426,1,Extreme
2014-01-07 19:30:00,378.424,19,1,1,1,1,80.0,40.0,120.0,498.424,1,Extreme
2013-02-17 20:00:00,378.129,20,2,1,1,1,80.0,40.0,120.0,498.129,1,Extreme
2013-12-05 19:30:00,378.081,19,12,1,1,1,80.0,40.0,120.0,498.081,1,Extreme
2014-01-14 19:30:00,378.042,19,1,1,1,1,80.0,40.0,120.0,498.042,1,Extreme
2013-01-25 21:30:00,378.022,21,1,1,1,1,80.0,40.0,120.0,498.022,1,Extreme
2014-01-30 18:30:00,377.968,18,1,1,1,1,80.0,40.0,120.0,497.968,1,Extreme
2014-02-03 19:30:00,377.952,19,2,1,1,1,80.0,40.0,120.0,497.952,1,Extreme
2014-01-29 19:30:00,377.944,19,1,1,1,1,80.0,40.0,120.0,497.944,1,Extreme
2014-01-25 18:30:00,377.852,18,1,1,1,1,80.0,40.0,120.0,497.852,1,Extreme
2014-01-02 19:30:00,377.62,19,1,1,1,1,80.0,40.0,120.0,497.62,1,Extreme
2014-02-17 19:00:00,377.591,19,2,1,1,1,80.0,40.0,120.0,497.591,1,Extreme
2013-02-16 19:00:00,377.561,19,2,1,1,1,80.0,40.0,120.0,497.561,1,Extreme
2013-01-19 20:00:00,377.547,20,1,1,1,1,80.0,40.0,120.0,497.547,1,Extreme
2013-02-26 18:00:00,377.373,18,2,1,1,1,80.0,40.0,120.0,497.373,1,Extreme
2013-01-24 21:00:00,377.066,21,1,1,1,1,80.0,40.0,120.0,497.066,1,Extreme
2014-01-22 19:00:00,376.829,19,1,1,1,1,80.0,40.0,120.0,496.829,1,Extreme
2013-11-21 19:00:00,416.762,19,11,0,1,0,80.0,0.0,80.0,496.762,1,Extreme
2013-02-13 20:30:00,376.718,20,2,1,1,1,80.0,40.0,120.0,496.718,1,Extreme
2014-02-12 20:00:00,376.7,20,2,1,1,1,80.0,40.0,120.0,496.7,1,Extreme
2013-01-28 21:30:00,376.693,21,1,1,1,1,80.0,40.0,120.0,496.693,1,Extreme
2013-01-26 17:30:00,376.652,17,1,1,1,1,80.0,40.0,120.0,496.652,1,Extreme
2013-01-10 20:30:00,376.628,20,1,1,1,1,80.0,40.0,120.0,496.628,1,Extreme
2013-01-08 19:00:00,376.536,19,1,1,1,1,80.0,40.0,120.0,496.536,1,Extreme
2013-02-11 20:00:00,376.412,20,2,1,1,1,80.0,40.0,120.0,496.412,1,Extreme
2014-02-10 18:30:00,376.384,18,2,1,1,1,80.0,40.0,120.0,496.384,1,Extreme
2014-01-09 19:00:00,376.292,19,1,1,1,1,80.0,40.0,120.0,496.292,1,Extreme
2013-01-28 20:30:00,376.269,20,1,1,1,1,80.0,40.0,120.0,496.269,1,Extreme
2013-01-11 20:00:00,376.152,20,1,1,1,1,80.0,40.0,120.0,496.152,1,Extreme
2014-01-26 18:00:00,376.012,18,1,1,1,1,80.0,40.0,120.0,496.012,1,Extreme
2013-02-18 18:30:00,375.979,18,2,1,1,1,80.0,40.0,120.0,495.979,1,Extreme
2013-01-15 21:30:00,375.929,21,1,1,1,1,80.0,40.0,120.0,495.929,1,Extreme
2014-01-02 19:00:00,375.891,19,1,1,1,1,80.0,40.0,120.0,495.891,1,Extreme
2014-01-15 18:30:00,375.859,18,1,1,1,1,80.0,40.0,120.0,495.859,1,Extreme
2013-01-04 19:30:00,375.805,19,1,1,1,1,80.0,40.0,120.0,495.805,1,Extreme
2014-01-20 19:30:00,375.757,19,1,1,1,1,80.0,40.0,120.0,495.757,1,Extreme
2014-01-08 18:30:00,375.71,18,1,1,1,1,80.0,40.0,120.0,495.71,1,Extreme
2014-01-03 18:30:00,375.654,18,1,1,1,1,80.0,40.0,120.0,495.654,1,Extreme
2013-02-26 21:00:00,375.569,21,2,1,1,1,80.0,40.0,120.0,495.569,1,Extreme
2013-12-18 19:30:00,375.485,19,12,1,1,1,80.0,40.0,120.0,495.485,1,Extreme
2013-02-23 20:30:00,375.472,20,2,1,1,1,80.0,40.0,120.0,495.472,1,Extreme
2013-01-30 19:00:00,375.461,19,1,1,1,1,80.0,40.0,120.0,495.461,1,Extreme
2013-12-20 18:30:00,375.437,18,12,1,1,1,80.0,40.0,120.0,495.437,1,Extreme
2013-12-09 19:30:00,375.26,19,12,1,1,1,80.0,40.0,120.0,495.26,1,Extreme
2014-02-07 19:00:00,375.209,19,2,1,1,1,80.0,40.0,120.0,495.209,1,Extreme
2013-12-11 20:00:00,375.15,20,12,1,1,1,80.0,40.0,120.0,495.15,1,Extreme
2014-02-10 20:00:00,375.041,20,2,1,1,1,80.0,40.0,120.0,495.041,1,Extreme
2014-02-13 19:00:00,374.861,19,2,1,1,1,80.0,40.0,120.0,494.861,1,Extreme
2013-02-24 17:30:00,374.84,17,2,1,1,1,80.0,40.0,120.0,494.84,1,Extreme
2014-02-11 18:30:00,374.802,18,2,1,1,1,80.0,40.0,120.0,494.802,1,Extreme
2013-03-25 19:00:00,414.791,19,3,0,1,0,80.0,0.0,80.0,494.791,1,Extreme
2013-02-01 18:30:00,374.767,18,2,1,1,1,80.0,40.0,120.0,494.767,1,Extreme
2013-03-24 20:00:00,414.719,20,3,0,1,0,80.0,0.0,80.0,494.719,1,Extreme
2014-01-05 17:00:00,374.576,17,1,1,1,1,80.0,40.0,120.0,494.576,1,Extreme
2013-12-11 18:30:00,374.553,18,12,1,1,1,80.0,40.0,120.0,494.553,1,Extreme
2014-01-09 18:30:00,374.539,18,1,1,1,1,80.0,40.0,120.0,494.539,1,Extreme
2014-01-21 18:30:00,374.466,18,1,1,1,1,80.0,40.0,120.0,494.466,1,Extreme
2013-12-03 19:00:00,374.461,19,12,1,1,1,80.0,40.0,120.0,494.461,1,Extreme
2013-12-19 20:00:00,374.422,20,12,1,1,1,80.0,40.0,120.0,494.422,1,Extreme
2013-02-16 18:30:00,374.408,18,2,1,1,1,80.0,40.0,120.0,494.408,1,Extreme
2014-01-18 18:00:00,374.395,18,1,1,1,1,80.0,40.0,120.0,494.395,1,Extreme
2013-12-09 18:30:00,374.382,18,12,1,1,1,80.0,40.0,120.0,494.382,1,Extreme
2013-01-30 18:30:00,374.375,18,1,1,1,1,80.0,40.0,120.0,494.375,1,Extreme
2014-01-06 19:00:00,374.335,19,1,1,1,1,80.0,40.0,120.0,494.335,1,Extreme
2013-02-25 21:00:00,374.324,21,2,1,1,1,80.0,40.0,120.0,494.324,1,Extreme
2013-02-06 20:30:00,374.319,20,2,1,1,1,80.0,40.0,120.0,494.319,1,Extreme
2013-01-03 18:00:00,374.315,18,1,1,1,1,80.0,40.0,120.0,494.315,1,Extreme
2014-01-09 19:30:00,374.313,19,1,1,1,1,80.0,40.0,120.0,494.313,1,Extreme
2013-01-07 20:00:00,374.209,20,1,1,1,1,80.0,40.0,120.0,494.209,1,Extreme
2013-01-15 17:30:00,374.197,17,1,1,1,1,80.0,40.0,120.0,494.197,1,Extreme
2013-01-18 21:00:00,374.142,21,1,1,1,1,80.0,40.0,120.0,494.142,1,Extreme
2013-03-03 19:30:00,414.117,19,3,0,1,0,80.0,0.0,80.0,494.117,1,Extreme
2014-01-10 19:30:00,374.021,19,1,1,1,1,80.0,40.0,120.0,494.021,1,Extreme
2013-03-23 19:30:00,414.017,19,3,0,1,0,80.0,0.0,80.0,494.017,1,Extreme
2013-12-24 18:30:00,373.807,18,12,1,1,1,80.0,40.0,120.0,493.807,1,Extreme
2014-01-25 19:30:00,373.791,19,1,1,1,1,80.0,40.0,120.0,493.791,1,Extreme
2013-01-13 21:30:00,373.775,21,1,1,1,1,80.0,40.0,120.0,493.775,1,Extreme
2013-02-10 21:00:00,373.628,21,2,1,1,1,80.0,40.0,120.0,493.628,1,Extreme
2013-02-14 20:00:00,373.454,20,2,1,1,1,80.0,40.0,120.0,493.454,1,Extreme
2014-02-05 19:00:00,373.451,19,2,1,1,1,80.0,40.0,120.0,493.451,1,Extreme
2013-12-09 19:00:00,373.319,19,12,1,1,1,80.0,40.0,120.0,493.319,1,Extreme
2013-12-18 18:30:00,373.218,18,12,1,1,1,80.0,40.0,120.0,493.218,1,Extreme
2013-02-18 20:00:00,373.212,20,2,1,1,1,80.0,40.0,120.0,493.212,1,Extreme
2014-01-05 20:30:00,373.167,20,1,1,1,1,80.0,40.0,120.0,493.167,1,Extreme
2013-12-08 18:00:00,373.161,18,12,1,1,1,80.0,40.0,120.0,493.161,1,Extreme
2013-01-31 19:30:00,373.154,19,1,1,1,1,80.0,40.0,120.0,493.154,1,Extreme
2014-02-01 19:30:00,373.146,19,2,1,1,1,80.0,40.0,120.0,493.146,1,Extreme
2014-01-10 19:00:00,373.111,19,1,1,1,1,80.0,40.0,120.0,493.111,1,Extreme
2013-12-29 19:00:00,373.083,19,12,1,1,1,80.0,40.0,120.0,493.083,1,Extreme
2014-02-09 19:30:00,373.03,19,2,1,1,1,80.0,40.0,120.0,493.03,1,Extreme
2014-01-07 19:00:00,373.021,19,1,1,1,1,80.0,40.0,120.0,493.021,1,Extreme
2013-02-19 19:00:00,372.979,19,2,1,1,1,80.0,40.0,120.0,492.979,1,Extreme
2013-02-03 20:30:00,372.968,20,2,1,1,1,80.0,40.0,120.0,492.968,1,Extreme
2013-01-02 18:00:00,372.853,18,1,1,1,1,80.0,40.0,120.0,492.853,1,Extreme
2013-12-04 18:30:00,372.754,18,12,1,1,1,80.0,40.0,120.0,492.754,1,Extreme
2013-03-11 21:00:00,412.735,21,3,0,1,0,80.0,0.0,80.0,492.735,1,Extreme
2013-02-08 20:00:00,372.678,20,2,1,1,1,80.0,40.0,120.0,492.678,1,Extreme
2014-01-21 19:30:00,372.662,19,1,1,1,1,80.0,40.0,120.0,492.662,1,Extreme
2013-12-18 19:00:00,372.603,19,12,1,1,1,80.0,40.0,120.0,492.603,1,Extreme
2014-01-04 18:00:00,372.526,18,1,1,1,1,80.0,40.0,120.0,492.526,1,Extreme
2013-12-04 19:00:00,372.3,19,12,1,1,1,80.0,40.0,120.0,492.3,1,Extreme
2014-01-12 20:00:00,372.243,20,1,1,1,1,80.0,40.0,120.0,492.243,1,Extreme
2013-01-22 17:00:00,372.124,17,1,1,1,1,80.0,40.0,120.0,492.124,1,Extreme
2014-02-09 20:00:00,372.104,20,2,1,1,1,80.0,40.0,120.0,492.104,1,Extreme
2013-12-05 18:30:00,372.043,18,12,1,1,1,80.0,40.0,120.0,492.043,1,Extreme
2013-12-10 19:30:00,371.985,19,12,1,1,1,80.0,40.0,120.0,491.985,1,Extreme
2014-02-02 20:00:00,371.931,20,2,1,1,1,80.0,40.0,120.0,491.931,1,Extreme
2013-02-21 19:00:00,371.925,19,2,1,1,1,80.0,40.0,120.0,491.925,1,Extreme
2014-02-16 19:30:00,371.71,19,2,1,1,1,80.0,40.0,120.0,491.71,1,Extreme
2014-01-02 18:30:00,371.664,18,1,1,1,1,80.0,40.0,120.0,491.664,1,Extreme
2013-02-04 20:00:00,371.539,20,2,1,1,1,80.0,40.0,120.0,491.539,1,Extreme
2013-01-01 20:00:00,371.533,20,1,1,1,1,80.0,40.0,120.0,491.533,1,Extreme
2013-01-20 21:00:00,371.451,21,1,1,1,1,80.0,40.0,120.0,491.451,1,Extreme
2013-02-17 18:30:00,371.412,18,2,1,1,1,80.0,40.0,120.0,491.412,1,Extreme
2014-02-04 18:30:00,371.237,18,2,1,1,1,80.0,40.0,120.0,491.237,1,Extreme
2013-12-24 18:00:00,371.201,18,12,1,1,1,80.0,40.0,120.0,491.201,1,Extreme
2014-02-05 19:30:00,371.163,19,2,1,1,1,80.0,40.0,120.0,491.163,1,Extreme
2013-02-03 17:00:00,371.138,17,2,1,1,1,80.0,40.0,120.0,491.138,1,Extreme
2014-01-11 18:30:00,371.126,18,1,1,1,1,80.0,40.0,120.0,491.126,1,Extreme
2014-02-16 18:30:00,371.115,18,2,1,1,1,80.0,40.0,120.0,491.115,1,Extreme
2014-01-06 18:30:00,371.091,18,1,1,1,1,80.0,40.0,120.0,491.091,1,Extreme
2013-12-31 18:00:00,370.893,18,12,1,1,1,80.0,40.0,120.0,490.893,1,Extreme
2014-01-29 18:00:00,370.881,18,1,1,1,1,80.0,40.0,120.0,490.881,1,Extreme
2013-01-04 18:00:00,370.837,18,1,1,1,1,80.0,40.0,120.0,490.837,1,Extreme
2014-01-27 20:00:00,370.796,20,1,1,1,1,80.0,40.0,120.0,490.796,1,Extreme
2014-01-06 19:30:00,370.674,19,1,1,1,1,80.0,40.0,120.0,490.674,1,Extreme
2013-01-14 21:30:00,370.568,21,1,1,1,1,80.0,40.0,120.0,490.568,1,Extreme
2014-01-22 18:30:00,370.424,18,1,1,1,1,80.0,40.0,120.0,490.424,1,Extreme
2014-01-13 19:00:00,370.291,19,1,1,1,1,80.0,40.0,120.0,490.291,1,Extreme
2013-02-10 17:00:00,370.212,17,2,1,1,1,80.0,40.0,120.0,490.212,1,Extreme
2014-01-14 19:00:00,370.168,19,1,1,1,1,80.0,40.0,120.0,490.168,1,Extreme
2014-01-15 19:00:00,370.167,19,1,1,1,1,80.0,40.0,120.0,490.167,1,Extreme
2013-12-29 19:30:00,370.13,19,12,1,1,1,80.0,40.0,120.0,490.13,1,Extreme
2013-03-25 20:00:00,410.129,20,3,0,1,0,80.0,0.0,80.0,490.129,1,Extreme
2014-01-26 20:00:00,370.025,20,1,1,1,1,80.0,40.0,120.0,490.025,1,Extreme
2014-02-03 20:00:00,370.014,20,2,1,1,1,80.0,40.0,120.0,490.014,1,Extreme
2013-01-10 21:00:00,369.946,21,1,1,1,1,80.0,40.0,120.0,489.946,1,Extreme
2013-01-31 19:00:00,369.928,19,1,1,1,1,80.0,40.0,120.0,489.928,1,Extreme
2014-01-30 19:30:00,369.912,19,1,1,1,1,80.0,40.0,120.0,489.912,1,Extreme
2013-01-31 18:30:00,369.802,18,1,1,1,1,80.0,40.0,120.0,489.802,1,Extreme
2014-01-25 18:00:00,369.794,18,1,1,1,1,80.0,40.0,120.0,489.794,1,Extreme
2014-01-21 19:00:00,369.772,19,1,1,1,1,80.0,40.0,120.0,489.772,1,Extreme
2014-01-20 18:30:00,369.634,18,1,1,1,1,80.0,40.0,120.0,489.634,1,Extreme
2014-02-15 19:30:00,369.621,19,2,1,1,1,80.0,40.0,120.0,489.621,1,Extreme
2013-01-04 17:30:00,369.507,17,1,1,1,1,80.0,40.0,120.0,489.507,1,Extreme
2013-01-02 20:30:00,369.326,20,1,1,1,1,80.0,40.0,120.0,489.326,1,Extreme
2013-01-07 20:30:00,369.218,20,1,1,1,1,80.0,40.0,120.0,489.218,1,Extreme
2013-01-12 20:30:00,369.059,20,1,1,1,1,80.0,40.0,120.0,489.059,1,Extreme
2013-02-24 21:30:00,368.998,21,2,1,1,1,80.0,40.0,120.0,488.998,1,Extreme
2014-02-05 20:00:00,368.969,20,2,1,1,1,80.0,40.0,120.0,488.969,1,Extreme
2013-03-13 19:00:00,408.79,19,3,0,1,0,80.0,0.0,80.0,488.79,1,Extreme
2013-01-30 19:30:00,368.746,19,1,1,1,1,80.0,40.0,120.0,488.746,1,Extreme
2013-12-12 18:30:00,368.719,18,12,1,1,1,80.0,40.0,120.0,488.719,1,Extreme
2013-01-03 20:00:00,368.694,20,1,1,1,1,80.0,40.0,120.0,488.694,1,Extreme
2013-12-20 19:00:00,368.692,19,12,1,1,1,80.0,40.0,120.0,488.692,1,Extreme
2013-02-07 21:30:00,368.661,21,2,1,1,1,80.0,40.0,120.0,488.661,1,Extreme
2013-01-24 21:30:00,368.659,21,1,1,1,1,80.0,40.0,120.0,488.659,1,Extreme
2014-01-31 18:30:00,368.638,18,1,1,1,1,80.0,40.0,120.0,488.638,1,Extreme
2013-02-22 20:30:00,368.599,20,2,1,1,1,80.0,40.0,120.0,488.599,1,Extreme
2013-03-13 19:30:00,408.487,19,3,0,1,0,80.0,0.0,80.0,488.487,1,Extreme
2013-02-23 17:30:00,368.453,17,2,1,1,1,80.0,40.0,120.0,488.453,1,Extreme
2013-12-30 18:30:00,368.451,18,12,1,1,1,80.0,40.0,120.0,488.451,1,Extreme
2013-02-19 19:30:00,368.324,19,2,1,1,1,80.0,40.0,120.0,488.324,1,Extreme
2014-02-23 18:30:00,368.223,18,2,1,1,1,80.0,40.0,120.0,488.223,1,Extreme
2013-12-10 18:30:00,368.069,18,12,1,1,1,80.0,40.0,120.0,488.069,1,Extreme
2014-02-18 19:00:00,368.068,19,2,1,1,1,80.0,40.0,120.0,488.068,1,Extreme
2014-01-24 19:00:00,367.962,19,1,1,1,1,80.0,40.0,120.0,487.962,1,Extreme
2014-01-20 19:00:00,367.958,19,1,1,1,1,80.0,40.0,120.0,487.958,1,Extreme
2014-01-13 18:30:00,367.938,18,1,1,1,1,80.0,40.0,120.0,487.938,1,Extreme
2013-02-06 21:00:00,367.888,21,2,1,1,1,80.0,40.0,120.0,487.888,1,Extreme
2013-12-06 19:00:00,367.857,19,12,1,1,1,80.0,40.0,120.0,487.857,1,Extreme
2013-12-29 18:30:00,367.753,18,12,1,1,1,80.0,40.0,120.0,487.753,1,Extreme
2013-02-01 20:00:00,367.738,20,2,1,1,1,80.0,40.0,120.0,487.738,1,Extreme
2013-02-08 18:00:00,367.696,18,2,1,1,1,80.0,40.0,120.0,487.696,1,Extreme
2013-12-24 17:30:00,367.646,17,12,1,1,1,80.0,40.0,120.0,487.646,1,Extreme
2014-02-05 18:00:00,367.561,18,2,1,1,1,80.0,40.0,120.0,487.561,1,Extreme
2013-12-22 19:30:00,367.532,19,12,1,1,1,80.0,40.0,120.0,487.532,1,Extreme
2014-01-23 19:00:00,367.4,19,1,1,1,1,80.0,40.0,120.0,487.4,1,Extreme
2013-02-14 18:30:00,367.364,18,2,1,1,1,80.0,40.0,120.0,487.364,1,Extreme
2013-12-06 19:30:00,367.252,19,12,1,1,1,80.0,40.0,120.0,487.252,1,Extreme
2013-01-08 20:00:00,367.191,20,1,1,1,1,80.0,40.0,120.0,487.191,1,Extreme
2013-02-14 20:30:00,367.155,20,2,1,1,1,80.0,40.0,120.0,487.155,1,Extreme
2014-02-06 19:00:00,367.08,19,2,1,1,1,80.0,40.0,120.0,487.08,1,Extreme
2014-02-04 20:00:00,367.062,20,2,1,1,1,80.0,40.0,120.0,487.062,1,Extreme
2013-01-27 17:30:00,367.048,17,1,1,1,1,80.0,40.0,120.0,487.048,1,Extreme
2014-01-04 17:30:00,367.038,17,1,1,1,1,80.0,40.0,120.0,487.038,1,Extreme
2014-02-17 19:30:00,366.985,19,2,1,1,1,80.0,40.0,120.0,486.985,1,Extreme
2014-01-28 20:00:00,366.862,20,1,1,1,1,80.0,40.0,120.0,486.862,1,Extreme
2013-01-24 17:00:00,366.847,17,1,1,1,1,80.0,40.0,120.0,486.847,1,Extreme
2013-02-16 19:30:00,366.846,19,2,1,1,1,80.0,40.0,120.0,486.846,1,Extreme
2014-01-16 19:00:00,366.8,19,1,1,1,1,80.0,40.0,120.0,486.8,1,Extreme
2013-12-16 19:00:00,366.781,19,12,1,1,1,80.0,40.0,120.0,486.781,1,Extreme
2013-02-25 17:30:00,366.76,17,2,1,1,1,80.0,40.0,120.0,486.76,1,Extreme
2014-02-07 18:30:00,366.727,18,2,1,1,1,80.0,40.0,120.0,486.727,1,Extreme
2014-01-07 18:30:00,366.693,18,1,1,1,1,80.0,40.0,120.0,486.693,1,Extreme
2013-12-08 19:30:00,366.642,19,12,1,1,1,80.0,40.0,120.0,486.642,1,Extreme
2013-02-15 20:00:00,366.551,20,2,1,1,1,80.0,40.0,120.0,486.551,1,Extreme
2013-01-06 17:00:00,366.526,17,1,1,1,1,80.0,40.0,120.0,486.526,1,Extreme
2013-12-21 18:30:00,366.514,18,12,1,1,1,80.0,40.0,120.0,486.514,1,Extreme
2014-01-11 19:30:00,366.435,19,1,1,1,1,80.0,40.0,120.0,486.435,1,Extreme
2013-12-13 18:30:00,366.393,18,12,1,1,1,80.0,40.0,120.0,486.393,1,Extreme
2013-03-10 19:00:00,406.327,19,3,0,1,0,80.0,0.0,80.0,486.327,1,Extreme
2014-02-13 20:00:00,366.316,20,2,1,1,1,80.0,40.0,120.0,486.316,1,Extreme
2014-01-04 19:00:00,366.289,19,1,1,1,1,80.0,40.0,120.0,486.289,1,Extreme
2014-01-24 19:30:00,366.236,19,1,1,1,1,80.0,40.0,120.0,486.236,1,Extreme
2014-01-08 19:30:00,366.189,19,1,1,1,1,80.0,40.0,120.0,486.189,1,Extreme
2014-02-13 18:30:00,366.181,18,2,1,1,1,80.0,40.0,120.0,486.181,1,Extreme
2013-12-03 18:30:00,366.07,18,12,1,1,1,80.0,40.0,120.0,486.07,1,Extreme
2013-01-05 19:30:00,366.035,19,1,1,1,1,80.0,40.0,120.0,486.035,1,Extreme
2013-01-23 21:30:00,366.018,21,1,1,1,1,80.0,40.0,120.0,486.018,1,Extreme
2013-02-06 21:30:00,365.969,21,2,1,1,1,80.0,40.0,120.0,485.969,1,Extreme
2013-03-24 20:30:00,405.917,20,3,0,1,0,80.0,0.0,80.0,485.917,1,Extreme
2014-01-04 18:30:00,365.849,18,1,1,1,1,80.0,40.0,120.0,485.849,1,Extreme
2014-02-11 20:00:00,365.792,20,2,1,1,1,80.0,40.0,120.0,485.792,1,Extreme
2013-02-15 20:30:00,365.737,20,2,1,1,1,80.0,40.0,120.0,485.737,1,Extreme
2013-12-06 18:30:00,365.72,18,12,1,1,1,80.0,40.0,120.0,485.72,1,Extreme
2014-01-04 19:30:00,365.72,19,1,1,1,1,80.0,40.0,120.0,485.72,1,Extreme
2014-01-18 19:00:00,365.595,19,1,1,1,1,80.0,40.0,120.0,485.595,1,Extreme
2014-01-01 18:30:00,365.569,18,1,1,1,1,80.0,40.0,120.0,485.569,1,Extreme
2013-12-29 18:00:00,365.555,18,12,1,1,1,80.0,40.0,120.0,485.555,1,Extreme
2014-02-08 18:30:00,365.462,18,2,1,1,1,80.0,40.0,120.0,485.462,1,Extreme
2013-02-21 19:30:00,365.451,19,2,1,1,1,80.0,40.0,120.0,485.451,1,Extreme
2013-01-06 20:00:00,365.428,20,1,1,1,1,80.0,40.0,120.0,485.428,1,Extreme
2014-01-01 17:30:00,365.418,17,1,1,1,1,80.0,40.0,120.0,485.418,1,Extreme
2013-02-04 20:30:00,365.407,20,2,1,1,1,80.0,40.0,120.0,485.407,1,Extreme
2014-02-18 18:30:00,365.374,18,2,1,1,1,80.0,40.0,120.0,485.374,1,Extreme
2013-01-01 17:30:00,365.262,17,1,1,1,1,80.0,40.0,120.0,485.262,1,Extreme
2013-02-11 18:00:00,365.241,18,2,1,1,1,80.0,40.0,120.0,485.241,1,Extreme
2013-03-24 18:30:00,405.177,18,3,0,1,0,80.0,0.0,80.0,485.177,1,Extreme
2014-01-03 19:30:00,365.166,19,1,1,1,1,80.0,40.0,120.0,485.166,1,Extreme
2014-02-08 19:00:00,365.079,19,2,1,1,1,80.0,40.0,120.0,485.079,1,Extreme
2013-12-02 19:00:00,365.059,19,12,1,1,1,80.0,40.0,120.0,485.059,1,Extreme
2013-03-14 19:30:00,404.886,19,3,0,1,0,80.0,0.0,80.0,484.886,1,Extreme
2013-02-12 17:30:00,364.762,17,2,1,1,1,80.0,40.0,120.0,484.762,1,Extreme
2013-12-17 20:00:00,364.721,20,12,1,1,1,80.0,40.0,120.0,484.721,1,Extreme
2013-03-26 19:00:00,404.717,19,3,0,1,0,80.0,0.0,80.0,484.717,1,Extreme
2014-01-20 20:00:00,364.67,20,1,1,1,1,80.0,40.0,120.0,484.67,1,Extreme
2013-12-19 18:00:00,364.655,18,12,1,1,1,80.0,40.0,120.0,484.655,1,Extreme
2013-11-21 18:30:00,404.567,18,11,0,1,0,80.0,0.0,80.0,484.567,1,Extreme
2014-01-09 18:00:00,364.554,18,1,1,1,1,80.0,40.0,120.0,484.554,1,Extreme
2013-01-20 21:30:00,364.547,21,1,1,1,1,80.0,40.0,120.0,484.547,1,Extreme
2014-02-08 19:30:00,364.523,19,2,1,1,1,80.0,40.0,120.0,484.523,1,Extreme
2014-02-24 19:30:00,364.509,19,2,1,1,1,80.0,40.0,120.0,484.509,1,Extreme
2014-01-02 20:00:00,364.492,20,1,1,1,1,80.0,40.0,120.0,484.492,1,Extreme
2014-01-14 20:00:00,364.458,20,1,1,1,1,80.0,40.0,120.0,484.458,1,Extreme
2013-12-19 20:30:00,364.405,20,12,1,1,1,80.0,40.0,120.0,484.405,1,Extreme
2013-02-18 20:30:00,364.148,20,2,1,1,1,80.0,40.0,120.0,484.148,1,Extreme
2013-02-02 20:00:00,364.07,20,2,1,1,1,80.0,40.0,120.0,484.07,1,Extreme
2013-12-13 19:00:00,363.997,19,12,1,1,1,80.0,40.0,120.0,483.997,1,Extreme
2013-02-25 21:30:00,363.859,21,2,1,1,1,80.0,40.0,120.0,483.859,1,Extreme
2014-02-01 18:30:00,363.491,18,2,1,1,1,80.0,40.0,120.0,483.491,1,Extreme
2013-01-18 21:30:00,363.376,21,1,1,1,1,80.0,40.0,120.0,483.376,1,Extreme
2013-02-13 17:30:00,363.362,17,2,1,1,1,80.0,40.0,120.0,483.362,1,Extreme
2013-01-26 20:30:00,363.222,20,1,1,1,1,80.0,40.0,120.0,483.222,1,Extreme
2013-03-10 19:30:00,403.219,19,3,0,1,0,80.0,0.0,80.0,483.219,1,Extreme
2014-01-06 20:00:00,363.127,20,1,1,1,1,80.0,40.0,120.0,483.127,1,Extreme
2014-01-23 19:30:00,363.06,19,1,1,1,1,80.0,40.0,120.0,483.06,1,Extreme
2013-12-22 20:00:00,363.044,20,12,1,1,1,80.0,40.0,120.0,483.044,1,Extreme
2013-02-23 21:00:00,363.016,21,2,1,1,1,80.0,40.0,120.0,483.016,1,Extreme
2014-01-13 19:30:00,362.986,19,1,1,1,1,80.0,40.0,120.0,482.986,1,Extreme
2014-01-17 18:30:00,362.961,18,1,1,1,1,80.0,40.0,120.0,482.961,1,Extreme
2014-01-01 18:00:00,362.944,18,1,1,1,1,80.0,40.0,120.0,482.944,1,Extreme
2013-12-15 17:00:00,362.935,17,12,1,1,1,80.0,40.0,120.0,482.935,1,Extreme
2014-02-18 19:30:00,362.916,19,2,1,1,1,80.0,40.0,120.0,482.916,1,Extreme
2013-12-04 19:30:00,362.769,19,12,1,1,1,80.0,40.0,120.0,482.769,1,Extreme
2013-12-30 19:00:00,362.721,19,12,1,1,1,80.0,40.0,120.0,482.721,1,Extreme
2014-01-09 20:00:00,362.606,20,1,1,1,1,80.0,40.0,120.0,482.606,1,Extreme
2013-12-18 20:00:00,362.604,20,12,1,1,1,80.0,40.0,120.0,482.604,1,Extreme
2013-02-10 21:30:00,362.586,21,2,1,1,1,80.0,40.0,120.0,482.586,1,Extreme
2013-02-28 20:30:00,362.541,20,2,1,1,1,80.0,40.0,120.0,482.541,1,Extreme
2014-01-14 18:30:00,362.476,18,1,1,1,1,80.0,40.0,120.0,482.476,1,Extreme
2013-12-23 17:30:00,362.399,17,12,1,1,1,80.0,40.0,120.0,482.399,1,Extreme
2014-02-02 18:00:00,362.308,18,2,1,1,1,80.0,40.0,120.0,482.308,1,Extreme
2014-02-23 19:00:00,362.283,19,2,1,1,1,80.0,40.0,120.0,482.283,1,Extreme
2014-01-29 20:00:00,362.283,20,1,1,1,1,80.0,40.0,120.0,482.283,1,Extreme
2013-12-12 19:00:00,362.121,19,12,1,1,1,80.0,40.0,120.0,482.121,1,Extreme
2014-02-08 18:00:00,362.085,18,2,1,1,1,80.0,40.0,120.0,482.085,1,Extreme
2013-12-03 20:00:00,362.037,20,12,1,1,1,80.0,40.0,120.0,482.037,1,Extreme
2014-02-17 18:30:00,361.994,18,2,1,1,1,80.0,40.0,120.0,481.994,1,Extreme
2013-02-13 21:00:00,361.968,21,2,1,1,1,80.0,40.0,120.0,481.968,1,Extreme
2013-01-09 20:30:00,361.942,20,1,1,1,1,80.0,40.0,120.0,481.942,1,Extreme
2014-02-06 19:30:00,361.903,19,2,1,1,1,80.0,40.0,120.0,481.903,1,Extreme
2013-02-22 18:00:00,361.861,18,2,1,1,1,80.0,40.0,120.0,481.861,1,Extreme
2013-12-03 19:30:00,361.856,19,12,1,1,1,80.0,40.0,120.0,481.856,1,Extreme
2013-01-23 17:00:00,361.797,17,1,1,1,1,80.0,40.0,120.0,481.797,1,Extreme
2014-01-01 19:00:00,361.789,19,1,1,1,1,80.0,40.0,120.0,481.789,1,Extreme
2013-01-19 20:30:00,361.782,20,1,1,1,1,80.0,40.0,120.0,481.782,1,Extreme
2014-02-01 19:00:00,361.758,19,2,1,1,1,80.0,40.0,120.0,481.758,1,Extreme
2013-01-21 17:00:00,361.728,17,1,1,1,1,80.0,40.0,120.0,481.728,1,Extreme
2013-01-09 18:00:00,361.72,18,1,1,1,1,80.0,40.0,120.0,481.72,1,Extreme
2013-03-23 19:00:00,401.703,19,3,0,1,0,80.0,0.0,80.0,481.703,1,Extreme
2013-03-26 20:00:00,401.609,20,3,0,1,0,80.0,0.0,80.0,481.609,1,Extreme
2013-03-03 19:00:00,401.585,19,3,0,1,0,80.0,0.0,80.0,481.585,1,Extreme
2014-01-28 18:30:00,361.575,18,1,1,1,1,80.0,40.0,120.0,481.575,1,Extreme
2014-02-06 18:30:00,361.541,18,2,1,1,1,80.0,40.0,120.0,481.541,1,Extreme
2014-01-11 19:00:00,361.534,19,1,1,1,1,80.0,40.0,120.0,481.534,1,Extreme
2013-12-27 19:00:00,361.443,19,12,1,1,1,80.0,40.0,120.0,481.443,1,Extreme
2013-02-27 19:30:00,361.399,19,2,1,1,1,80.0,40.0,120.0,481.399,1,Extreme
2013-12-22 19:00:00,361.392,19,12,1,1,1,80.0,40.0,120.0,481.392,1,Extreme
2013-12-11 20:30:00,361.385,20,12,1,1,1,80.0,40.0,120.0,481.385,1,Extreme
2014-01-15 19:30:00,361.355,19,1,1,1,1,80.0,40.0,120.0,481.355,1,Extreme
2013-01-29 20:00:00,361.319,20,1,1,1,1,80.0,40.0,120.0,481.319,1,Extreme
2013-01-08 18:00:00,361.236,18,1,1,1,1,80.0,40.0,120.0,481.236,1,Extreme
2013-01-31 20:00:00,361.122,20,1,1,1,1,80.0,40.0,120.0,481.122,1,Extreme
2013-12-09 20:00:00,361.046,20,12,1,1,1,80.0,40.0,120.0,481.046,1,Extreme
2013-02-14 21:00:00,361.026,21,2,1,1,1,80.0,40.0,120.0,481.026,1,Extreme
2013-12-22 18:00:00,361.008,18,12,1,1,1,80.0,40.0,120.0,481.008,1,Extreme
2013-02-04 18:00:00,361.006,18,2,1,1,1,80.0,40.0,120.0,481.006,1,Extreme
2013-03-04 19:00:00,400.965,19,3,0,1,0,80.0,0.0,80.0,480.965,1,Extreme
2014-01-12 20:30:00,360.926,20,1,1,1,1,80.0,40.0,120.0,480.926,1,Extreme
2013-12-13 19:30:00,360.888,19,12,1,1,1,80.0,40.0,120.0,480.888,1,Extreme
2014-01-11 18:00:00,360.832,18,1,1,1,1,80.0,40.0,120.0,480.832,1,Extreme
2014-01-30 20:00:00,360.815,20,1,1,1,1,80.0,40.0,120.0,480.815,1,Extreme
2013-12-02 18:30:00,360.792,18,12,1,1,1,80.0,40.0,120.0,480.792,1,Extreme
2013-03-13 20:00:00,400.775,20,3,0,1,0,80.0,0.0,80.0,480.775,1,Extreme
2013-12-01 20:30:00,360.746,20,12,1,1,1,80.0,40.0,120.0,480.746,1,Extreme
2014-01-27 18:00:00,360.652,18,1,1,1,1,80.0,40.0,120.0,480.652,1,Extreme
2013-02-09 21:00:00,360.648,21,2,1,1,1,80.0,40.0,120.0,480.648,1,Extreme
2013-02-27 19:00:00,360.635,19,2,1,1,1,80.0,40.0,120.0,480.635,1,Extreme
2013-01-11 20:30:00,360.389,20,1,1,1,1,80.0,40.0,120.0,480.389,1,Extreme
2014-01-20 18:00:00,360.25600000000003,18,1,1,1,1,80.0,40.0,120.0,480.25600000000003,1,Extreme
2014-02-16 20:00:00,360.248,20,2,1,1,1,80.0,40.0,120.0,480.248,1,Extreme
2013-12-12 19:30:00,360.234,19,12,1,1,1,80.0,40.0,120.0,480.234,1,Extreme
2014-02-14 20:00:00,360.232,20,2,1,1,1,80.0,40.0,120.0,480.232,1,Extreme
2014-02-03 20:30:00,360.231,20,2,1,1,1,80.0,40.0,120.0,480.231,1,Extreme
2014-01-22 19:30:00,360.179,19,1,1,1,1,80.0,40.0,120.0,480.179,1,Extreme
2014-02-15 18:30:00,360.159,18,2,1,1,1,80.0,40.0,120.0,480.159,1,Extreme
2014-01-16 19:30:00,360.066,19,1,1,1,1,80.0,40.0,120.0,480.066,1,Extreme
2014-01-28 20:30:00,360.065,20,1,1,1,1,80.0,40.0,120.0,480.065,1,Extreme
2013-03-25 20:30:00,400.005,20,3,0,1,0,80.0,0.0,80.0,480.005,1,Extreme
2013-12-17 18:00:00,359.858,18,12,1,1,1,80.0,40.0,120.0,479.858,1,Extreme
2013-02-03 21:00:00,359.828,21,2,1,1,1,80.0,40.0,120.0,479.828,1,Extreme
2014-02-12 18:00:00,359.657,18,2,1,1,1,80.0,40.0,120.0,479.657,1,Extreme
2013-12-08 17:30:00,359.583,17,12,1,1,1,80.0,40.0,120.0,479.583,1,Extreme
2014-01-17 19:30:00,359.553,19,1,1,1,1,80.0,40.0,120.0,479.553,1,Extreme
2014-01-23 18:30:00,359.42,18,1,1,1,1,80.0,40.0,120.0,479.42,1,Extreme
2013-01-11 17:30:00,359.358,17,1,1,1,1,80.0,40.0,120.0,479.358,1,Extreme
2013-02-17 18:00:00,359.355,18,2,1,1,1,80.0,40.0,120.0,479.355,1,Extreme
2013-01-02 17:30:00,359.349,17,1,1,1,1,80.0,40.0,120.0,479.349,1,Extreme
2014-01-03 18:00:00,359.306,18,1,1,1,1,80.0,40.0,120.0,479.306,1,Extreme
2013-03-23 20:00:00,399.266,20,3,0,1,0,80.0,0.0,80.0,479.266,1,Extreme
2014-01-18 19:30:00,359.045,19,1,1,1,1,80.0,40.0,120.0,479.045,1,Extreme
2013-12-27 19:30:00,358.81,19,12,1,1,1,80.0,40.0,120.0,478.81,1,Extreme
2014-01-15 20:00:00,358.743,20,1,1,1,1,80.0,40.0,120.0,478.743,1,Extreme
2013-02-21 20:00:00,358.74,20,2,1,1,1,80.0,40.0,120.0,478.74,1,Extreme
2014-02-24 19:00:00,358.726,19,2,1,1,1,80.0,40.0,120.0,478.726,1,Extreme
2013-12-27 18:30:00,358.702,18,12,1,1,1,80.0,40.0,120.0,478.702,1,Extreme
2014-02-07 19:30:00,358.618,19,2,1,1,1,80.0,40.0,120.0,478.618,1,Extreme
2013-02-22 21:00:00,358.47,21,2,1,1,1,80.0,40.0,120.0,478.47,1,Extreme
2013-12-22 20:30:00,358.443,20,12,1,1,1,80.0,40.0,120.0,478.443,1,Extreme
2014-02-12 20:30:00,358.439,20,2,1,1,1,80.0,40.0,120.0,478.439,1,Extreme
2013-03-14 19:00:00,398.433,19,3,0,1,0,80.0,0.0,80.0,478.433,1,Extreme
2013-01-04 20:00:00,358.334,20,1,1,1,1,80.0,40.0,120.0,478.334,1,Extreme
2013-02-09 17:00:00,358.296,17,2,1,1,1,80.0,40.0,120.0,478.296,1,Extreme
2013-12-19 17:30:00,358.073,17,12,1,1,1,80.0,40.0,120.0,478.073,1,Extreme
2013-11-21 19:30:00,398.001,19,11,0,1,0,80.0,0.0,80.0,478.001,1,Extreme
2013-03-25 18:30:00,397.955,18,3,0,1,0,80.0,0.0,80.0,477.955,1,Extreme
2013-01-29 18:00:00,357.92,18,1,1,1,1,80.0,40.0,120.0,477.92,1,Extreme
2013-01-29 20:30:00,357.84,20,1,1,1,1,80.0,40.0,120.0,477.84,1,Extreme
2013-01-05 18:00:00,357.79,18,1,1,1,1,80.0,40.0,120.0,477.79,1,Extreme
2013-02-21 18:30:00,357.561,18,2,1,1,1,80.0,40.0,120.0,477.561,1,Extreme
2014-01-08 20:00:00,357.505,20,1,1,1,1,80.0,40.0,120.0,477.505,1,Extreme
2013-12-31 20:00:00,357.471,20,12,1,1,1,80.0,40.0,120.0,477.471,1,Extreme
2014-01-18 17:30:00,357.29,17,1,1,1,1,80.0,40.0,120.0,477.29,1,Extreme
2014-01-17 19:00:00,357.278,19,1,1,1,1,80.0,40.0,120.0,477.278,1,Extreme
2013-12-30 18:00:00,357.141,18,12,1,1,1,80.0,40.0,120.0,477.141,1,Extreme
2013-12-24 20:00:00,357.042,20,12,1,1,1,80.0,40.0,120.0,477.042,1,Extreme
2013-12-21 18:00:00,357.013,18,12,1,1,1,80.0,40.0,120.0,477.013,1,Extreme
2013-12-21 19:00:00,356.991,19,12,1,1,1,80.0,40.0,120.0,476.991,1,Extreme
2013-03-25 21:00:00,396.879,21,3,0,1,0,80.0,0.0,80.0,476.879,1,Extreme
2013-02-19 18:30:00,356.869,18,2,1,1,1,80.0,40.0,120.0,476.869,1,Extreme
2014-01-12 17:00:00,356.851,17,1,1,1,1,80.0,40.0,120.0,476.851,1,Extreme
2014-01-02 18:00:00,356.842,18,1,1,1,1,80.0,40.0,120.0,476.842,1,Extreme
2013-03-22 19:30:00,396.82,19,3,0,1,0,80.0,0.0,80.0,476.82,1,Extreme
2014-01-24 18:30:00,356.779,18,1,1,1,1,80.0,40.0,120.0,476.779,1,Extreme
2014-01-04 20:00:00,356.735,20,1,1,1,1,80.0,40.0,120.0,476.735,1,Extreme
2013-12-15 18:30:00,356.669,18,12,1,1,1,80.0,40.0,120.0,476.669,1,Extreme
2013-03-11 21:30:00,396.663,21,3,0,1,0,80.0,0.0,80.0,476.663,1,Extreme
2013-12-23 20:00:00,356.508,20,12,1,1,1,80.0,40.0,120.0,476.508,1,Extreme
2014-02-16 18:00:00,356.451,18,2,1,1,1,80.0,40.0,120.0,476.451,1,Extreme
2013-12-14 19:00:00,356.413,19,12,1,1,1,80.0,40.0,120.0,476.413,1,Extreme
2014-01-21 20:00:00,356.402,20,1,1,1,1,80.0,40.0,120.0,476.402,1,Extreme
2013-12-16 19:30:00,356.28,19,12,1,1,1,80.0,40.0,120.0,476.28,1,Extreme
2014-01-31 20:00:00,356.231,20,1,1,1,1,80.0,40.0,120.0,476.231,1,Extreme
2014-01-21 20:30:00,356.221,20,1,1,1,1,80.0,40.0,120.0,476.221,1,Extreme
2013-01-28 17:00:00,356.205,17,1,1,1,1,80.0,40.0,120.0,476.205,1,Extreme
2013-12-27 18:00:00,356.042,18,12,1,1,1,80.0,40.0,120.0,476.042,1,Extreme
2014-01-04 17:00:00,356.022,17,1,1,1,1,80.0,40.0,120.0,476.022,1,Extreme
2013-01-02 21:00:00,355.976,21,1,1,1,1,80.0,40.0,120.0,475.976,1,Extreme
2013-12-02 19:30:00,355.951,19,12,1,1,1,80.0,40.0,120.0,475.951,1,Extreme
2014-02-21 19:00:00,355.924,19,2,1,1,1,80.0,40.0,120.0,475.924,1,Extreme
2013-02-02 17:30:00,355.803,17,2,1,1,1,80.0,40.0,120.0,475.803,1,Extreme
2014-02-23 20:00:00,355.622,20,2,1,1,1,80.0,40.0,120.0,475.622,1,Extreme
2013-02-28 21:00:00,355.622,21,2,1,1,1,80.0,40.0,120.0,475.622,1,Extreme
2014-01-07 20:00:00,355.583,20,1,1,1,1,80.0,40.0,120.0,475.583,1,Extreme
2014-01-25 20:00:00,355.553,20,1,1,1,1,80.0,40.0,120.0,475.553,1,Extreme
2013-01-30 20:00:00,355.541,20,1,1,1,1,80.0,40.0,120.0,475.541,1,Extreme
2014-01-27 20:30:00,355.43,20,1,1,1,1,80.0,40.0,120.0,475.43,1,Extreme
2014-01-16 18:00:00,355.369,18,1,1,1,1,80.0,40.0,120.0,475.369,1,Extreme
2014-01-13 20:00:00,355.322,20,1,1,1,1,80.0,40.0,120.0,475.322,1,Extreme
2013-12-22 17:30:00,355.296,17,12,1,1,1,80.0,40.0,120.0,475.296,1,Extreme
2013-03-12 21:00:00,395.267,21,3,0,1,0,80.0,0.0,80.0,475.267,1,Extreme
2013-12-22 18:30:00,355.24,18,12,1,1,1,80.0,40.0,120.0,475.24,1,Extreme
2013-02-13 21:30:00,355.194,21,2,1,1,1,80.0,40.0,120.0,475.194,1,Extreme
2013-02-16 18:00:00,355.109,18,2,1,1,1,80.0,40.0,120.0,475.109,1,Extreme
2013-12-09 18:00:00,355.011,18,12,1,1,1,80.0,40.0,120.0,475.011,1,Extreme
2013-03-02 19:00:00,394.97,19,3,0,1,0,80.0,0.0,80.0,474.97,1,Extreme
2013-02-01 18:00:00,354.857,18,2,1,1,1,80.0,40.0,120.0,474.857,1,Extreme
2013-01-12 17:00:00,354.808,17,1,1,1,1,80.0,40.0,120.0,474.808,1,Extreme
2014-02-01 20:00:00,354.773,20,2,1,1,1,80.0,40.0,120.0,474.773,1,Extreme
2013-01-07 18:00:00,354.717,18,1,1,1,1,80.0,40.0,120.0,474.717,1,Extreme
2013-02-24 17:00:00,354.701,17,2,1,1,1,80.0,40.0,120.0,474.701,1,Extreme
2013-02-20 19:00:00,354.66,19,2,1,1,1,80.0,40.0,120.0,474.66,1,Extreme
2013-12-15 19:00:00,354.64,19,12,1,1,1,80.0,40.0,120.0,474.64,1,Extreme
2013-01-25 17:00:00,354.639,17,1,1,1,1,80.0,40.0,120.0,474.639,1,Extreme
2013-02-09 21:30:00,354.554,21,2,1,1,1,80.0,40.0,120.0,474.554,1,Extreme
2014-02-26 19:00:00,354.495,19,2,1,1,1,80.0,40.0,120.0,474.495,1,Extreme
2014-01-16 18:30:00,354.459,18,1,1,1,1,80.0,40.0,120.0,474.459,1,Extreme
2013-01-29 17:30:00,354.438,17,1,1,1,1,80.0,40.0,120.0,474.438,1,Extreme
2013-01-03 20:30:00,354.367,20,1,1,1,1,80.0,40.0,120.0,474.367,1,Extreme
2013-03-22 19:00:00,394.35,19,3,0,1,0,80.0,0.0,80.0,474.35,1,Extreme
2013-03-18 20:00:00,394.193,20,3,0,1,0,80.0,0.0,80.0,474.193,1,Extreme
2013-01-17 17:00:00,353.968,17,1,1,1,1,80.0,40.0,120.0,473.968,1,Extreme
2013-03-25 21:30:00,393.875,21,3,0,1,0,80.0,0.0,80.0,473.875,1,Extreme
2013-02-15 18:00:00,353.86,18,2,1,1,1,80.0,40.0,120.0,473.86,1,Extreme
2013-01-06 20:30:00,353.844,20,1,1,1,1,80.0,40.0,120.0,473.844,1,Extreme
2014-01-26 20:30:00,353.738,20,1,1,1,1,80.0,40.0,120.0,473.738,1,Extreme
2013-02-17 20:30:00,353.641,20,2,1,1,1,80.0,40.0,120.0,473.641,1,Extreme
2013-03-01 19:00:00,393.613,19,3,0,1,0,80.0,0.0,80.0,473.613,1,Extreme
2014-02-23 19:30:00,353.536,19,2,1,1,1,80.0,40.0,120.0,473.536,1,Extreme
2013-02-06 17:30:00,353.534,17,2,1,1,1,80.0,40.0,120.0,473.534,1,Extreme
2014-02-15 19:00:00,353.441,19,2,1,1,1,80.0,40.0,120.0,473.441,1,Extreme
2013-12-20 19:30:00,353.439,19,12,1,1,1,80.0,40.0,120.0,473.439,1,Extreme
2014-01-06 20:30:00,353.226,20,1,1,1,1,80.0,40.0,120.0,473.226,1,Extreme
2013-01-07 17:30:00,353.216,17,1,1,1,1,80.0,40.0,120.0,473.216,1,Extreme
2013-03-24 21:30:00,393.198,21,3,0,1,0,80.0,0.0,80.0,473.198,1,Extreme
2013-12-17 20:30:00,353.19,20,12,1,1,1,80.0,40.0,120.0,473.19,1,Extreme
2013-12-17 17:30:00,353.158,17,12,1,1,1,80.0,40.0,120.0,473.158,1,Extreme
2014-02-26 20:00:00,353.11,20,2,1,1,1,80.0,40.0,120.0,473.11,1,Extreme
2013-12-03 18:00:00,353.103,18,12,1,1,1,80.0,40.0,120.0,473.103,1,Extreme
2014-01-22 20:00:00,353.09,20,1,1,1,1,80.0,40.0,120.0,473.09,1,Extreme
2013-12-08 20:00:00,352.859,20,12,1,1,1,80.0,40.0,120.0,472.859,1,Extreme
2014-01-23 20:00:00,352.819,20,1,1,1,1,80.0,40.0,120.0,472.819,1,Extreme
2013-12-06 18:00:00,352.811,18,12,1,1,1,80.0,40.0,120.0,472.811,1,Extreme
2013-02-27 20:00:00,352.805,20,2,1,1,1,80.0,40.0,120.0,472.805,1,Extreme
2013-01-10 17:00:00,352.753,17,1,1,1,1,80.0,40.0,120.0,472.753,1,Extreme
2014-02-01 18:00:00,352.716,18,2,1,1,1,80.0,40.0,120.0,472.716,1,Extreme
2013-12-14 18:30:00,352.699,18,12,1,1,1,80.0,40.0,120.0,472.699,1,Extreme
2013-02-20 19:30:00,352.645,19,2,1,1,1,80.0,40.0,120.0,472.645,1,Extreme
2013-02-19 20:00:00,352.61,20,2,1,1,1,80.0,40.0,120.0,472.61,1,Extreme
2013-12-05 20:00:00,352.589,20,12,1,1,1,80.0,40.0,120.0,472.589,1,Extreme
2014-02-04 18:00:00,352.484,18,2,1,1,1,80.0,40.0,120.0,472.484,1,Extreme
2014-01-30 18:00:00,352.435,18,1,1,1,1,80.0,40.0,120.0,472.435,1,Extreme
2013-02-04 21:00:00,352.347,21,2,1,1,1,80.0,40.0,120.0,472.347,1,Extreme
2013-12-31 17:30:00,352.324,17,12,1,1,1,80.0,40.0,120.0,472.324,1,Extreme
2014-02-26 19:30:00,352.247,19,2,1,1,1,80.0,40.0,120.0,472.247,1,Extreme
2014-02-09 20:30:00,352.191,20,2,1,1,1,80.0,40.0,120.0,472.191,1,Extreme
2013-12-16 18:30:00,352.19,18,12,1,1,1,80.0,40.0,120.0,472.19,1,Extreme
2013-12-04 20:00:00,352.152,20,12,1,1,1,80.0,40.0,120.0,472.152,1,Extreme
2013-12-04 18:00:00,352.067,18,12,1,1,1,80.0,40.0,120.0,472.067,1,Extreme
2014-01-03 20:00:00,352.001,20,1,1,1,1,80.0,40.0,120.0,472.001,1,Extreme
2014-02-11 20:30:00,351.951,20,2,1,1,1,80.0,40.0,120.0,471.951,1,Extreme
2014-02-06 18:00:00,351.95,18,2,1,1,1,80.0,40.0,120.0,471.95,1,Extreme
2013-12-20 18:00:00,351.943,18,12,1,1,1,80.0,40.0,120.0,471.943,1,Extreme
2013-12-28 19:30:00,351.864,19,12,1,1,1,80.0,40.0,120.0,471.864,1,Extreme
2014-01-26 17:30:00,351.768,17,1,1,1,1,80.0,40.0,120.0,471.768,1,Extreme
2014-02-04 20:30:00,351.729,20,2,1,1,1,80.0,40.0,120.0,471.729,1,Extreme
2013-03-19 19:30:00,391.723,19,3,0,1,0,80.0,0.0,80.0,471.723,1,Extreme
2014-02-08 20:00:00,351.621,20,2,1,1,1,80.0,40.0,120.0,471.621,1,Extreme
2013-02-23 21:30:00,351.602,21,2,1,1,1,80.0,40.0,120.0,471.602,1,Extreme
2013-03-13 18:30:00,391.535,18,3,0,1,0,80.0,0.0,80.0,471.535,1,Extreme
2014-02-10 20:30:00,351.495,20,2,1,1,1,80.0,40.0,120.0,471.495,1,Extreme
2013-03-18 19:00:00,391.477,19,3,0,1,0,80.0,0.0,80.0,471.477,1,Extreme
2013-01-31 18:00:00,351.472,18,1,1,1,1,80.0,40.0,120.0,471.472,1,Extreme
2013-03-24 21:00:00,391.44,21,3,0,1,0,80.0,0.0,80.0,471.44,1,Extreme
2013-02-21 20:30:00,351.368,20,2,1,1,1,80.0,40.0,120.0,471.368,1,Extreme
2014-01-11 17:30:00,350.953,17,1,1,1,1,80.0,40.0,120.0,470.953,1,Extreme
2013-01-09 17:30:00,350.852,17,1,1,1,1,80.0,40.0,120.0,470.852,1,Extreme
2014-01-31 18:00:00,350.809,18,1,1,1,1,80.0,40.0,120.0,470.809,1,Extreme
2014-02-11 18:00:00,350.794,18,2,1,1,1,80.0,40.0,120.0,470.794,1,Extreme
2013-01-26 21:00:00,350.791,21,1,1,1,1,80.0,40.0,120.0,470.791,1,Extreme
2013-02-18 18:00:00,350.67,18,2,1,1,1,80.0,40.0,120.0,470.67,1,Extreme
2013-12-05 18:00:00,350.657,18,12,1,1,1,80.0,40.0,120.0,470.657,1,Extreme
2013-12-03 20:30:00,350.647,20,12,1,1,1,80.0,40.0,120.0,470.647,1,Extreme
2013-01-12 21:00:00,350.635,21,1,1,1,1,80.0,40.0,120.0,470.635,1,Extreme
2014-02-15 20:00:00,350.616,20,2,1,1,1,80.0,40.0,120.0,470.616,1,Extreme
2013-02-26 21:30:00,350.598,21,2,1,1,1,80.0,40.0,120.0,470.598,1,Extreme
2013-03-01 19:30:00,390.569,19,3,0,1,0,80.0,0.0,80.0,470.569,1,Extreme
2013-01-08 20:30:00,350.45,20,1,1,1,1,80.0,40.0,120.0,470.45,1,Extreme
2014-01-01 19:30:00,350.387,19,1,1,1,1,80.0,40.0,120.0,470.387,1,Extreme
2013-01-01 20:30:00,350.368,20,1,1,1,1,80.0,40.0,120.0,470.368,1,Extreme
2014-01-14 18:00:00,350.136,18,1,1,1,1,80.0,40.0,120.0,470.136,1,Extreme
2014-01-13 18:00:00,350.086,18,1,1,1,1,80.0,40.0,120.0,470.086,1,Extreme
2014-01-24 18:00:00,350.034,18,1,1,1,1,80.0,40.0,120.0,470.034,1,Extreme
2013-12-29 20:00:00,350.013,20,12,1,1,1,80.0,40.0,120.0,470.013,1,Extreme
2014-01-30 20:30:00,350.002,20,1,1,1,1,80.0,40.0,120.0,470.002,1,Extreme
2013-01-09 21:00:00,349.904,21,1,1,1,1,80.0,40.0,120.0,469.904,1,Extreme
2013-03-15 19:00:00,389.814,19,3,0,1,0,80.0,0.0,80.0,469.814,1,Extreme
2014-01-28 21:00:00,349.682,21,1,1,1,1,80.0,40.0,120.0,469.682,1,Extreme
2013-12-11 18:00:00,349.641,18,12,1,1,1,80.0,40.0,120.0,469.641,1,Extreme
2014-02-10 21:00:00,349.602,21,2,1,1,1,80.0,40.0,120.0,469.602,1,Extreme
2013-02-08 20:30:00,349.601,20,2,1,1,1,80.0,40.0,120.0,469.601,1,Extreme
2013-12-28 18:30:00,349.424,18,12,1,1,1,80.0,40.0,120.0,469.424,1,Extreme
2013-03-03 20:00:00,389.272,20,3,0,1,0,80.0,0.0,80.0,469.272,1,Extreme
2014-01-07 18:00:00,349.21,18,1,1,1,1,80.0,40.0,120.0,469.21,1,Extreme
2014-01-01 17:00:00,349.148,17,1,1,1,1,80.0,40.0,120.0,469.148,1,Extreme
2014-02-17 20:00:00,348.919,20,2,1,1,1,80.0,40.0,120.0,468.919,1,Extreme
2013-12-29 17:30:00,348.908,17,12,1,1,1,80.0,40.0,120.0,468.908,1,Extreme
2013-02-21 18:00:00,348.855,18,2,1,1,1,80.0,40.0,120.0,468.855,1,Extreme
2013-12-05 21:00:00,348.8,21,12,1,1,1,80.0,40.0,120.0,468.8,1,Extreme
2013-02-08 17:30:00,348.766,17,2,1,1,1,80.0,40.0,120.0,468.766,1,Extreme
2013-03-24 18:00:00,388.665,18,3,0,1,0,80.0,0.0,80.0,468.665,1,Extreme
2014-01-05 21:00:00,348.641,21,1,1,1,1,80.0,40.0,120.0,468.641,1,Extreme
2013-02-14 21:30:00,348.629,21,2,1,1,1,80.0,40.0,120.0,468.629,1,Extreme
2014-01-21 18:00:00,348.557,18,1,1,1,1,80.0,40.0,120.0,468.557,1,Extreme
2013-01-27 21:00:00,348.556,21,1,1,1,1,80.0,40.0,120.0,468.556,1,Extreme
2013-03-02 19:30:00,388.503,19,3,0,1,0,80.0,0.0,80.0,468.503,1,Extreme
2014-01-09 20:30:00,348.475,20,1,1,1,1,80.0,40.0,120.0,468.475,1,Extreme
2013-12-19 21:00:00,348.394,21,12,1,1,1,80.0,40.0,120.0,468.394,1,Extreme
2013-12-10 18:00:00,348.346,18,12,1,1,1,80.0,40.0,120.0,468.346,1,Extreme
2014-01-15 18:00:00,348.324,18,1,1,1,1,80.0,40.0,120.0,468.324,1,Extreme
2013-12-10 20:00:00,348.322,20,12,1,1,1,80.0,40.0,120.0,468.322,1,Extreme
2013-03-15 19:30:00,388.272,19,3,0,1,0,80.0,0.0,80.0,468.272,1,Extreme
2013-01-19 21:00:00,348.251,21,1,1,1,1,80.0,40.0,120.0,468.251,1,Extreme
2013-01-27 17:00:00,348.209,17,1,1,1,1,80.0,40.0,120.0,468.209,1,Extreme
2014-02-22 19:00:00,348.181,19,2,1,1,1,80.0,40.0,120.0,468.181,1,Extreme
2014-01-06 18:00:00,348.178,18,1,1,1,1,80.0,40.0,120.0,468.178,1,Extreme
2014-02-13 20:30:00,348.133,20,2,1,1,1,80.0,40.0,120.0,468.133,1,Extreme
2014-01-03 17:30:00,347.947,17,1,1,1,1,80.0,40.0,120.0,467.947,1,Extreme
2014-02-14 18:00:00,347.891,18,2,1,1,1,80.0,40.0,120.0,467.891,1,Extreme
2014-02-27 19:00:00,347.81,19,2,1,1,1,80.0,40.0,120.0,467.81,1,Extreme
2013-02-03 21:30:00,347.679,21,2,1,1,1,80.0,40.0,120.0,467.679,1,Extreme
2013-12-28 19:00:00,347.666,19,12,1,1,1,80.0,40.0,120.0,467.666,1,Extreme
2014-02-07 20:00:00,347.586,20,2,1,1,1,80.0,40.0,120.0,467.586,1,Extreme
2014-02-24 18:30:00,347.538,18,2,1,1,1,80.0,40.0,120.0,467.538,1,Extreme
2013-12-14 19:30:00,347.464,19,12,1,1,1,80.0,40.0,120.0,467.464,1,Extreme
2013-12-30 20:00:00,347.406,20,12,1,1,1,80.0,40.0,120.0,467.406,1,Extreme
2013-12-02 20:30:00,347.404,20,12,1,1,1,80.0,40.0,120.0,467.404,1,Extreme
2014-01-24 20:00:00,347.374,20,1,1,1,1,80.0,40.0,120.0,467.374,1,Extreme
2013-01-08 17:30:00,347.294,17,1,1,1,1,80.0,40.0,120.0,467.294,1,Extreme
2013-03-03 18:30:00,387.294,18,3,0,1,0,80.0,0.0,80.0,467.294,1,Extreme
2014-01-19 18:30:00,347.254,18,1,1,1,1,80.0,40.0,120.0,467.254,1,Extreme
2013-12-19 21:30:00,347.247,21,12,1,1,1,80.0,40.0,120.0,467.247,1,Extreme
2013-01-14 17:00:00,347.17,17,1,1,1,1,80.0,40.0,120.0,467.17,1,Extreme
2013-03-10 18:30:00,387.146,18,3,0,1,0,80.0,0.0,80.0,467.146,1,Extreme
2013-12-15 19:30:00,347.129,19,12,1,1,1,80.0,40.0,120.0,467.129,1,Extreme
2013-03-18 19:30:00,387.057,19,3,0,1,0,80.0,0.0,80.0,467.057,1,Extreme
2014-01-20 20:30:00,346.938,20,1,1,1,1,80.0,40.0,120.0,466.938,1,Extreme
2014-02-21 19:30:00,346.907,19,2,1,1,1,80.0,40.0,120.0,466.907,1,Extreme
2014-01-11 20:00:00,346.896,20,1,1,1,1,80.0,40.0,120.0,466.896,1,Extreme
2013-12-13 20:00:00,346.788,20,12,1,1,1,80.0,40.0,120.0,466.788,1,Extreme
2013-12-21 19:30:00,346.748,19,12,1,1,1,80.0,40.0,120.0,466.748,1,Extreme
2014-01-26 21:00:00,346.748,21,1,1,1,1,80.0,40.0,120.0,466.748,1,Extreme
2014-01-18 20:00:00,346.743,20,1,1,1,1,80.0,40.0,120.0,466.743,1,Extreme
2013-12-08 17:00:00,346.716,17,12,1,1,1,80.0,40.0,120.0,466.716,1,Extreme
2013-03-23 18:30:00,386.663,18,3,0,1,0,80.0,0.0,80.0,466.663,1,Extreme
2014-02-13 18:00:00,346.558,18,2,1,1,1,80.0,40.0,120.0,466.558,1,Extreme
2013-03-02 18:30:00,386.549,18,3,0,1,0,80.0,0.0,80.0,466.549,1,Extreme
2014-01-10 20:00:00,346.525,20,1,1,1,1,80.0,40.0,120.0,466.525,1,Extreme
2013-03-27 19:30:00,386.458,19,3,0,1,0,80.0,0.0,80.0,466.458,1,Extreme
2013-12-05 20:30:00,346.41,20,12,1,1,1,80.0,40.0,120.0,466.41,1,Extreme
2014-01-22 18:00:00,346.283,18,1,1,1,1,80.0,40.0,120.0,466.283,1,Extreme
2013-01-11 21:00:00,346.275,21,1,1,1,1,80.0,40.0,120.0,466.275,1,Extreme
2013-03-04 19:30:00,386.243,19,3,0,1,0,80.0,0.0,80.0,466.243,1,Extreme
2013-12-13 18:00:00,346.17,18,12,1,1,1,80.0,40.0,120.0,466.17,1,Extreme
2014-01-28 18:00:00,346.115,18,1,1,1,1,80.0,40.0,120.0,466.115,1,Extreme
2013-03-22 20:00:00,386.114,20,3,0,1,0,80.0,0.0,80.0,466.114,1,Extreme
2013-03-21 19:30:00,386.066,19,3,0,1,0,80.0,0.0,80.0,466.066,1,Extreme
2014-02-18 20:00:00,346.024,20,2,1,1,1,80.0,40.0,120.0,466.024,1,Extreme
2013-03-11 18:00:00,385.947,18,3,0,1,0,80.0,0.0,80.0,465.947,1,Extreme
2014-02-09 17:30:00,345.914,17,2,1,1,1,80.0,40.0,120.0,465.914,1,Extreme
2013-02-02 20:30:00,345.864,20,2,1,1,1,80.0,40.0,120.0,465.864,1,Extreme
2014-01-21 21:00:00,345.766,21,1,1,1,1,80.0,40.0,120.0,465.766,1,Extreme
2013-12-29 20:30:00,345.594,20,12,1,1,1,80.0,40.0,120.0,465.594,1,Extreme
2014-02-10 18:00:00,345.571,18,2,1,1,1,80.0,40.0,120.0,465.571,1,Extreme
2013-12-14 17:30:00,345.521,17,12,1,1,1,80.0,40.0,120.0,465.521,1,Extreme
2013-01-10 21:30:00,345.453,21,1,1,1,1,80.0,40.0,120.0,465.453,1,Extreme
2013-02-01 20:30:00,345.407,20,2,1,1,1,80.0,40.0,120.0,465.407,1,Extreme
2013-03-14 20:00:00,385.406,20,3,0,1,0,80.0,0.0,80.0,465.406,1,Extreme
2013-12-27 17:30:00,345.357,17,12,1,1,1,80.0,40.0,120.0,465.357,1,Extreme
2014-01-02 17:30:00,345.345,17,1,1,1,1,80.0,40.0,120.0,465.345,1,Extreme
2014-02-03 18:00:00,345.218,18,2,1,1,1,80.0,40.0,120.0,465.218,1,Extreme
2013-02-11 17:00:00,345.07,17,2,1,1,1,80.0,40.0,120.0,465.07,1,Extreme
2013-03-10 20:00:00,385.047,20,3,0,1,0,80.0,0.0,80.0,465.047,1,Extreme
2014-01-14 20:30:00,344.911,20,1,1,1,1,80.0,40.0,120.0,464.911,1,Extreme
2013-12-02 18:00:00,344.897,18,12,1,1,1,80.0,40.0,120.0,464.897,1,Extreme
2013-01-31 20:30:00,344.867,20,1,1,1,1,80.0,40.0,120.0,464.867,1,Extreme
2014-01-25 17:30:00,344.792,17,1,1,1,1,80.0,40.0,120.0,464.792,1,Extreme
2013-02-20 20:00:00,344.787,20,2,1,1,1,80.0,40.0,120.0,464.787,1,Extreme
2013-12-14 18:00:00,344.755,18,12,1,1,1,80.0,40.0,120.0,464.755,1,Extreme
2013-12-16 20:00:00,344.656,20,12,1,1,1,80.0,40.0,120.0,464.656,1,Extreme
2014-02-05 20:30:00,344.635,20,2,1,1,1,80.0,40.0,120.0,464.635,1,Extreme
2014-01-16 20:00:00,344.607,20,1,1,1,1,80.0,40.0,120.0,464.607,1,Extreme
2013-02-25 17:00:00,344.58,17,2,1,1,1,80.0,40.0,120.0,464.58,1,Extreme
2013-01-05 17:30:00,344.563,17,1,1,1,1,80.0,40.0,120.0,464.563,1,Extreme
2013-02-11 17:30:00,344.541,17,2,1,1,1,80.0,40.0,120.0,464.541,1,Extreme
2014-02-11 21:00:00,344.535,21,2,1,1,1,80.0,40.0,120.0,464.535,1,Extreme
2013-02-02 21:00:00,344.484,21,2,1,1,1,80.0,40.0,120.0,464.484,1,Extreme
2013-12-18 18:00:00,344.479,18,12,1,1,1,80.0,40.0,120.0,464.479,1,Extreme
2014-02-02 20:30:00,344.468,20,2,1,1,1,80.0,40.0,120.0,464.468,1,Extreme
2013-12-09 20:30:00,344.378,20,12,1,1,1,80.0,40.0,120.0,464.378,1,Extreme
2013-12-12 20:00:00,344.181,20,12,1,1,1,80.0,40.0,120.0,464.181,1,Extreme
2014-02-13 21:00:00,344.076,21,2,1,1,1,80.0,40.0,120.0,464.076,1,Extreme
2014-01-06 21:00:00,343.9,21,1,1,1,1,80.0,40.0,120.0,463.9,1,Extreme
2013-03-20 19:00:00,383.818,19,3,0,1,0,80.0,0.0,80.0,463.818,1,Extreme
2014-01-05 21:30:00,343.81,21,1,1,1,1,80.0,40.0,120.0,463.81,1,Extreme
2014-01-08 18:00:00,343.808,18,1,1,1,1,80.0,40.0,120.0,463.808,1,Extreme
2014-02-25 19:00:00,343.766,19,2,1,1,1,80.0,40.0,120.0,463.766,1,Extreme
2014-02-25 18:30:00,343.644,18,2,1,1,1,80.0,40.0,120.0,463.644,1,Extreme
2013-12-24 20:30:00,343.538,20,12,1,1,1,80.0,40.0,120.0,463.538,1,Extreme
2013-01-07 21:00:00,343.498,21,1,1,1,1,80.0,40.0,120.0,463.498,1,Extreme
2013-12-20 20:00:00,343.39,20,12,1,1,1,80.0,40.0,120.0,463.39,1,Extreme
2013-03-12 18:30:00,383.324,18,3,0,1,0,80.0,0.0,80.0,463.324,1,Extreme
2014-01-23 18:00:00,343.323,18,1,1,1,1,80.0,40.0,120.0,463.323,1,Extreme
2013-12-07 19:00:00,343.322,19,12,1,1,1,80.0,40.0,120.0,463.322,1,Extreme
2013-12-15 18:00:00,343.186,18,12,1,1,1,80.0,40.0,120.0,463.186,1,Extreme
2013-01-16 17:00:00,343.139,17,1,1,1,1,80.0,40.0,120.0,463.139,1,Extreme
2014-01-15 20:30:00,342.965,20,1,1,1,1,80.0,40.0,120.0,462.965,1,Extreme
2013-01-15 17:00:00,342.923,17,1,1,1,1,80.0,40.0,120.0,462.923,1,Extreme
2013-02-15 21:00:00,342.866,21,2,1,1,1,80.0,40.0,120.0,462.866,1,Extreme
2013-02-07 17:00:00,342.854,17,2,1,1,1,80.0,40.0,120.0,462.854,1,Extreme
2014-01-17 20:00:00,342.745,20,1,1,1,1,80.0,40.0,120.0,462.745,1,Extreme
2014-02-14 20:30:00,342.719,20,2,1,1,1,80.0,40.0,120.0,462.719,1,Extreme
2014-02-26 18:30:00,342.698,18,2,1,1,1,80.0,40.0,120.0,462.698,1,Extreme
2014-02-23 18:00:00,342.662,18,2,1,1,1,80.0,40.0,120.0,462.662,1,Extreme
2014-01-08 17:30:00,342.627,17,1,1,1,1,80.0,40.0,120.0,462.627,1,Extreme
2014-01-13 21:00:00,342.617,21,1,1,1,1,80.0,40.0,120.0,462.617,1,Extreme
2013-12-14 20:00:00,342.58,20,12,1,1,1,80.0,40.0,120.0,462.58,1,Extreme
2013-02-04 17:30:00,342.578,17,2,1,1,1,80.0,40.0,120.0,462.578,1,Extreme
2014-02-04 21:00:00,342.524,21,2,1,1,1,80.0,40.0,120.0,462.524,1,Extreme
2013-01-05 20:00:00,342.476,20,1,1,1,1,80.0,40.0,120.0,462.476,1,Extreme
2013-02-20 18:30:00,342.455,18,2,1,1,1,80.0,40.0,120.0,462.455,1,Extreme
2014-02-25 19:30:00,342.422,19,2,1,1,1,80.0,40.0,120.0,462.422,1,Extreme
2014-01-09 17:30:00,342.391,17,1,1,1,1,80.0,40.0,120.0,462.391,1,Extreme
2013-12-12 17:30:00,342.344,17,12,1,1,1,80.0,40.0,120.0,462.344,1,Extreme
2013-01-12 21:30:00,342.332,21,1,1,1,1,80.0,40.0,120.0,462.332,1,Extreme
2013-02-27 20:30:00,342.33,20,2,1,1,1,80.0,40.0,120.0,462.33,1,Extreme
2014-02-05 17:30:00,342.18,17,2,1,1,1,80.0,40.0,120.0,462.18,1,Extreme
2013-12-19 17:00:00,342.16,17,12,1,1,1,80.0,40.0,120.0,462.16,1,Extreme
2013-12-02 20:00:00,342.116,20,12,1,1,1,80.0,40.0,120.0,462.116,1,Extreme
2014-01-31 20:30:00,342.041,20,1,1,1,1,80.0,40.0,120.0,462.041,1,Extreme
2014-01-10 18:00:00,342.035,18,1,1,1,1,80.0,40.0,120.0,462.035,1,Extreme
2013-03-02 20:00:00,382.034,20,3,0,1,0,80.0,0.0,80.0,462.034,1,Extreme
2013-02-19 20:30:00,341.972,20,2,1,1,1,80.0,40.0,120.0,461.972,1,Extreme
2013-11-21 20:00:00,381.928,20,11,0,1,0,80.0,0.0,80.0,461.928,1,Extreme
2013-12-26 19:30:00,341.803,19,12,1,1,1,80.0,40.0,120.0,461.803,1,Extreme
2014-02-12 21:00:00,341.67,21,2,1,1,1,80.0,40.0,120.0,461.67,1,Extreme
2013-02-16 20:00:00,341.594,20,2,1,1,1,80.0,40.0,120.0,461.594,1,Extreme
2014-01-09 21:00:00,341.368,21,1,1,1,1,80.0,40.0,120.0,461.368,1,Extreme
2014-01-07 20:30:00,341.355,20,1,1,1,1,80.0,40.0,120.0,461.355,1,Extreme
2014-01-13 20:30:00,341.294,20,1,1,1,1,80.0,40.0,120.0,461.294,1,Extreme
2013-03-04 20:00:00,381.291,20,3,0,1,0,80.0,0.0,80.0,461.291,1,Extreme
2013-12-06 17:30:00,341.287,17,12,1,1,1,80.0,40.0,120.0,461.287,1,Extreme
2014-01-29 21:00:00,341.274,21,1,1,1,1,80.0,40.0,120.0,461.274,1,Extreme
2013-12-30 17:30:00,341.247,17,12,1,1,1,80.0,40.0,120.0,461.247,1,Extreme
2013-12-06 20:00:00,341.0,20,12,1,1,1,80.0,40.0,120.0,461.0,1,Extreme
2013-01-01 17:00:00,340.929,17,1,1,1,1,80.0,40.0,120.0,460.929,1,Extreme
2014-02-02 17:30:00,340.855,17,2,1,1,1,80.0,40.0,120.0,460.855,1,Extreme
2013-03-21 20:00:00,380.794,20,3,0,1,0,80.0,0.0,80.0,460.794,1,Extreme
2014-01-27 17:30:00,340.722,17,1,1,1,1,80.0,40.0,120.0,460.722,1,Extreme
2014-01-29 20:30:00,340.722,20,1,1,1,1,80.0,40.0,120.0,460.722,1,Extreme
2013-12-18 20:30:00,340.717,20,12,1,1,1,80.0,40.0,120.0,460.717,1,Extreme
2014-02-16 20:30:00,340.705,20,2,1,1,1,80.0,40.0,120.0,460.705,1,Extreme
2013-02-21 21:00:00,340.688,21,2,1,1,1,80.0,40.0,120.0,460.688,1,Extreme
2013-11-25 19:00:00,380.662,19,11,0,1,0,80.0,0.0,80.0,460.662,1,Extreme
2013-03-12 21:30:00,380.571,21,3,0,1,0,80.0,0.0,80.0,460.571,1,Extreme
2013-01-29 21:30:00,340.56,21,1,1,1,1,80.0,40.0,120.0,460.56,1,Extreme
2013-01-03 21:00:00,340.539,21,1,1,1,1,80.0,40.0,120.0,460.539,1,Extreme
2013-12-12 18:00:00,340.522,18,12,1,1,1,80.0,40.0,120.0,460.522,1,Extreme
2014-01-31 17:30:00,340.424,17,1,1,1,1,80.0,40.0,120.0,460.424,1,Extreme
2013-02-19 21:00:00,340.414,21,2,1,1,1,80.0,40.0,120.0,460.414,1,Extreme
2013-02-17 21:30:00,340.37,21,2,1,1,1,80.0,40.0,120.0,460.37,1,Extreme
2013-01-27 21:30:00,340.314,21,1,1,1,1,80.0,40.0,120.0,460.314,1,Extreme
2013-03-21 19:00:00,380.264,19,3,0,1,0,80.0,0.0,80.0,460.264,1,Extreme
2014-01-01 20:30:00,340.219,20,1,1,1,1,80.0,40.0,120.0,460.219,1,Extreme
2013-12-26 18:30:00,340.156,18,12,1,1,1,80.0,40.0,120.0,460.156,1,Extreme
2013-12-22 17:00:00,340.116,17,12,1,1,1,80.0,40.0,120.0,460.116,1,Extreme
2013-12-11 17:30:00,340.105,17,12,1,1,1,80.0,40.0,120.0,460.105,1,Extreme
2013-12-07 18:30:00,340.058,18,12,1,1,1,80.0,40.0,120.0,460.058,1,Extreme
2013-03-14 18:30:00,379.997,18,3,0,1,0,80.0,0.0,80.0,459.997,1,Extreme
2013-03-13 20:30:00,379.979,20,3,0,1,0,80.0,0.0,80.0,459.979,1,Extreme
2014-02-17 18:00:00,339.947,18,2,1,1,1,80.0,40.0,120.0,459.947,1,Extreme
2013-11-24 19:00:00,379.907,19,11,0,1,0,80.0,0.0,80.0,459.907,1,Extreme
2013-02-22 21:30:00,339.896,21,2,1,1,1,80.0,40.0,120.0,459.896,1,Extreme
2013-01-02 17:00:00,339.89,17,1,1,1,1,80.0,40.0,120.0,459.89,1,Extreme
2013-01-03 17:30:00,339.772,17,1,1,1,1,80.0,40.0,120.0,459.772,1,Extreme
2014-01-25 20:30:00,339.7,20,1,1,1,1,80.0,40.0,120.0,459.7,1,Extreme
2013-01-29 21:00:00,339.674,21,1,1,1,1,80.0,40.0,120.0,459.674,1,Extreme
2014-01-19 19:00:00,339.63,19,1,1,1,1,80.0,40.0,120.0,459.63,1,Extreme
2013-02-17 21:00:00,339.611,21,2,1,1,1,80.0,40.0,120.0,459.611,1,Extreme
2014-02-21 18:30:00,339.546,18,2,1,1,1,80.0,40.0,120.0,459.546,1,Extreme
2013-01-30 18:00:00,339.535,18,1,1,1,1,80.0,40.0,120.0,459.535,1,Extreme
2013-02-27 18:30:00,339.51,18,2,1,1,1,80.0,40.0,120.0,459.51,1,Extreme
2014-02-17 20:30:00,339.504,20,2,1,1,1,80.0,40.0,120.0,459.504,1,Extreme
2014-01-14 17:30:00,339.495,17,1,1,1,1,80.0,40.0,120.0,459.495,1,Extreme
2013-12-27 20:00:00,339.468,20,12,1,1,1,80.0,40.0,120.0,459.468,1,Extreme
2013-02-28 18:00:00,339.286,18,2,1,1,1,80.0,40.0,120.0,459.286,1,Extreme
2013-01-05 20:30:00,339.203,20,1,1,1,1,80.0,40.0,120.0,459.203,1,Extreme
2014-02-22 18:30:00,339.124,18,2,1,1,1,80.0,40.0,120.0,459.124,1,Extreme
2013-11-24 18:00:00,379.016,18,11,0,1,0,80.0,0.0,80.0,459.016,1,Extreme
2013-11-20 18:30:00,378.971,18,11,0,1,0,80.0,0.0,80.0,458.971,1,Extreme
2014-02-15 18:00:00,338.841,18,2,1,1,1,80.0,40.0,120.0,458.841,1,Extreme
2013-03-26 20:30:00,378.593,20,3,0,1,0,80.0,0.0,80.0,458.593,1,Extreme
2014-02-24 20:00:00,338.552,20,2,1,1,1,80.0,40.0,120.0,458.552,1,Extreme
2013-01-30 20:30:00,338.498,20,1,1,1,1,80.0,40.0,120.0,458.498,1,Extreme
2014-02-19 18:30:00,338.488,18,2,1,1,1,80.0,40.0,120.0,458.488,1,Extreme
2013-02-28 21:30:00,338.488,21,2,1,1,1,80.0,40.0,120.0,458.488,1,Extreme
2013-02-08 21:30:00,338.372,21,2,1,1,1,80.0,40.0,120.0,458.372,1,Extreme
2014-02-19 19:30:00,338.335,19,2,1,1,1,80.0,40.0,120.0,458.335,1,Extreme
2013-12-11 21:00:00,338.3,21,12,1,1,1,80.0,40.0,120.0,458.3,1,Extreme
2013-12-24 17:00:00,338.27,17,12,1,1,1,80.0,40.0,120.0,458.27,1,Extreme
2013-03-18 20:30:00,378.199,20,3,0,1,0,80.0,0.0,80.0,458.199,1,Extreme
2014-02-05 21:00:00,338.158,21,2,1,1,1,80.0,40.0,120.0,458.158,1,Extreme
2014-02-07 18:00:00,338.131,18,2,1,1,1,80.0,40.0,120.0,458.131,1,Extreme
2013-01-01 21:00:00,338.078,21,1,1,1,1,80.0,40.0,120.0,458.078,1,Extreme
2013-03-09 19:30:00,377.99,19,3,0,1,0,80.0,0.0,80.0,457.99,1,Extreme
2013-02-18 21:00:00,337.856,21,2,1,1,1,80.0,40.0,120.0,457.856,1,Extreme
2014-02-27 18:30:00,337.808,18,2,1,1,1,80.0,40.0,120.0,457.808,1,Extreme
2013-02-20 20:30:00,337.678,20,2,1,1,1,80.0,40.0,120.0,457.678,1,Extreme
2013-12-09 21:00:00,337.6,21,12,1,1,1,80.0,40.0,120.0,457.6,1,Extreme
2014-01-27 21:00:00,337.597,21,1,1,1,1,80.0,40.0,120.0,457.597,1,Extreme
2013-03-26 18:30:00,377.585,18,3,0,1,0,80.0,0.0,80.0,457.585,1,Extreme
2013-03-21 20:30:00,377.573,20,3,0,1,0,80.0,0.0,80.0,457.573,1,Extreme
2013-03-20 19:30:00,377.409,19,3,0,1,0,80.0,0.0,80.0,457.409,1,Extreme
2013-11-10 19:00:00,377.349,19,11,0,1,0,80.0,0.0,80.0,457.349,1,Extreme
2014-01-08 20:30:00,337.292,20,1,1,1,1,80.0,40.0,120.0,457.292,1,Extreme
2013-12-21 17:30:00,337.202,17,12,1,1,1,80.0,40.0,120.0,457.202,1,Extreme
2013-12-03 17:30:00,337.181,17,12,1,1,1,80.0,40.0,120.0,457.181,1,Extreme
2013-01-30 21:00:00,337.124,21,1,1,1,1,80.0,40.0,120.0,457.124,1,Extreme
2013-12-02 21:00:00,337.104,21,12,1,1,1,80.0,40.0,120.0,457.104,1,Extreme
2013-12-26 19:00:00,337.103,19,12,1,1,1,80.0,40.0,120.0,457.103,1,Extreme
2013-02-26 17:30:00,337.062,17,2,1,1,1,80.0,40.0,120.0,457.062,1,Extreme
2013-03-19 19:00:00,377.022,19,3,0,1,0,80.0,0.0,80.0,457.022,1,Extreme
2013-03-19 20:00:00,377.016,20,3,0,1,0,80.0,0.0,80.0,457.016,1,Extreme
2013-03-04 18:30:00,377.016,18,3,0,1,0,80.0,0.0,80.0,457.016,1,Extreme
2013-02-08 21:00:00,336.912,21,2,1,1,1,80.0,40.0,120.0,456.912,1,Extreme
2013-12-23 17:00:00,336.858,17,12,1,1,1,80.0,40.0,120.0,456.858,1,Extreme
2013-02-19 21:30:00,336.841,21,2,1,1,1,80.0,40.0,120.0,456.841,1,Extreme
2013-12-09 17:30:00,336.826,17,12,1,1,1,80.0,40.0,120.0,456.826,1,Extreme
2013-01-02 21:30:00,336.773,21,1,1,1,1,80.0,40.0,120.0,456.773,1,Extreme
2013-02-21 17:30:00,336.746,17,2,1,1,1,80.0,40.0,120.0,456.746,1,Extreme
2014-01-21 17:30:00,336.697,17,1,1,1,1,80.0,40.0,120.0,456.697,1,Extreme
2013-02-12 17:00:00,336.672,17,2,1,1,1,80.0,40.0,120.0,456.672,1,Extreme
2013-02-23 17:00:00,336.659,17,2,1,1,1,80.0,40.0,120.0,456.659,1,Extreme
2014-01-01 20:00:00,336.63100000000003,20,1,1,1,1,80.0,40.0,120.0,456.63100000000003,1,Extreme
2014-01-28 17:30:00,336.626,17,1,1,1,1,80.0,40.0,120.0,456.626,1,Extreme
2013-03-05 19:00:00,376.605,19,3,0,1,0,80.0,0.0,80.0,456.605,1,Extreme
2013-02-01 21:00:00,336.563,21,2,1,1,1,80.0,40.0,120.0,456.563,1,Extreme
2013-03-18 18:30:00,376.551,18,3,0,1,0,80.0,0.0,80.0,456.551,1,Extreme
2013-12-28 17:30:00,336.368,17,12,1,1,1,80.0,40.0,120.0,456.368,1,Extreme
2013-03-10 20:30:00,376.336,20,3,0,1,0,80.0,0.0,80.0,456.336,1,Extreme
2013-03-08 19:30:00,376.247,19,3,0,1,0,80.0,0.0,80.0,456.247,1,Extreme
2013-03-22 18:30:00,376.201,18,3,0,1,0,80.0,0.0,80.0,456.201,1,Extreme
2013-12-31 17:00:00,336.135,17,12,1,1,1,80.0,40.0,120.0,456.135,1,Extreme
2014-01-10 17:30:00,336.132,17,1,1,1,1,80.0,40.0,120.0,456.132,1,Extreme
2013-03-08 19:00:00,376.118,19,3,0,1,0,80.0,0.0,80.0,456.118,1,Extreme
2013-12-28 20:00:00,336.052,20,12,1,1,1,80.0,40.0,120.0,456.052,1,Extreme
2013-12-13 17:30:00,336.014,17,12,1,1,1,80.0,40.0,120.0,456.014,1,Extreme
2013-02-04 21:30:00,335.994,21,2,1,1,1,80.0,40.0,120.0,455.994,1,Extreme
2013-02-01 21:30:00,335.974,21,2,1,1,1,80.0,40.0,120.0,455.974,1,Extreme
2013-12-12 20:30:00,335.898,20,12,1,1,1,80.0,40.0,120.0,455.898,1,Extreme
2013-03-07 19:00:00,375.885,19,3,0,1,0,80.0,0.0,80.0,455.885,1,Extreme
2013-12-10 20:30:00,335.862,20,12,1,1,1,80.0,40.0,120.0,455.862,1,Extreme
2013-03-01 18:30:00,375.832,18,3,0,1,0,80.0,0.0,80.0,455.832,1,Extreme
2013-12-26 17:30:00,335.816,17,12,1,1,1,80.0,40.0,120.0,455.816,1,Extreme
2013-01-06 21:00:00,335.651,21,1,1,1,1,80.0,40.0,120.0,455.651,1,Extreme
2013-12-06 20:30:00,335.47,20,12,1,1,1,80.0,40.0,120.0,455.47,1,Extreme
2014-01-13 17:30:00,335.434,17,1,1,1,1,80.0,40.0,120.0,455.434,1,Extreme
2013-02-27 21:00:00,335.433,21,2,1,1,1,80.0,40.0,120.0,455.433,1,Extreme
2013-03-14 20:30:00,375.326,20,3,0,1,0,80.0,0.0,80.0,455.326,1,Extreme
2013-12-26 18:00:00,335.301,18,12,1,1,1,80.0,40.0,120.0,455.301,1,Extreme
2013-11-21 18:00:00,375.227,18,11,0,1,0,80.0,0.0,80.0,455.227,1,Extreme
2013-12-08 20:30:00,335.165,20,12,1,1,1,80.0,40.0,120.0,455.165,1,Extreme
2013-12-15 20:00:00,335.102,20,12,1,1,1,80.0,40.0,120.0,455.102,1,Extreme
2014-01-20 17:30:00,335.07,17,1,1,1,1,80.0,40.0,120.0,455.07,1,Extreme
2014-02-18 20:30:00,334.921,20,2,1,1,1,80.0,40.0,120.0,454.921,1,Extreme
2013-01-04 20:30:00,334.895,20,1,1,1,1,80.0,40.0,120.0,454.895,1,Extreme
2013-11-20 19:00:00,374.821,19,11,0,1,0,80.0,0.0,80.0,454.821,1,Extreme
2013-12-16 18:00:00,334.809,18,12,1,1,1,80.0,40.0,120.0,454.809,1,Extreme
2013-02-13 17:00:00,334.73,17,2,1,1,1,80.0,40.0,120.0,454.73,1,Extreme
2013-01-26 21:30:00,334.576,21,1,1,1,1,80.0,40.0,120.0,454.576,1,Extreme
2014-01-29 21:30:00,334.427,21,1,1,1,1,80.0,40.0,120.0,454.427,1,Extreme
2013-12-07 18:00:00,334.387,18,12,1,1,1,80.0,40.0,120.0,454.387,1,Extreme
2013-03-23 18:00:00,374.355,18,3,0,1,0,80.0,0.0,80.0,454.355,1,Extreme
2014-01-16 20:30:00,334.352,20,1,1,1,1,80.0,40.0,120.0,454.352,1,Extreme
2013-03-17 19:30:00,374.313,19,3,0,1,0,80.0,0.0,80.0,454.313,1,Extreme
2013-12-05 17:30:00,334.276,17,12,1,1,1,80.0,40.0,120.0,454.276,1,Extreme
2013-03-23 20:30:00,374.229,20,3,0,1,0,80.0,0.0,80.0,454.229,1,Extreme
2013-02-22 17:30:00,334.217,17,2,1,1,1,80.0,40.0,120.0,454.217,1,Extreme
2014-01-20 21:00:00,334.123,21,1,1,1,1,80.0,40.0,120.0,454.123,1,Extreme
2014-01-02 20:30:00,334.099,20,1,1,1,1,80.0,40.0,120.0,454.099,1,Extreme
2013-12-29 17:00:00,334.081,17,12,1,1,1,80.0,40.0,120.0,454.081,1,Extreme
2014-01-03 20:30:00,334.05,20,1,1,1,1,80.0,40.0,120.0,454.05,1,Extreme
2014-01-22 20:30:00,334.002,20,1,1,1,1,80.0,40.0,120.0,454.002,1,Extreme
2013-01-11 21:30:00,333.957,21,1,1,1,1,80.0,40.0,120.0,453.957,1,Extreme
2013-12-15 17:30:00,333.842,17,12,1,1,1,80.0,40.0,120.0,453.842,1,Extreme
2014-02-19 19:00:00,333.653,19,2,1,1,1,80.0,40.0,120.0,453.653,1,Extreme
2014-02-03 21:00:00,333.618,21,2,1,1,1,80.0,40.0,120.0,453.618,1,Extreme
2013-01-31 17:30:00,333.445,17,1,1,1,1,80.0,40.0,120.0,453.445,1,Extreme
2013-12-10 17:30:00,333.428,17,12,1,1,1,80.0,40.0,120.0,453.428,1,Extreme
2013-11-10 18:30:00,373.412,18,11,0,1,0,80.0,0.0,80.0,453.412,1,Extreme
2013-02-14 18:00:00,333.317,18,2,1,1,1,80.0,40.0,120.0,453.317,1,Extreme
2013-12-14 17:00:00,333.212,17,12,1,1,1,80.0,40.0,120.0,453.212,1,Extreme
2014-01-23 20:30:00,333.202,20,1,1,1,1,80.0,40.0,120.0,453.202,1,Extreme
2014-01-06 17:30:00,333.169,17,1,1,1,1,80.0,40.0,120.0,453.169,1,Extreme
2013-12-01 17:00:00,333.15,17,12,1,1,1,80.0,40.0,120.0,453.15,1,Extreme
2013-12-21 17:00:00,333.071,17,12,1,1,1,80.0,40.0,120.0,453.071,1,Extreme
2013-11-24 18:30:00,372.924,18,11,0,1,0,80.0,0.0,80.0,452.924,1,Extreme
2014-02-22 19:30:00,332.864,19,2,1,1,1,80.0,40.0,120.0,452.864,1,Extreme
2014-01-22 17:30:00,332.826,17,1,1,1,1,80.0,40.0,120.0,452.826,1,Extreme
2013-01-19 21:30:00,332.822,21,1,1,1,1,80.0,40.0,120.0,452.822,1,Extreme
2013-12-21 20:00:00,332.796,20,12,1,1,1,80.0,40.0,120.0,452.796,1,Extreme
2013-12-04 20:30:00,332.796,20,12,1,1,1,80.0,40.0,120.0,452.796,1,Extreme
2013-12-03 21:00:00,332.769,21,12,1,1,1,80.0,40.0,120.0,452.769,1,Extreme
2013-11-21 17:30:00,372.766,17,11,0,1,0,80.0,0.0,80.0,452.766,1,Extreme
2013-01-30 21:30:00,332.718,21,1,1,1,1,80.0,40.0,120.0,452.718,1,Extreme
2013-02-15 21:30:00,332.612,21,2,1,1,1,80.0,40.0,120.0,452.612,1,Extreme
2013-12-23 20:30:00,332.436,20,12,1,1,1,80.0,40.0,120.0,452.436,1,Extreme
2013-12-29 21:00:00,332.392,21,12,1,1,1,80.0,40.0,120.0,452.392,1,Extreme
2014-02-06 17:30:00,332.378,17,2,1,1,1,80.0,40.0,120.0,452.378,1,Extreme
2014-02-06 20:30:00,332.297,20,2,1,1,1,80.0,40.0,120.0,452.297,1,Extreme
2013-11-25 19:30:00,372.268,19,11,0,1,0,80.0,0.0,80.0,452.268,1,Extreme
2014-01-14 21:00:00,332.237,21,1,1,1,1,80.0,40.0,120.0,452.237,1,Extreme
2013-01-05 21:00:00,332.209,21,1,1,1,1,80.0,40.0,120.0,452.209,1,Extreme
2013-03-17 19:00:00,372.098,19,3,0,1,0,80.0,0.0,80.0,452.098,1,Extreme
2014-01-24 20:30:00,332.076,20,1,1,1,1,80.0,40.0,120.0,452.076,1,Extreme
2014-02-06 20:00:00,332.021,20,2,1,1,1,80.0,40.0,120.0,452.021,1,Extreme
2013-12-10 21:00:00,331.892,21,12,1,1,1,80.0,40.0,120.0,451.892,1,Extreme
2013-12-28 18:00:00,331.871,18,12,1,1,1,80.0,40.0,120.0,451.871,1,Extreme
2013-12-20 20:30:00,331.819,20,12,1,1,1,80.0,40.0,120.0,451.819,1,Extreme
2014-02-20 18:30:00,331.735,18,2,1,1,1,80.0,40.0,120.0,451.735,1,Extreme
2013-12-18 17:30:00,331.695,17,12,1,1,1,80.0,40.0,120.0,451.695,1,Extreme
2013-01-11 17:00:00,331.668,17,1,1,1,1,80.0,40.0,120.0,451.668,1,Extreme
2013-03-03 20:30:00,371.433,20,3,0,1,0,80.0,0.0,80.0,451.433,1,Extreme
2013-11-24 19:30:00,371.38,19,11,0,1,0,80.0,0.0,80.0,451.38,1,Extreme
2014-02-02 21:00:00,331.372,21,2,1,1,1,80.0,40.0,120.0,451.372,1,Extreme
2013-02-17 17:30:00,331.3,17,2,1,1,1,80.0,40.0,120.0,451.3,1,Extreme
2014-02-21 20:00:00,331.201,20,2,1,1,1,80.0,40.0,120.0,451.201,1,Extreme
2014-02-12 21:30:00,331.189,21,2,1,1,1,80.0,40.0,120.0,451.189,1,Extreme
2014-01-04 20:30:00,331.175,20,1,1,1,1,80.0,40.0,120.0,451.175,1,Extreme
2014-01-19 18:00:00,331.143,18,1,1,1,1,80.0,40.0,120.0,451.143,1,Extreme
2013-03-24 17:30:00,371.08,17,3,0,1,0,80.0,0.0,80.0,451.08,1,Extreme
2014-02-27 20:00:00,331.051,20,2,1,1,1,80.0,40.0,120.0,451.051,1,Extreme
2013-03-26 21:00:00,371.025,21,3,0,1,0,80.0,0.0,80.0,451.025,1,Extreme
2014-01-17 18:00:00,330.948,18,1,1,1,1,80.0,40.0,120.0,450.948,1,Extreme
2014-02-16 21:00:00,330.915,21,2,1,1,1,80.0,40.0,120.0,450.915,1,Extreme
2014-02-17 21:00:00,330.803,21,2,1,1,1,80.0,40.0,120.0,450.803,1,Extreme
2013-11-23 19:00:00,370.591,19,11,0,1,0,80.0,0.0,80.0,450.591,1,Extreme
2013-11-19 19:00:00,370.533,19,11,0,1,0,80.0,0.0,80.0,450.533,1,Extreme
2013-03-27 19:00:00,370.508,19,3,0,1,0,80.0,0.0,80.0,450.508,1,Extreme
2014-02-27 19:30:00,330.462,19,2,1,1,1,80.0,40.0,120.0,450.462,1,Extreme
2013-02-02 21:30:00,330.444,21,2,1,1,1,80.0,40.0,120.0,450.444,1,Extreme
2014-02-01 17:30:00,330.431,17,2,1,1,1,80.0,40.0,120.0,450.431,1,Extreme
2013-03-05 19:30:00,370.374,19,3,0,1,0,80.0,0.0,80.0,450.374,1,Extreme
2013-03-07 19:30:00,370.363,19,3,0,1,0,80.0,0.0,80.0,450.363,1,Extreme
2014-02-08 17:30:00,330.316,17,2,1,1,1,80.0,40.0,120.0,450.316,1,Extreme
2014-01-28 21:30:00,330.279,21,1,1,1,1,80.0,40.0,120.0,450.279,1,Extreme
2013-03-20 20:00:00,370.044,20,3,0,1,0,80.0,0.0,80.0,450.044,1,Extreme
2014-01-12 21:00:00,330.023,21,1,1,1,1,80.0,40.0,120.0,450.023,1,Extreme
2013-12-16 21:00:00,329.994,21,12,1,1,1,80.0,40.0,120.0,449.994,1,Extreme
2013-11-25 18:30:00,369.817,18,11,0,1,0,80.0,0.0,80.0,449.817,1,Extreme
2013-11-17 19:00:00,369.766,19,11,0,1,0,80.0,0.0,80.0,449.766,1,Extreme
2013-12-17 17:00:00,329.739,17,12,1,1,1,80.0,40.0,120.0,449.739,1,Extreme
2014-02-13 21:30:00,329.705,21,2,1,1,1,80.0,40.0,120.0,449.705,1,Extreme
2014-01-23 21:00:00,329.636,21,1,1,1,1,80.0,40.0,120.0,449.636,1,Extreme
2013-03-21 21:00:00,369.636,21,3,0,1,0,80.0,0.0,80.0,449.636,1,Extreme
2014-02-16 21:30:00,329.583,21,2,1,1,1,80.0,40.0,120.0,449.583,1,Extreme
2014-01-13 21:30:00,329.563,21,1,1,1,1,80.0,40.0,120.0,449.563,1,Extreme
2014-01-18 20:30:00,329.414,20,1,1,1,1,80.0,40.0,120.0,449.414,1,Extreme
2013-02-18 21:30:00,329.376,21,2,1,1,1,80.0,40.0,120.0,449.376,1,Extreme
2013-03-09 20:00:00,369.372,20,3,0,1,0,80.0,0.0,80.0,449.372,1,Extreme
2014-01-26 17:00:00,329.332,17,1,1,1,1,80.0,40.0,120.0,449.332,1,Extreme
2014-02-20 20:00:00,329.261,20,2,1,1,1,80.0,40.0,120.0,449.261,1,Extreme
2013-12-01 21:00:00,329.254,21,12,1,1,1,80.0,40.0,120.0,449.254,1,Extreme
2013-04-03 19:30:00,369.213,19,4,0,1,0,80.0,0.0,80.0,449.213,1,Extreme
2013-03-26 21:30:00,369.093,21,3,0,1,0,80.0,0.0,80.0,449.093,1,Extreme
2013-01-03 21:30:00,329.078,21,1,1,1,1,80.0,40.0,120.0,449.078,1,Extreme
2014-02-19 20:00:00,329.065,20,2,1,1,1,80.0,40.0,120.0,449.065,1,Extreme
2013-12-21 20:30:00,329.063,20,12,1,1,1,80.0,40.0,120.0,449.063,1,Extreme
2013-12-30 20:30:00,329.016,20,12,1,1,1,80.0,40.0,120.0,449.016,1,Extreme
2014-01-11 20:30:00,328.96,20,1,1,1,1,80.0,40.0,120.0,448.96,1,Extreme
2014-02-09 21:30:00,328.946,21,2,1,1,1,80.0,40.0,120.0,448.946,1,Extreme
2014-02-20 19:30:00,328.93,19,2,1,1,1,80.0,40.0,120.0,448.93,1,Extreme
2013-03-09 19:00:00,368.838,19,3,0,1,0,80.0,0.0,80.0,448.838,1,Extreme
2013-12-07 19:30:00,328.737,19,12,1,1,1,80.0,40.0,120.0,448.737,1,Extreme
2014-01-16 17:30:00,328.712,17,1,1,1,1,80.0,40.0,120.0,448.712,1,Extreme
2013-12-22 21:00:00,328.67900000000003,21,12,1,1,1,80.0,40.0,120.0,448.67900000000003,1,Extreme
2014-02-27 20:30:00,328.593,20,2,1,1,1,80.0,40.0,120.0,448.593,1,Extreme
2013-03-09 18:30:00,368.549,18,3,0,1,0,80.0,0.0,80.0,448.549,1,Extreme
2013-01-07 21:30:00,328.503,21,1,1,1,1,80.0,40.0,120.0,448.503,1,Extreme
2014-02-20 19:00:00,328.501,19,2,1,1,1,80.0,40.0,120.0,448.501,1,Extreme
2013-11-17 18:30:00,368.496,18,11,0,1,0,80.0,0.0,80.0,448.496,1,Extreme
2013-11-10 19:30:00,368.386,19,11,0,1,0,80.0,0.0,80.0,448.386,1,Extreme
2013-03-13 21:00:00,368.366,21,3,0,1,0,80.0,0.0,80.0,448.366,1,Extreme
2014-01-27 21:30:00,328.355,21,1,1,1,1,80.0,40.0,120.0,448.355,1,Extreme
2014-02-04 21:30:00,328.274,21,2,1,1,1,80.0,40.0,120.0,448.274,1,Extreme
2014-02-11 21:30:00,327.992,21,2,1,1,1,80.0,40.0,120.0,447.992,1,Extreme
2013-11-25 20:00:00,367.931,20,11,0,1,0,80.0,0.0,80.0,447.931,1,Extreme
2013-12-26 17:00:00,327.926,17,12,1,1,1,80.0,40.0,120.0,447.926,1,Extreme
2013-12-11 21:30:00,327.781,21,12,1,1,1,80.0,40.0,120.0,447.781,1,Extreme
2014-01-26 21:30:00,327.76,21,1,1,1,1,80.0,40.0,120.0,447.76,1,Extreme
2013-03-22 21:00:00,367.755,21,3,0,1,0,80.0,0.0,80.0,447.755,1,Extreme
2013-01-08 21:00:00,327.7,21,1,1,1,1,80.0,40.0,120.0,447.7,1,Extreme
2014-02-25 20:00:00,327.637,20,2,1,1,1,80.0,40.0,120.0,447.637,1,Extreme
2014-01-24 21:00:00,327.613,21,1,1,1,1,80.0,40.0,120.0,447.613,1,Extreme
2014-02-23 20:30:00,327.579,20,2,1,1,1,80.0,40.0,120.0,447.579,1,Extreme
2014-01-07 21:00:00,327.569,21,1,1,1,1,80.0,40.0,120.0,447.569,1,Extreme
2014-01-24 17:30:00,327.527,17,1,1,1,1,80.0,40.0,120.0,447.527,1,Extreme
2013-03-01 20:00:00,367.451,20,3,0,1,0,80.0,0.0,80.0,447.451,1,Extreme
2014-02-06 21:00:00,327.247,21,2,1,1,1,80.0,40.0,120.0,447.247,1,Extreme
2013-12-16 20:30:00,327.234,20,12,1,1,1,80.0,40.0,120.0,447.234,1,Extreme
2014-01-30 21:00:00,327.071,21,1,1,1,1,80.0,40.0,120.0,447.071,1,Extreme
2014-02-03 21:30:00,327.013,21,2,1,1,1,80.0,40.0,120.0,447.013,1,Extreme
2013-11-17 19:30:00,366.971,19,11,0,1,0,80.0,0.0,80.0,446.971,1,Extreme
2013-12-08 21:00:00,326.859,21,12,1,1,1,80.0,40.0,120.0,446.859,1,Extreme
2013-02-21 21:30:00,326.813,21,2,1,1,1,80.0,40.0,120.0,446.813,1,Extreme
2013-01-06 21:30:00,326.802,21,1,1,1,1,80.0,40.0,120.0,446.802,1,Extreme
2013-01-01 21:30:00,326.781,21,1,1,1,1,80.0,40.0,120.0,446.781,1,Extreme
2014-02-08 20:30:00,326.759,20,2,1,1,1,80.0,40.0,120.0,446.759,1,Extreme
2013-01-05 17:00:00,326.624,17,1,1,1,1,80.0,40.0,120.0,446.624,1,Extreme
2013-01-26 17:00:00,326.622,17,1,1,1,1,80.0,40.0,120.0,446.622,1,Extreme
2013-12-20 17:30:00,326.62,17,12,1,1,1,80.0,40.0,120.0,446.62,1,Extreme
2013-03-02 20:30:00,366.518,20,3,0,1,0,80.0,0.0,80.0,446.518,1,Extreme
2013-03-13 21:30:00,366.419,21,3,0,1,0,80.0,0.0,80.0,446.419,1,Extreme
2014-02-12 17:30:00,326.353,17,2,1,1,1,80.0,40.0,120.0,446.353,1,Extreme
2013-12-30 21:00:00,326.332,21,12,1,1,1,80.0,40.0,120.0,446.332,1,Extreme
2014-02-01 20:30:00,326.266,20,2,1,1,1,80.0,40.0,120.0,446.266,1,Extreme
2014-01-29 17:30:00,326.249,17,1,1,1,1,80.0,40.0,120.0,446.249,1,Extreme
2013-11-22 19:00:00,366.248,19,11,0,1,0,80.0,0.0,80.0,446.248,1,Extreme
2013-12-16 17:30:00,326.128,17,12,1,1,1,80.0,40.0,120.0,446.128,1,Extreme
2013-12-26 20:00:00,326.00600000000003,20,12,1,1,1,80.0,40.0,120.0,446.00600000000003,1,Extreme
2013-03-27 20:00:00,365.983,20,3,0,1,0,80.0,0.0,80.0,445.983,1,Extreme
2013-12-23 21:00:00,325.909,21,12,1,1,1,80.0,40.0,120.0,445.909,1,Extreme
2013-12-31 20:30:00,325.887,20,12,1,1,1,80.0,40.0,120.0,445.887,1,Extreme
2014-02-18 21:00:00,325.885,21,2,1,1,1,80.0,40.0,120.0,445.885,1,Extreme
2013-11-13 18:30:00,365.878,18,11,0,1,0,80.0,0.0,80.0,445.878,1,Extreme
2013-02-16 20:30:00,325.848,20,2,1,1,1,80.0,40.0,120.0,445.848,1,Extreme
2013-12-27 20:30:00,325.838,20,12,1,1,1,80.0,40.0,120.0,445.838,1,Extreme
2014-01-07 17:30:00,325.727,17,1,1,1,1,80.0,40.0,120.0,445.727,1,Extreme
2014-01-17 20:30:00,325.715,20,1,1,1,1,80.0,40.0,120.0,445.715,1,Extreme
2013-12-04 17:30:00,325.708,17,12,1,1,1,80.0,40.0,120.0,445.708,1,Extreme
2013-01-31 21:00:00,325.643,21,1,1,1,1,80.0,40.0,120.0,445.643,1,Extreme
2014-01-15 21:30:00,325.629,21,1,1,1,1,80.0,40.0,120.0,445.629,1,Extreme
2013-12-07 17:30:00,325.625,17,12,1,1,1,80.0,40.0,120.0,445.625,1,Extreme
2014-02-05 21:30:00,325.603,21,2,1,1,1,80.0,40.0,120.0,445.603,1,Extreme
2013-12-08 21:30:00,325.568,21,12,1,1,1,80.0,40.0,120.0,445.568,1,Extreme
2013-03-22 20:30:00,365.53,20,3,0,1,0,80.0,0.0,80.0,445.53,1,Extreme
2014-01-21 21:30:00,325.378,21,1,1,1,1,80.0,40.0,120.0,445.378,1,Extreme
2014-02-09 21:00:00,325.36,21,2,1,1,1,80.0,40.0,120.0,445.36,1,Extreme
2013-03-11 17:30:00,365.328,17,3,0,1,0,80.0,0.0,80.0,445.328,1,Extreme
2013-12-05 21:30:00,325.244,21,12,1,1,1,80.0,40.0,120.0,445.244,1,Extreme
2013-12-18 21:00:00,325.113,21,12,1,1,1,80.0,40.0,120.0,445.113,1,Extreme
2013-02-19 18:00:00,325.068,18,2,1,1,1,80.0,40.0,120.0,445.068,1,Extreme
2013-11-11 18:30:00,364.934,18,11,0,1,0,80.0,0.0,80.0,444.934,1,Extreme
2013-03-15 18:30:00,364.883,18,3,0,1,0,80.0,0.0,80.0,444.883,1,Extreme
2014-01-01 21:00:00,324.782,21,1,1,1,1,80.0,40.0,120.0,444.782,1,Extreme
2013-11-20 19:30:00,364.74,19,11,0,1,0,80.0,0.0,80.0,444.74,1,Extreme
2013-12-22 21:30:00,324.667,21,12,1,1,1,80.0,40.0,120.0,444.667,1,Extreme
2014-01-10 20:30:00,324.626,20,1,1,1,1,80.0,40.0,120.0,444.626,1,Extreme
2013-12-13 20:30:00,324.609,20,12,1,1,1,80.0,40.0,120.0,444.609,1,Extreme
2014-01-22 21:00:00,324.565,21,1,1,1,1,80.0,40.0,120.0,444.565,1,Extreme
2014-01-30 17:30:00,324.449,17,1,1,1,1,80.0,40.0,120.0,444.449,1,Extreme
2014-01-16 21:00:00,324.412,21,1,1,1,1,80.0,40.0,120.0,444.412,1,Extreme
2013-01-04 21:00:00,324.339,21,1,1,1,1,80.0,40.0,120.0,444.339,1,Extreme
2013-11-17 18:00:00,364.334,18,11,0,1,0,80.0,0.0,80.0,444.334,1,Extreme
2014-02-14 21:00:00,324.28,21,2,1,1,1,80.0,40.0,120.0,444.28,1,Extreme
2013-12-14 20:30:00,324.255,20,12,1,1,1,80.0,40.0,120.0,444.255,1,Extreme
2014-02-04 17:30:00,324.217,17,2,1,1,1,80.0,40.0,120.0,444.217,1,Extreme
2013-03-06 19:00:00,364.177,19,3,0,1,0,80.0,0.0,80.0,444.177,1,Extreme
2014-01-22 21:30:00,324.13,21,1,1,1,1,80.0,40.0,120.0,444.13,1,Extreme
2014-02-07 20:30:00,324.034,20,2,1,1,1,80.0,40.0,120.0,444.034,1,Extreme
2014-02-26 20:30:00,324.031,20,2,1,1,1,80.0,40.0,120.0,444.031,1,Extreme
2014-02-24 20:30:00,323.952,20,2,1,1,1,80.0,40.0,120.0,443.952,1,Extreme
2014-01-31 21:00:00,323.813,21,1,1,1,1,80.0,40.0,120.0,443.813,1,Extreme
2014-02-09 17:00:00,323.786,17,2,1,1,1,80.0,40.0,120.0,443.786,1,Extreme
2014-01-06 21:30:00,323.778,21,1,1,1,1,80.0,40.0,120.0,443.778,1,Extreme
2013-03-10 21:00:00,363.767,21,3,0,1,0,80.0,0.0,80.0,443.767,1,Extreme
2013-11-24 17:30:00,363.745,17,11,0,1,0,80.0,0.0,80.0,443.745,1,Extreme
2013-11-10 20:00:00,363.68,20,11,0,1,0,80.0,0.0,80.0,443.68,1,Extreme
2013-12-26 20:30:00,323.673,20,12,1,1,1,80.0,40.0,120.0,443.673,1,Extreme
2014-01-14 21:30:00,323.601,21,1,1,1,1,80.0,40.0,120.0,443.601,1,Extreme
2013-03-08 18:30:00,363.465,18,3,0,1,0,80.0,0.0,80.0,443.465,1,Extreme
2013-03-25 18:00:00,363.416,18,3,0,1,0,80.0,0.0,80.0,443.416,1,Extreme
2013-01-29 17:00:00,323.382,17,1,1,1,1,80.0,40.0,120.0,443.382,1,Extreme
2013-12-20 21:00:00,323.3,21,12,1,1,1,80.0,40.0,120.0,443.3,1,Extreme
2013-01-08 21:30:00,323.252,21,1,1,1,1,80.0,40.0,120.0,443.252,1,Extreme
2013-12-13 17:00:00,323.21,17,12,1,1,1,80.0,40.0,120.0,443.21,1,Extreme
2014-01-23 21:30:00,323.145,21,1,1,1,1,80.0,40.0,120.0,443.145,1,Extreme
2013-11-11 19:00:00,363.091,19,11,0,1,0,80.0,0.0,80.0,443.091,1,Extreme
2013-04-04 18:30:00,363.068,18,4,0,1,0,80.0,0.0,80.0,443.068,1,Extreme
2013-02-01 17:30:00,323.011,17,2,1,1,1,80.0,40.0,120.0,443.011,1,Extreme
2013-03-10 18:00:00,362.954,18,3,0,1,0,80.0,0.0,80.0,442.954,1,Extreme
2013-11-19 18:30:00,362.91,18,11,0,1,0,80.0,0.0,80.0,442.91,1,Extreme
2013-12-17 21:00:00,322.495,21,12,1,1,1,80.0,40.0,120.0,442.495,1,Extreme
2013-12-02 21:30:00,322.48,21,12,1,1,1,80.0,40.0,120.0,442.48,1,Extreme
2013-01-09 21:30:00,322.434,21,1,1,1,1,80.0,40.0,120.0,442.434,1,Extreme
2013-11-19 19:30:00,362.348,19,11,0,1,0,80.0,0.0,80.0,442.348,1,Extreme
2013-02-21 17:00:00,322.284,17,2,1,1,1,80.0,40.0,120.0,442.284,1,Extreme
2014-02-02 21:30:00,322.223,21,2,1,1,1,80.0,40.0,120.0,442.223,1,Extreme
2014-01-02 21:00:00,322.195,21,1,1,1,1,80.0,40.0,120.0,442.195,1,Extreme
2014-02-10 21:30:00,322.145,21,2,1,1,1,80.0,40.0,120.0,442.145,1,Extreme
2014-01-30 21:30:00,322.001,21,1,1,1,1,80.0,40.0,120.0,442.001,1,Extreme
2014-02-01 21:00:00,322.001,21,2,1,1,1,80.0,40.0,120.0,442.001,1,Extreme
2013-11-19 20:00:00,361.881,20,11,0,1,0,80.0,0.0,80.0,441.881,1,Extreme
2014-01-09 21:30:00,321.865,21,1,1,1,1,80.0,40.0,120.0,441.865,1,Extreme
2013-03-19 20:30:00,361.828,20,3,0,1,0,80.0,0.0,80.0,441.828,1,Extreme
2014-02-24 18:00:00,321.799,18,2,1,1,1,80.0,40.0,120.0,441.799,1,Extreme
2013-03-03 21:00:00,361.797,21,3,0,1,0,80.0,0.0,80.0,441.797,1,Extreme
2013-04-03 18:30:00,361.796,18,4,0,1,0,80.0,0.0,80.0,441.796,1,Extreme
2013-12-07 20:00:00,321.776,20,12,1,1,1,80.0,40.0,120.0,441.776,1,Extreme
2014-01-15 17:30:00,321.705,17,1,1,1,1,80.0,40.0,120.0,441.705,1,Extreme
2013-12-03 17:00:00,321.703,17,12,1,1,1,80.0,40.0,120.0,441.703,1,Extreme
2014-02-22 20:00:00,321.552,20,2,1,1,1,80.0,40.0,120.0,441.552,1,Extreme
2013-12-01 21:30:00,321.409,21,12,1,1,1,80.0,40.0,120.0,441.409,1,Extreme
2013-03-29 19:30:00,361.368,19,3,0,1,0,80.0,0.0,80.0,441.368,1,Extreme
2013-12-24 21:00:00,321.363,21,12,1,1,1,80.0,40.0,120.0,441.363,1,Extreme
2013-11-13 19:30:00,361.31,19,11,0,1,0,80.0,0.0,80.0,441.31,1,Extreme
2014-01-03 21:00:00,321.297,21,1,1,1,1,80.0,40.0,120.0,441.297,1,Extreme
2014-02-16 17:30:00,321.121,17,2,1,1,1,80.0,40.0,120.0,441.121,1,Extreme
2014-01-08 21:00:00,321.051,21,1,1,1,1,80.0,40.0,120.0,441.051,1,Extreme
2013-01-07 17:00:00,321.001,17,1,1,1,1,80.0,40.0,120.0,441.001,1,Extreme
2013-12-03 21:30:00,320.97,21,12,1,1,1,80.0,40.0,120.0,440.97,1,Extreme
2013-11-18 19:30:00,360.96,19,11,0,1,0,80.0,0.0,80.0,440.96,1,Extreme
2014-01-20 21:30:00,320.926,21,1,1,1,1,80.0,40.0,120.0,440.926,1,Extreme
2013-02-20 21:00:00,320.862,21,2,1,1,1,80.0,40.0,120.0,440.862,1,Extreme
2013-01-31 21:30:00,320.835,21,1,1,1,1,80.0,40.0,120.0,440.835,1,Extreme
2013-12-28 17:00:00,320.834,17,12,1,1,1,80.0,40.0,120.0,440.834,1,Extreme
2013-12-30 17:00:00,320.824,17,12,1,1,1,80.0,40.0,120.0,440.824,1,Extreme
2013-11-20 20:00:00,360.794,20,11,0,1,0,80.0,0.0,80.0,440.794,1,Extreme
2013-11-23 18:30:00,360.739,18,11,0,1,0,80.0,0.0,80.0,440.739,1,Extreme
2013-03-02 21:00:00,360.73,21,3,0,1,0,80.0,0.0,80.0,440.73,1,Extreme
2014-01-19 19:30:00,320.647,19,1,1,1,1,80.0,40.0,120.0,440.647,1,Extreme
2013-02-27 21:30:00,320.618,21,2,1,1,1,80.0,40.0,120.0,440.618,1,Extreme
2013-03-05 18:30:00,360.608,18,3,0,1,0,80.0,0.0,80.0,440.608,1,Extreme
2013-11-21 20:30:00,360.533,20,11,0,1,0,80.0,0.0,80.0,440.533,1,Extreme
2013-12-17 21:30:00,320.512,21,12,1,1,1,80.0,40.0,120.0,440.512,1,Extreme
2013-12-05 17:00:00,320.487,17,12,1,1,1,80.0,40.0,120.0,440.487,1,Extreme
2013-01-08 17:00:00,320.478,17,1,1,1,1,80.0,40.0,120.0,440.478,1,Extreme
2014-01-25 21:00:00,320.422,21,1,1,1,1,80.0,40.0,120.0,440.422,1,Extreme
2014-02-19 20:30:00,320.405,20,2,1,1,1,80.0,40.0,120.0,440.405,1,Extreme
2013-11-29 19:00:00,360.368,19,11,0,1,0,80.0,0.0,80.0,440.368,1,Extreme
2013-12-11 17:00:00,320.341,17,12,1,1,1,80.0,40.0,120.0,440.341,1,Extreme
2013-03-14 21:00:00,360.209,21,3,0,1,0,80.0,0.0,80.0,440.209,1,Extreme
2013-04-04 19:00:00,360.205,19,4,0,1,0,80.0,0.0,80.0,440.205,1,Extreme
2014-01-11 21:00:00,320.198,21,1,1,1,1,80.0,40.0,120.0,440.198,1,Extreme
2013-03-07 20:30:00,360.027,20,3,0,1,0,80.0,0.0,80.0,440.027,1,Extreme
2013-03-07 18:30:00,359.992,18,3,0,1,0,80.0,0.0,80.0,439.992,1,Extreme
2013-04-04 20:30:00,359.933,20,4,0,1,0,80.0,0.0,80.0,439.933,1,Extreme
2014-01-23 17:30:00,319.731,17,1,1,1,1,80.0,40.0,120.0,439.731,1,Extreme
2013-11-06 18:30:00,359.515,18,11,0,1,0,80.0,0.0,80.0,439.515,1,Extreme
2014-02-27 21:00:00,319.451,21,2,1,1,1,80.0,40.0,120.0,439.451,1,Extreme
2013-11-15 18:30:00,359.421,18,11,0,1,0,80.0,0.0,80.0,439.421,1,Extreme
2013-12-02 17:30:00,319.249,17,12,1,1,1,80.0,40.0,120.0,439.249,1,Extreme
2013-12-04 21:00:00,319.199,21,12,1,1,1,80.0,40.0,120.0,439.199,1,Extreme
2013-03-04 20:30:00,359.192,20,3,0,1,0,80.0,0.0,80.0,439.192,1,Extreme
2013-01-03 17:00:00,319.13,17,1,1,1,1,80.0,40.0,120.0,439.13,1,Extreme
2014-02-25 20:30:00,319.041,20,2,1,1,1,80.0,40.0,120.0,439.041,1,Extreme
2013-04-04 20:00:00,358.908,20,4,0,1,0,80.0,0.0,80.0,438.908,1,Extreme
2013-11-22 20:00:00,358.88,20,11,0,1,0,80.0,0.0,80.0,438.88,1,Extreme
2013-12-27 17:00:00,318.879,17,12,1,1,1,80.0,40.0,120.0,438.879,1,Extreme
2013-03-20 18:30:00,358.768,18,3,0,1,0,80.0,0.0,80.0,438.768,1,Extreme
2013-12-28 20:30:00,318.683,20,12,1,1,1,80.0,40.0,120.0,438.683,1,Extreme
2013-11-22 19:30:00,358.595,19,11,0,1,0,80.0,0.0,80.0,438.595,1,Extreme
2013-03-15 20:00:00,358.475,20,3,0,1,0,80.0,0.0,80.0,438.475,1,Extreme
2013-04-04 19:30:00,358.39,19,4,0,1,0,80.0,0.0,80.0,438.39,1,Extreme
2013-12-18 21:30:00,318.238,21,12,1,1,1,80.0,40.0,120.0,438.238,1,Extreme
2013-03-07 20:00:00,358.192,20,3,0,1,0,80.0,0.0,80.0,438.192,1,Extreme
2013-12-07 17:00:00,318.124,17,12,1,1,1,80.0,40.0,120.0,438.124,1,Extreme
2014-01-11 17:00:00,318.102,17,1,1,1,1,80.0,40.0,120.0,438.102,1,Extreme
2013-01-30 17:30:00,317.996,17,1,1,1,1,80.0,40.0,120.0,437.996,1,Extreme
2013-12-13 21:00:00,317.916,21,12,1,1,1,80.0,40.0,120.0,437.916,1,Extreme
2013-03-09 20:30:00,357.894,20,3,0,1,0,80.0,0.0,80.0,437.894,1,Extreme
2013-03-20 20:30:00,357.837,20,3,0,1,0,80.0,0.0,80.0,437.837,1,Extreme
2013-03-05 20:00:00,357.752,20,3,0,1,0,80.0,0.0,80.0,437.752,1,Extreme
2014-02-14 17:30:00,317.635,17,2,1,1,1,80.0,40.0,120.0,437.635,1,Extreme
2013-11-18 20:00:00,357.587,20,11,0,1,0,80.0,0.0,80.0,437.587,1,Extreme
2013-04-03 19:00:00,357.404,19,4,0,1,0,80.0,0.0,80.0,437.404,1,Extreme
2014-01-07 21:30:00,317.356,21,1,1,1,1,80.0,40.0,120.0,437.356,1,Extreme
2013-01-04 21:30:00,317.349,21,1,1,1,1,80.0,40.0,120.0,437.349,1,Extreme
2013-12-24 21:30:00,317.096,21,12,1,1,1,80.0,40.0,120.0,437.096,1,Extreme
2014-01-08 17:00:00,316.974,17,1,1,1,1,80.0,40.0,120.0,436.974,1,Extreme
2013-11-20 20:30:00,356.89,20,11,0,1,0,80.0,0.0,80.0,436.89,1,Extreme
2014-01-12 21:30:00,316.872,21,1,1,1,1,80.0,40.0,120.0,436.872,1,Extreme
2014-01-19 20:00:00,316.852,20,1,1,1,1,80.0,40.0,120.0,436.852,1,Extreme
2013-12-10 21:30:00,316.842,21,12,1,1,1,80.0,40.0,120.0,436.842,1,Extreme
2014-01-19 17:30:00,316.827,17,1,1,1,1,80.0,40.0,120.0,436.827,1,Extreme
2014-01-31 21:30:00,316.76,21,1,1,1,1,80.0,40.0,120.0,436.76,1,Extreme
2013-01-05 21:30:00,316.703,21,1,1,1,1,80.0,40.0,120.0,436.703,1,Extreme
2013-11-20 18:00:00,356.676,18,11,0,1,0,80.0,0.0,80.0,436.676,1,Extreme
2013-02-16 17:30:00,316.66,17,2,1,1,1,80.0,40.0,120.0,436.66,1,Extreme
2014-01-31 17:00:00,316.599,17,1,1,1,1,80.0,40.0,120.0,436.599,1,Extreme
2013-11-14 18:30:00,356.533,18,11,0,1,0,80.0,0.0,80.0,436.533,1,Extreme
2013-12-12 21:00:00,316.484,21,12,1,1,1,80.0,40.0,120.0,436.484,1,Extreme
2013-02-02 17:00:00,316.465,17,2,1,1,1,80.0,40.0,120.0,436.465,1,Extreme
2013-12-29 21:30:00,316.438,21,12,1,1,1,80.0,40.0,120.0,436.438,1,Extreme
2013-03-08 20:00:00,356.401,20,3,0,1,0,80.0,0.0,80.0,436.401,1,Extreme
2013-12-31 21:00:00,316.29,21,12,1,1,1,80.0,40.0,120.0,436.29,1,Extreme
2013-12-12 17:00:00,316.135,17,12,1,1,1,80.0,40.0,120.0,436.135,1,Extreme
2013-12-20 21:30:00,316.123,21,12,1,1,1,80.0,40.0,120.0,436.123,1,Extreme
2014-02-26 21:00:00,316.022,21,2,1,1,1,80.0,40.0,120.0,436.022,1,Extreme
2014-02-18 21:30:00,315.994,21,2,1,1,1,80.0,40.0,120.0,435.994,1,Extreme
2013-12-06 17:00:00,315.977,17,12,1,1,1,80.0,40.0,120.0,435.977,1,Extreme
2013-12-30 21:30:00,315.906,21,12,1,1,1,80.0,40.0,120.0,435.906,1,Extreme
2013-02-16 21:00:00,315.849,21,2,1,1,1,80.0,40.0,120.0,435.849,1,Extreme
2013-03-10 21:30:00,355.788,21,3,0,1,0,80.0,0.0,80.0,435.788,1,Extreme
2013-03-23 17:30:00,355.672,17,3,0,1,0,80.0,0.0,80.0,435.672,1,Extreme
2013-11-14 19:30:00,355.661,19,11,0,1,0,80.0,0.0,80.0,435.661,1,Extreme
2013-12-15 20:30:00,315.624,20,12,1,1,1,80.0,40.0,120.0,435.624,1,Extreme
2013-11-13 19:00:00,355.551,19,11,0,1,0,80.0,0.0,80.0,435.551,1,Extreme
2013-12-16 21:30:00,315.546,21,12,1,1,1,80.0,40.0,120.0,435.546,1,Extreme
2013-02-15 17:30:00,315.367,17,2,1,1,1,80.0,40.0,120.0,435.367,1,Extreme
2013-11-12 19:00:00,355.347,19,11,0,1,0,80.0,0.0,80.0,435.347,1,Extreme
2013-02-06 17:00:00,315.301,17,2,1,1,1,80.0,40.0,120.0,435.301,1,Extreme
2014-02-11 17:30:00,315.222,17,2,1,1,1,80.0,40.0,120.0,435.222,1,Extreme
2014-01-15 21:00:00,315.19,21,1,1,1,1,80.0,40.0,120.0,435.19,1,Extreme
2013-03-16 19:00:00,355.159,19,3,0,1,0,80.0,0.0,80.0,435.159,1,Extreme
2013-03-03 21:30:00,355.133,21,3,0,1,0,80.0,0.0,80.0,435.133,1,Extreme
2013-03-18 21:00:00,355.054,21,3,0,1,0,80.0,0.0,80.0,435.054,1,Extreme
2013-12-27 21:00:00,314.933,21,12,1,1,1,80.0,40.0,120.0,434.933,1,Extreme
2014-02-07 17:30:00,314.862,17,2,1,1,1,80.0,40.0,120.0,434.862,1,Extreme
2013-12-12 21:30:00,314.651,21,12,1,1,1,80.0,40.0,120.0,434.651,1,Extreme
2014-02-27 21:30:00,314.65,21,2,1,1,1,80.0,40.0,120.0,434.65,1,Extreme
2013-04-01 19:30:00,354.541,19,4,0,1,0,80.0,0.0,80.0,434.541,1,Extreme
2013-11-28 19:30:00,354.403,19,11,0,1,0,80.0,0.0,80.0,434.403,1,Extreme
2014-01-10 17:00:00,314.392,17,1,1,1,1,80.0,40.0,120.0,434.392,1,Extreme
2014-01-28 17:00:00,314.359,17,1,1,1,1,80.0,40.0,120.0,434.359,1,Extreme
2014-01-04 21:00:00,314.292,21,1,1,1,1,80.0,40.0,120.0,434.292,1,Extreme
2013-02-20 18:00:00,314.24,18,2,1,1,1,80.0,40.0,120.0,434.24,1,Extreme
2014-02-20 20:30:00,314.09,20,2,1,1,1,80.0,40.0,120.0,434.09,1,Extreme
2013-12-20 17:00:00,313.966,17,12,1,1,1,80.0,40.0,120.0,433.966,1,Extreme
2013-11-14 19:00:00,353.899,19,11,0,1,0,80.0,0.0,80.0,433.899,1,Extreme
2013-11-18 18:30:00,353.896,18,11,0,1,0,80.0,0.0,80.0,433.896,1,Extreme
2014-01-03 17:00:00,313.878,17,1,1,1,1,80.0,40.0,120.0,433.878,1,Extreme
2013-11-20 17:30:00,353.835,17,11,0,1,0,80.0,0.0,80.0,433.835,1,Extreme
2013-12-26 21:00:00,313.762,21,12,1,1,1,80.0,40.0,120.0,433.762,1,Extreme
2013-11-15 19:00:00,353.729,19,11,0,1,0,80.0,0.0,80.0,433.729,1,Extreme
2013-02-08 17:00:00,313.61,17,2,1,1,1,80.0,40.0,120.0,433.61,1,Extreme
2013-11-24 17:00:00,353.516,17,11,0,1,0,80.0,0.0,80.0,433.516,1,Extreme
2013-11-06 19:00:00,353.514,19,11,0,1,0,80.0,0.0,80.0,433.514,1,Extreme
2013-11-29 18:30:00,353.26,18,11,0,1,0,80.0,0.0,80.0,433.26,1,Extreme
2013-03-20 21:00:00,353.258,21,3,0,1,0,80.0,0.0,80.0,433.258,1,Extreme
2013-11-14 20:00:00,353.2,20,11,0,1,0,80.0,0.0,80.0,433.2,1,Extreme
2013-11-28 19:00:00,353.181,19,11,0,1,0,80.0,0.0,80.0,433.181,1,Extreme
2013-03-14 21:30:00,353.066,21,3,0,1,0,80.0,0.0,80.0,433.066,1,Extreme
2013-02-20 21:30:00,313.032,21,2,1,1,1,80.0,40.0,120.0,433.032,1,Extreme
2013-11-17 17:30:00,352.985,17,11,0,1,0,80.0,0.0,80.0,432.985,1,Extreme
2013-03-21 21:30:00,352.948,21,3,0,1,0,80.0,0.0,80.0,432.948,1,Extreme
2014-02-08 21:00:00,312.634,21,2,1,1,1,80.0,40.0,120.0,432.634,1,Extreme
2013-11-30 18:30:00,352.573,18,11,0,1,0,80.0,0.0,80.0,432.573,1,Extreme
2014-02-22 18:00:00,312.532,18,2,1,1,1,80.0,40.0,120.0,432.532,1,Extreme
2013-12-09 21:30:00,312.51,21,12,1,1,1,80.0,40.0,120.0,432.51,1,Extreme
2014-02-15 20:30:00,312.471,20,2,1,1,1,80.0,40.0,120.0,432.471,1,Extreme
2013-03-04 21:30:00,352.458,21,3,0,1,0,80.0,0.0,80.0,432.458,1,Extreme
2014-02-03 17:30:00,312.45,17,2,1,1,1,80.0,40.0,120.0,432.45,1,Extreme
2014-01-02 21:30:00,312.429,21,1,1,1,1,80.0,40.0,120.0,432.429,1,Extreme
2014-02-19 18:00:00,312.361,18,2,1,1,1,80.0,40.0,120.0,432.361,1,Extreme
2013-12-06 21:00:00,312.286,21,12,1,1,1,80.0,40.0,120.0,432.286,1,Extreme
2014-01-11 21:30:00,312.198,21,1,1,1,1,80.0,40.0,120.0,432.198,1,Extreme
2013-11-23 19:30:00,352.043,19,11,0,1,0,80.0,0.0,80.0,432.043,1,Extreme
2013-03-04 21:00:00,352.019,21,3,0,1,0,80.0,0.0,80.0,432.019,1,Extreme
2013-03-05 21:00:00,351.998,21,3,0,1,0,80.0,0.0,80.0,431.998,1,Extreme
2014-01-10 21:00:00,311.989,21,1,1,1,1,80.0,40.0,120.0,431.989,1,Extreme
2013-03-23 21:00:00,351.926,21,3,0,1,0,80.0,0.0,80.0,431.926,1,Extreme
2013-03-01 20:30:00,351.88,20,3,0,1,0,80.0,0.0,80.0,431.88,1,Extreme
2013-03-21 18:30:00,351.876,18,3,0,1,0,80.0,0.0,80.0,431.876,1,Extreme
2013-12-25 17:00:00,311.808,17,12,1,1,1,80.0,40.0,120.0,431.808,1,Extreme
2014-01-17 17:30:00,311.801,17,1,1,1,1,80.0,40.0,120.0,431.801,1,Extreme
2013-03-30 19:00:00,351.779,19,3,0,1,0,80.0,0.0,80.0,431.779,1,Extreme
2013-03-17 20:00:00,351.716,20,3,0,1,0,80.0,0.0,80.0,431.716,1,Extreme
2013-12-10 17:00:00,311.684,17,12,1,1,1,80.0,40.0,120.0,431.684,1,Extreme
2014-02-18 18:00:00,311.645,18,2,1,1,1,80.0,40.0,120.0,431.645,1,Extreme
2013-11-03 18:00:00,351.418,18,11,0,1,0,80.0,0.0,80.0,431.418,1,Extreme
2013-12-23 21:30:00,311.328,21,12,1,1,1,80.0,40.0,120.0,431.328,1,Extreme
2014-01-18 17:00:00,311.306,17,1,1,1,1,80.0,40.0,120.0,431.306,1,Extreme
2013-11-14 18:00:00,351.185,18,11,0,1,0,80.0,0.0,80.0,431.185,1,Extreme
2013-12-18 17:00:00,311.086,17,12,1,1,1,80.0,40.0,120.0,431.086,1,Extreme
2013-11-11 19:30:00,350.961,19,11,0,1,0,80.0,0.0,80.0,430.961,1,Extreme
2013-11-24 20:00:00,350.944,20,11,0,1,0,80.0,0.0,80.0,430.944,1,Extreme
2014-02-06 21:30:00,310.808,21,2,1,1,1,80.0,40.0,120.0,430.808,1,Extreme
2013-03-24 17:00:00,350.781,17,3,0,1,0,80.0,0.0,80.0,430.781,1,Extreme
2013-03-30 19:30:00,350.664,19,3,0,1,0,80.0,0.0,80.0,430.664,1,Extreme
2013-11-03 19:00:00,350.62,19,11,0,1,0,80.0,0.0,80.0,430.62,1,Extreme
2014-01-17 21:00:00,310.545,21,1,1,1,1,80.0,40.0,120.0,430.545,1,Extreme
2013-12-16 17:00:00,310.542,17,12,1,1,1,80.0,40.0,120.0,430.542,1,Extreme
2014-02-25 21:00:00,310.424,21,2,1,1,1,80.0,40.0,120.0,430.424,1,Extreme
2013-11-16 18:30:00,350.323,18,11,0,1,0,80.0,0.0,80.0,430.323,1,Extreme
2013-11-28 18:30:00,350.294,18,11,0,1,0,80.0,0.0,80.0,430.294,1,Extreme
2013-03-17 20:30:00,350.268,20,3,0,1,0,80.0,0.0,80.0,430.268,1,Extreme
2013-11-18 19:00:00,350.265,19,11,0,1,0,80.0,0.0,80.0,430.265,1,Extreme
2014-02-21 20:30:00,310.178,20,2,1,1,1,80.0,40.0,120.0,430.178,1,Extreme
2013-03-06 20:00:00,350.072,20,3,0,1,0,80.0,0.0,80.0,430.072,1,Extreme
2014-01-24 21:30:00,310.059,21,1,1,1,1,80.0,40.0,120.0,430.059,1,Extreme
2014-01-02 17:00:00,310.058,17,1,1,1,1,80.0,40.0,120.0,430.058,1,Extreme
2014-01-08 21:30:00,310.002,21,1,1,1,1,80.0,40.0,120.0,430.002,1,Extreme
2013-11-05 19:30:00,349.978,19,11,0,1,0,80.0,0.0,80.0,429.978,1,Extreme
2013-03-30 20:00:00,349.948,20,3,0,1,0,80.0,0.0,80.0,429.948,1,Extreme
2013-11-30 19:30:00,349.947,19,11,0,1,0,80.0,0.0,80.0,429.947,1,Extreme
2013-03-06 19:30:00,349.944,19,3,0,1,0,80.0,0.0,80.0,429.944,1,Extreme
2013-12-25 18:30:00,309.875,18,12,1,1,1,80.0,40.0,120.0,429.875,1,Extreme
2013-03-27 20:30:00,349.767,20,3,0,1,0,80.0,0.0,80.0,429.767,1,Extreme
2014-01-03 21:30:00,309.75,21,1,1,1,1,80.0,40.0,120.0,429.75,1,Extreme
2013-12-07 20:30:00,309.645,20,12,1,1,1,80.0,40.0,120.0,429.645,1,Extreme
2014-02-14 21:30:00,309.638,21,2,1,1,1,80.0,40.0,120.0,429.638,1,Extreme
2014-02-21 18:00:00,309.61,18,2,1,1,1,80.0,40.0,120.0,429.61,1,Extreme
2013-11-12 18:30:00,349.438,18,11,0,1,0,80.0,0.0,80.0,429.438,1,Extreme
2013-03-22 18:00:00,349.432,18,3,0,1,0,80.0,0.0,80.0,429.432,1,Extreme
2014-02-01 21:30:00,309.403,21,2,1,1,1,80.0,40.0,120.0,429.403,1,Extreme
2013-03-16 19:30:00,349.392,19,3,0,1,0,80.0,0.0,80.0,429.392,1,Extreme
2013-11-05 18:30:00,349.241,18,11,0,1,0,80.0,0.0,80.0,429.241,1,Extreme
2014-02-23 21:00:00,309.139,21,2,1,1,1,80.0,40.0,120.0,429.139,1,Extreme
2013-03-06 18:30:00,349.138,18,3,0,1,0,80.0,0.0,80.0,429.138,1,Extreme
2013-11-13 18:00:00,349.123,18,11,0,1,0,80.0,0.0,80.0,429.123,1,Extreme
2014-01-29 17:00:00,309.087,17,1,1,1,1,80.0,40.0,120.0,429.087,1,Extreme
2013-12-25 19:00:00,308.989,19,12,1,1,1,80.0,40.0,120.0,428.989,1,Extreme
2014-01-25 17:00:00,308.965,17,1,1,1,1,80.0,40.0,120.0,428.965,1,Extreme
2013-11-30 19:00:00,348.95,19,11,0,1,0,80.0,0.0,80.0,428.95,1,Extreme
2013-03-19 21:00:00,348.925,21,3,0,1,0,80.0,0.0,80.0,428.925,1,Extreme
2013-12-04 21:30:00,308.74,21,12,1,1,1,80.0,40.0,120.0,428.74,1,Extreme
2013-11-16 19:00:00,348.729,19,11,0,1,0,80.0,0.0,80.0,428.729,1,Extreme
2013-02-14 17:30:00,308.705,17,2,1,1,1,80.0,40.0,120.0,428.705,1,Extreme
2013-02-22 17:00:00,308.698,17,2,1,1,1,80.0,40.0,120.0,428.698,1,Extreme
2013-11-13 20:00:00,348.66,20,11,0,1,0,80.0,0.0,80.0,428.66,1,Extreme
2013-03-10 17:30:00,348.611,17,3,0,1,0,80.0,0.0,80.0,428.611,1,Extreme
2013-11-25 20:30:00,348.463,20,11,0,1,0,80.0,0.0,80.0,428.463,1,Extreme
2014-01-25 21:30:00,308.386,21,1,1,1,1,80.0,40.0,120.0,428.386,1,Extreme
2013-11-22 18:30:00,348.309,18,11,0,1,0,80.0,0.0,80.0,428.309,1,Extreme
2013-04-02 19:30:00,348.183,19,4,0,1,0,80.0,0.0,80.0,428.183,1,Extreme
2013-03-05 20:30:00,348.085,20,3,0,1,0,80.0,0.0,80.0,428.085,1,Extreme
2014-01-09 17:00:00,308.024,17,1,1,1,1,80.0,40.0,120.0,428.024,1,Extreme
2013-11-04 19:00:00,348.009,19,11,0,1,0,80.0,0.0,80.0,428.009,1,Extreme
2013-03-15 20:30:00,347.948,20,3,0,1,0,80.0,0.0,80.0,427.948,1,Extreme
2013-11-29 19:30:00,347.89,19,11,0,1,0,80.0,0.0,80.0,427.89,1,Extreme
2013-11-11 20:00:00,347.861,20,11,0,1,0,80.0,0.0,80.0,427.861,1,Extreme
2013-04-03 20:00:00,347.813,20,4,0,1,0,80.0,0.0,80.0,427.813,1,Extreme
2014-01-18 21:00:00,307.813,21,1,1,1,1,80.0,40.0,120.0,427.813,1,Extreme
2013-11-03 18:30:00,347.741,18,11,0,1,0,80.0,0.0,80.0,427.741,1,Extreme
2013-12-13 21:30:00,307.412,21,12,1,1,1,80.0,40.0,120.0,427.412,1,Extreme
2013-03-28 19:30:00,347.303,19,3,0,1,0,80.0,0.0,80.0,427.303,1,Extreme
2013-11-10 18:00:00,347.248,18,11,0,1,0,80.0,0.0,80.0,427.248,1,Extreme
2013-02-19 17:30:00,307.04,17,2,1,1,1,80.0,40.0,120.0,427.04,1,Extreme
2013-11-10 17:30:00,346.945,17,11,0,1,0,80.0,0.0,80.0,426.945,1,Extreme
2013-03-18 21:30:00,346.827,21,3,0,1,0,80.0,0.0,80.0,426.827,1,Extreme
2013-11-23 20:00:00,346.785,20,11,0,1,0,80.0,0.0,80.0,426.785,1,Extreme
2013-12-27 21:30:00,306.508,21,12,1,1,1,80.0,40.0,120.0,426.508,1,Extreme
2014-02-07 21:00:00,306.467,21,2,1,1,1,80.0,40.0,120.0,426.467,1,Extreme
2013-03-09 21:00:00,346.3,21,3,0,1,0,80.0,0.0,80.0,426.3,1,Extreme
2013-11-05 19:00:00,346.132,19,11,0,1,0,80.0,0.0,80.0,426.132,1,Extreme
2013-02-27 18:00:00,306.063,18,2,1,1,1,80.0,40.0,120.0,426.063,1,Extreme
2014-02-13 17:30:00,306.009,17,2,1,1,1,80.0,40.0,120.0,426.009,1,Extreme
2013-10-29 19:00:00,345.995,19,10,0,1,0,80.0,0.0,80.0,425.995,1,Extreme
2013-01-20 13:00:00,425.94,13,1,1,0,0,0.0,0.0,0.0,425.94,1,Extreme
2013-11-09 18:30:00,345.926,18,11,0,1,0,80.0,0.0,80.0,425.926,1,Extreme
2014-02-02 17:00:00,305.803,17,2,1,1,1,80.0,40.0,120.0,425.803,1,Extreme
2013-11-10 20:30:00,345.777,20,11,0,1,0,80.0,0.0,80.0,425.777,1,Extreme
2013-11-19 18:00:00,345.745,18,11,0,1,0,80.0,0.0,80.0,425.745,1,Extreme
2013-01-09 17:00:00,305.744,17,1,1,1,1,80.0,40.0,120.0,425.744,1,Extreme
2014-01-21 17:00:00,305.719,17,1,1,1,1,80.0,40.0,120.0,425.719,1,Extreme
2013-03-29 19:00:00,345.693,19,3,0,1,0,80.0,0.0,80.0,425.693,1,Extreme
2013-11-24 20:30:00,345.503,20,11,0,1,0,80.0,0.0,80.0,425.503,1,Extreme
2013-12-26 21:30:00,305.499,21,12,1,1,1,80.0,40.0,120.0,425.499,1,Extreme
2014-02-15 21:00:00,305.485,21,2,1,1,1,80.0,40.0,120.0,425.485,1,Extreme
2014-01-14 17:00:00,305.372,17,1,1,1,1,80.0,40.0,120.0,425.372,1,Extreme
2013-04-01 20:00:00,345.206,20,4,0,1,0,80.0,0.0,80.0,425.206,1,Extreme
2013-04-04 18:00:00,345.046,18,4,0,1,0,80.0,0.0,80.0,425.046,1,Extreme
2013-11-22 18:00:00,345.008,18,11,0,1,0,80.0,0.0,80.0,425.008,1,Extreme
2014-01-27 17:00:00,304.904,17,1,1,1,1,80.0,40.0,120.0,424.904,1,Extreme
2013-11-11 18:00:00,344.895,18,11,0,1,0,80.0,0.0,80.0,424.895,1,Extreme
2013-11-28 20:00:00,344.888,20,11,0,1,0,80.0,0.0,80.0,424.888,1,Extreme
2014-02-20 18:00:00,304.874,18,2,1,1,1,80.0,40.0,120.0,424.874,1,Extreme
2013-03-25 17:30:00,344.782,17,3,0,1,0,80.0,0.0,80.0,424.782,1,Extreme
2013-11-09 18:00:00,344.773,18,11,0,1,0,80.0,0.0,80.0,424.773,1,Extreme
2013-03-26 18:00:00,344.721,18,3,0,1,0,80.0,0.0,80.0,424.721,1,Extreme
2013-01-20 16:00:00,424.558,16,1,1,0,0,0.0,0.0,0.0,424.558,1,Extreme
2013-11-23 18:00:00,344.445,18,11,0,1,0,80.0,0.0,80.0,424.445,1,Extreme
2014-01-13 17:00:00,304.37,17,1,1,1,1,80.0,40.0,120.0,424.37,1,Extreme
2013-03-16 20:00:00,344.32,20,3,0,1,0,80.0,0.0,80.0,424.32,1,Extreme
2014-01-01 21:30:00,304.187,21,1,1,1,1,80.0,40.0,120.0,424.187,1,Extreme
2013-11-17 17:00:00,344.171,17,11,0,1,0,80.0,0.0,80.0,424.171,1,Extreme
2013-12-28 21:00:00,304.117,21,12,1,1,1,80.0,40.0,120.0,424.117,1,Extreme
2014-02-26 18:00:00,304.11,18,2,1,1,1,80.0,40.0,120.0,424.11,1,Extreme
2013-12-04 17:00:00,304.091,17,12,1,1,1,80.0,40.0,120.0,424.091,1,Extreme
2013-11-12 19:30:00,343.953,19,11,0,1,0,80.0,0.0,80.0,423.953,1,Extreme
2014-02-06 17:00:00,303.918,17,2,1,1,1,80.0,40.0,120.0,423.918,1,Extreme
2014-02-17 21:30:00,303.9,21,2,1,1,1,80.0,40.0,120.0,423.9,1,Extreme
2013-02-16 21:30:00,303.694,21,2,1,1,1,80.0,40.0,120.0,423.694,1,Extreme
2013-12-14 21:00:00,303.596,21,12,1,1,1,80.0,40.0,120.0,423.596,1,Extreme
2013-04-02 20:00:00,343.558,20,4,0,1,0,80.0,0.0,80.0,423.558,1,Extreme
2014-02-23 17:30:00,303.151,17,2,1,1,1,80.0,40.0,120.0,423.151,1,Extreme
2013-01-19 16:30:00,423.077,16,1,1,0,0,0.0,0.0,0.0,423.077,1,Extreme
2014-02-01 17:00:00,303.068,17,2,1,1,1,80.0,40.0,120.0,423.068,1,Extreme
2013-04-08 20:00:00,343.038,20,4,0,1,0,80.0,0.0,80.0,423.038,1,Extreme
2013-01-20 13:30:00,423.027,13,1,1,0,0,0.0,0.0,0.0,423.027,1,Extreme
2013-03-12 18:00:00,343.004,18,3,0,1,0,80.0,0.0,80.0,423.004,1,Extreme
2013-12-06 21:30:00,302.97,21,12,1,1,1,80.0,40.0,120.0,422.97,1,Extreme
2013-12-02 17:00:00,302.855,17,12,1,1,1,80.0,40.0,120.0,422.855,1,Extreme
2013-03-01 18:00:00,342.825,18,3,0,1,0,80.0,0.0,80.0,422.825,1,Extreme
2013-12-25 17:30:00,302.62,17,12,1,1,1,80.0,40.0,120.0,422.62,1,Extreme
2014-02-10 17:30:00,302.613,17,2,1,1,1,80.0,40.0,120.0,422.613,1,Extreme
2014-02-25 21:30:00,302.613,21,2,1,1,1,80.0,40.0,120.0,422.613,1,Extreme
2014-01-06 17:00:00,302.562,17,1,1,1,1,80.0,40.0,120.0,422.562,1,Extreme
2014-01-04 21:30:00,302.52,21,1,1,1,1,80.0,40.0,120.0,422.52,1,Extreme
2013-11-04 19:30:00,342.39,19,11,0,1,0,80.0,0.0,80.0,422.39,1,Extreme
2014-01-17 21:30:00,302.345,21,1,1,1,1,80.0,40.0,120.0,422.345,1,Extreme
2013-11-19 20:30:00,342.298,20,11,0,1,0,80.0,0.0,80.0,422.298,1,Extreme
2013-04-09 19:00:00,342.201,19,4,0,1,0,80.0,0.0,80.0,422.201,1,Extreme
2013-03-17 18:30:00,342.188,18,3,0,1,0,80.0,0.0,80.0,422.188,1,Extreme
2013-03-03 18:00:00,342.099,18,3,0,1,0,80.0,0.0,80.0,422.099,1,Extreme
2013-11-25 18:00:00,342.076,18,11,0,1,0,80.0,0.0,80.0,422.076,1,Extreme
2013-03-13 18:00:00,342.03,18,3,0,1,0,80.0,0.0,80.0,422.03,1,Extreme
2013-11-03 19:30:00,341.825,19,11,0,1,0,80.0,0.0,80.0,421.825,1,Extreme
2013-12-31 21:30:00,301.82,21,12,1,1,1,80.0,40.0,120.0,421.82,1,Extreme
2013-11-26 17:00:00,341.786,17,11,0,1,0,80.0,0.0,80.0,421.786,1,Extreme
2014-02-26 21:30:00,301.752,21,2,1,1,1,80.0,40.0,120.0,421.752,1,Extreme
2013-04-03 20:30:00,341.553,20,4,0,1,0,80.0,0.0,80.0,421.553,1,Extreme
2013-11-04 18:30:00,341.545,18,11,0,1,0,80.0,0.0,80.0,421.545,1,Extreme
2014-02-23 21:30:00,301.466,21,2,1,1,1,80.0,40.0,120.0,421.466,1,Extreme
2013-04-02 20:30:00,341.435,20,4,0,1,0,80.0,0.0,80.0,421.435,1,Extreme
2014-02-08 17:00:00,301.4,17,2,1,1,1,80.0,40.0,120.0,421.4,1,Extreme
2013-11-26 19:30:00,341.204,19,11,0,1,0,80.0,0.0,80.0,421.204,1,Extreme
2013-11-18 20:30:00,341.15500000000003,20,11,0,1,0,80.0,0.0,80.0,421.15500000000003,1,Extreme
2013-12-25 19:30:00,301.152,19,12,1,1,1,80.0,40.0,120.0,421.152,1,Extreme
2013-03-28 19:00:00,341.128,19,3,0,1,0,80.0,0.0,80.0,421.128,1,Extreme
2013-12-09 17:00:00,301.117,17,12,1,1,1,80.0,40.0,120.0,421.117,1,Extreme
2013-11-16 19:30:00,340.983,19,11,0,1,0,80.0,0.0,80.0,420.983,1,Extreme
2013-04-01 20:30:00,340.943,20,4,0,1,0,80.0,0.0,80.0,420.943,1,Extreme
2013-11-26 19:00:00,340.749,19,11,0,1,0,80.0,0.0,80.0,420.749,1,Extreme
2013-03-28 20:00:00,340.738,20,3,0,1,0,80.0,0.0,80.0,420.738,1,Extreme
2013-12-15 21:00:00,300.721,21,12,1,1,1,80.0,40.0,120.0,420.721,1,Extreme
2013-03-15 21:00:00,340.585,21,3,0,1,0,80.0,0.0,80.0,420.585,1,Extreme
2013-03-20 18:00:00,340.539,18,3,0,1,0,80.0,0.0,80.0,420.539,1,Extreme
2014-02-07 21:30:00,300.524,21,2,1,1,1,80.0,40.0,120.0,420.524,1,Extreme
2013-12-25 20:00:00,300.471,20,12,1,1,1,80.0,40.0,120.0,420.471,1,Extreme
2014-02-24 21:00:00,300.151,21,2,1,1,1,80.0,40.0,120.0,420.151,1,Extreme
2014-02-19 21:00:00,300.072,21,2,1,1,1,80.0,40.0,120.0,420.072,1,Extreme
2014-01-20 17:00:00,300.012,17,1,1,1,1,80.0,40.0,120.0,420.012,1,Extreme
2014-01-16 21:30:00,299.907,21,1,1,1,1,80.0,40.0,120.0,419.907,1,Extreme
2013-11-17 20:00:00,339.823,20,11,0,1,0,80.0,0.0,80.0,419.823,1,Extreme
2013-11-30 17:30:00,339.794,17,11,0,1,0,80.0,0.0,80.0,419.794,1,Extreme
2013-11-03 17:00:00,339.758,17,11,0,1,0,80.0,0.0,80.0,419.758,1,Extreme
2014-01-10 21:30:00,299.749,21,1,1,1,1,80.0,40.0,120.0,419.749,1,Extreme
2013-11-11 20:30:00,339.742,20,11,0,1,0,80.0,0.0,80.0,419.742,1,Extreme
2014-02-22 20:30:00,299.73,20,2,1,1,1,80.0,40.0,120.0,419.73,1,Extreme
2013-02-18 17:30:00,299.614,17,2,1,1,1,80.0,40.0,120.0,419.614,1,Extreme
2013-04-04 21:00:00,339.417,21,4,0,1,0,80.0,0.0,80.0,419.417,1,Extreme
2013-12-14 21:30:00,299.379,21,12,1,1,1,80.0,40.0,120.0,419.379,1,Extreme
2013-01-20 16:30:00,419.374,16,1,1,0,0,0.0,0.0,0.0,419.374,1,Extreme
2014-01-24 17:00:00,299.232,17,1,1,1,1,80.0,40.0,120.0,419.232,1,Extreme
2013-02-05 17:00:00,299.176,17,2,1,1,1,80.0,40.0,120.0,419.176,1,Extreme
2014-02-20 21:00:00,299.158,21,2,1,1,1,80.0,40.0,120.0,419.158,1,Extreme
2013-03-08 20:30:00,339.15500000000003,20,3,0,1,0,80.0,0.0,80.0,419.15500000000003,1,Extreme
2013-11-15 20:00:00,339.144,20,11,0,1,0,80.0,0.0,80.0,419.144,1,Extreme
2013-11-09 17:30:00,339.027,17,11,0,1,0,80.0,0.0,80.0,419.027,1,Extreme
2013-11-15 19:30:00,338.967,19,11,0,1,0,80.0,0.0,80.0,418.967,1,Extreme
2013-01-19 14:00:00,418.919,14,1,1,0,0,0.0,0.0,0.0,418.919,1,Extreme
2013-11-29 20:00:00,338.906,20,11,0,1,0,80.0,0.0,80.0,418.906,1,Extreme
2013-11-06 19:30:00,338.778,19,11,0,1,0,80.0,0.0,80.0,418.778,1,Extreme
2013-03-27 21:00:00,338.343,21,3,0,1,0,80.0,0.0,80.0,418.343,1,Extreme
2013-11-16 20:00:00,338.228,20,11,0,1,0,80.0,0.0,80.0,418.228,1,Extreme
2013-03-01 21:00:00,338.062,21,3,0,1,0,80.0,0.0,80.0,418.062,1,Extreme
2014-02-05 17:00:00,297.857,17,2,1,1,1,80.0,40.0,120.0,417.857,1,Extreme
2013-03-19 21:30:00,337.856,21,3,0,1,0,80.0,0.0,80.0,417.856,1,Extreme
2014-01-19 20:30:00,297.795,20,1,1,1,1,80.0,40.0,120.0,417.795,1,Extreme
2013-11-08 19:30:00,337.732,19,11,0,1,0,80.0,0.0,80.0,417.732,1,Extreme
2013-12-21 21:00:00,297.64300000000003,21,12,1,1,1,80.0,40.0,120.0,417.64300000000003,1,Extreme
2013-11-30 20:00:00,337.596,20,11,0,1,0,80.0,0.0,80.0,417.596,1,Extreme
2014-01-16 17:00:00,297.534,17,1,1,1,1,80.0,40.0,120.0,417.534,1,Extreme
2013-03-31 19:30:00,337.524,19,3,0,1,0,80.0,0.0,80.0,417.524,1,Extreme
2013-11-30 18:00:00,337.424,18,11,0,1,0,80.0,0.0,80.0,417.424,1,Extreme
2013-11-08 19:00:00,337.413,19,11,0,1,0,80.0,0.0,80.0,417.413,1,Extreme
2013-12-25 18:00:00,297.298,18,12,1,1,1,80.0,40.0,120.0,417.298,1,Extreme
2013-11-05 20:00:00,337.295,20,11,0,1,0,80.0,0.0,80.0,417.295,1,Extreme
2013-11-17 20:30:00,337.196,20,11,0,1,0,80.0,0.0,80.0,417.196,1,Extreme
2013-11-23 17:30:00,337.151,17,11,0,1,0,80.0,0.0,80.0,417.151,1,Extreme
2013-01-17 22:00:00,376.66,22,1,1,0,1,0.0,40.0,40.0,416.66,1,Extreme
2013-03-31 20:00:00,336.543,20,3,0,1,0,80.0,0.0,80.0,416.543,1,Extreme
2014-02-24 17:30:00,296.509,17,2,1,1,1,80.0,40.0,120.0,416.509,1,Extreme
2013-03-09 18:00:00,336.346,18,3,0,1,0,80.0,0.0,80.0,416.346,1,Extreme
2013-02-04 17:00:00,296.317,17,2,1,1,1,80.0,40.0,120.0,416.317,1,Extreme
2013-10-29 18:30:00,336.262,18,10,0,1,0,80.0,0.0,80.0,416.262,1,Extreme
2013-03-09 21:30:00,336.249,21,3,0,1,0,80.0,0.0,80.0,416.249,1,Extreme
2013-03-22 21:30:00,336.192,21,3,0,1,0,80.0,0.0,80.0,416.192,1,Extreme
2013-03-23 17:00:00,335.934,17,3,0,1,0,80.0,0.0,80.0,415.934,1,Extreme
2013-11-26 18:30:00,335.926,18,11,0,1,0,80.0,0.0,80.0,415.926,1,Extreme
2014-02-15 21:30:00,295.83,21,2,1,1,1,80.0,40.0,120.0,415.83,1,Extreme
2013-11-22 20:30:00,335.828,20,11,0,1,0,80.0,0.0,80.0,415.828,1,Extreme
2014-01-07 17:00:00,295.731,17,1,1,1,1,80.0,40.0,120.0,415.731,1,Extreme
2013-11-28 20:30:00,335.65,20,11,0,1,0,80.0,0.0,80.0,415.65,1,Extreme
2014-02-27 18:00:00,295.597,18,2,1,1,1,80.0,40.0,120.0,415.597,1,Extreme
2013-03-02 21:30:00,335.591,21,3,0,1,0,80.0,0.0,80.0,415.591,1,Extreme
2013-01-16 22:00:00,375.585,22,1,1,0,1,0.0,40.0,40.0,415.585,1,Extreme
2013-03-30 20:30:00,335.55,20,3,0,1,0,80.0,0.0,80.0,415.55,1,Extreme
2013-04-01 19:00:00,335.396,19,4,0,1,0,80.0,0.0,80.0,415.396,1,Extreme
2013-03-01 21:30:00,335.382,21,3,0,1,0,80.0,0.0,80.0,415.382,1,Extreme
2013-03-20 21:30:00,335.377,21,3,0,1,0,80.0,0.0,80.0,415.377,1,Extreme
2013-03-19 18:30:00,335.295,18,3,0,1,0,80.0,0.0,80.0,415.295,1,Extreme
2014-02-22 21:00:00,295.277,21,2,1,1,1,80.0,40.0,120.0,415.277,1,Extreme
2013-11-07 19:00:00,334.954,19,11,0,1,0,80.0,0.0,80.0,414.954,1,Extreme
2014-02-25 18:00:00,294.913,18,2,1,1,1,80.0,40.0,120.0,414.913,1,Extreme
2013-04-03 18:00:00,334.897,18,4,0,1,0,80.0,0.0,80.0,414.897,1,Extreme
2013-03-07 21:00:00,334.851,21,3,0,1,0,80.0,0.0,80.0,414.851,1,Extreme
2013-11-16 17:30:00,334.59,17,11,0,1,0,80.0,0.0,80.0,414.59,1,Extreme
2013-11-03 17:30:00,334.558,17,11,0,1,0,80.0,0.0,80.0,414.558,1,Extreme
2013-10-11 18:30:00,334.525,18,10,0,1,0,80.0,0.0,80.0,414.525,1,Extreme
2013-11-21 21:00:00,334.513,21,11,0,1,0,80.0,0.0,80.0,414.513,1,Extreme
2013-11-27 19:00:00,334.379,19,11,0,1,0,80.0,0.0,80.0,414.379,1,Extreme
2013-10-29 19:30:00,334.323,19,10,0,1,0,80.0,0.0,80.0,414.323,1,Extreme
2013-03-04 18:00:00,334.319,18,3,0,1,0,80.0,0.0,80.0,414.319,1,Extreme
2013-12-21 21:30:00,294.286,21,12,1,1,1,80.0,40.0,120.0,414.286,1,Extreme
2014-02-19 17:30:00,294.102,17,2,1,1,1,80.0,40.0,120.0,414.102,1,Extreme
2013-11-13 20:30:00,334.076,20,11,0,1,0,80.0,0.0,80.0,414.076,1,Extreme
2013-03-27 21:30:00,334.041,21,3,0,1,0,80.0,0.0,80.0,414.041,1,Extreme
2014-02-21 21:00:00,293.885,21,2,1,1,1,80.0,40.0,120.0,413.885,1,Extreme
2014-01-18 21:30:00,293.786,21,1,1,1,1,80.0,40.0,120.0,413.786,1,Extreme
2013-11-08 18:30:00,333.61,18,11,0,1,0,80.0,0.0,80.0,413.61,1,Extreme
2013-10-30 19:00:00,333.184,19,10,0,1,0,80.0,0.0,80.0,413.184,1,Extreme
2013-11-09 19:00:00,333.047,19,11,0,1,0,80.0,0.0,80.0,413.047,1,Extreme
2014-02-17 17:30:00,293.0,17,2,1,1,1,80.0,40.0,120.0,413.0,1,Extreme
2013-03-27 18:30:00,332.952,18,3,0,1,0,80.0,0.0,80.0,412.952,1,Extreme
2014-02-14 17:00:00,292.862,17,2,1,1,1,80.0,40.0,120.0,412.862,1,Extreme
2013-11-26 20:00:00,332.822,20,11,0,1,0,80.0,0.0,80.0,412.822,1,Extreme
2013-04-08 19:30:00,332.793,19,4,0,1,0,80.0,0.0,80.0,412.793,1,Extreme
2013-12-15 21:30:00,292.793,21,12,1,1,1,80.0,40.0,120.0,412.793,1,Extreme
2013-11-04 20:00:00,332.748,20,11,0,1,0,80.0,0.0,80.0,412.748,1,Extreme
2013-10-14 18:30:00,332.724,18,10,0,1,0,80.0,0.0,80.0,412.724,1,Extreme
2013-03-08 18:00:00,332.71,18,3,0,1,0,80.0,0.0,80.0,412.71,1,Extreme
2013-03-15 21:30:00,332.609,21,3,0,1,0,80.0,0.0,80.0,412.609,1,Extreme
2013-11-27 18:30:00,332.548,18,11,0,1,0,80.0,0.0,80.0,412.548,1,Extreme
2013-10-28 19:00:00,332.53,19,10,0,1,0,80.0,0.0,80.0,412.53,1,Extreme
2013-03-17 21:00:00,332.495,21,3,0,1,0,80.0,0.0,80.0,412.495,1,Extreme
2013-03-11 17:00:00,332.395,17,3,0,1,0,80.0,0.0,80.0,412.395,1,Extreme
2013-12-28 21:30:00,292.131,21,12,1,1,1,80.0,40.0,120.0,412.131,1,Extreme
2013-03-15 18:00:00,332.107,18,3,0,1,0,80.0,0.0,80.0,412.107,1,Extreme
2013-02-17 17:00:00,292.045,17,2,1,1,1,80.0,40.0,120.0,412.045,1,Extreme
2013-11-18 21:00:00,331.806,21,11,0,1,0,80.0,0.0,80.0,411.806,1,Extreme
2013-11-18 18:00:00,331.789,18,11,0,1,0,80.0,0.0,80.0,411.789,1,Extreme
2013-03-10 17:00:00,331.707,17,3,0,1,0,80.0,0.0,80.0,411.707,1,Extreme
2014-02-08 21:30:00,291.683,21,2,1,1,1,80.0,40.0,120.0,411.683,1,Extreme
2013-11-07 19:30:00,331.617,19,11,0,1,0,80.0,0.0,80.0,411.617,1,Extreme
2013-04-09 19:30:00,331.586,19,4,0,1,0,80.0,0.0,80.0,411.586,1,Extreme
2013-11-22 17:30:00,331.514,17,11,0,1,0,80.0,0.0,80.0,411.514,1,Extreme
2013-11-25 21:00:00,331.399,21,11,0,1,0,80.0,0.0,80.0,411.399,1,Extreme
2013-11-16 18:00:00,331.303,18,11,0,1,0,80.0,0.0,80.0,411.303,1,Extreme
2013-10-30 18:30:00,331.21,18,10,0,1,0,80.0,0.0,80.0,411.21,1,Extreme
2013-03-30 18:30:00,331.112,18,3,0,1,0,80.0,0.0,80.0,411.112,1,Extreme
2013-02-28 17:30:00,291.094,17,2,1,1,1,80.0,40.0,120.0,411.094,1,Extreme
2013-11-27 19:30:00,331.053,19,11,0,1,0,80.0,0.0,80.0,411.053,1,Extreme
2013-04-07 19:30:00,330.845,19,4,0,1,0,80.0,0.0,80.0,410.845,1,Extreme
2013-10-28 19:30:00,330.765,19,10,0,1,0,80.0,0.0,80.0,410.765,1,Extreme
2014-02-19 21:30:00,290.714,21,2,1,1,1,80.0,40.0,120.0,410.714,1,Extreme
2013-11-06 18:00:00,330.617,18,11,0,1,0,80.0,0.0,80.0,410.617,1,Extreme
2013-11-19 17:30:00,330.238,17,11,0,1,0,80.0,0.0,80.0,410.238,1,Extreme
2013-03-18 18:00:00,330.224,18,3,0,1,0,80.0,0.0,80.0,410.224,1,Extreme
2013-12-07 21:00:00,289.859,21,12,1,1,1,80.0,40.0,120.0,409.859,1,Extreme
2013-11-12 20:00:00,329.846,20,11,0,1,0,80.0,0.0,80.0,409.846,1,Extreme
2014-02-20 21:30:00,289.823,21,2,1,1,1,80.0,40.0,120.0,409.823,1,Extreme
2014-01-30 17:00:00,289.587,17,1,1,1,1,80.0,40.0,120.0,409.587,1,Extreme
2014-01-15 17:00:00,289.399,17,1,1,1,1,80.0,40.0,120.0,409.399,1,Extreme
2013-11-15 18:00:00,329.284,18,11,0,1,0,80.0,0.0,80.0,409.284,1,Extreme
2013-11-14 20:30:00,329.09,20,11,0,1,0,80.0,0.0,80.0,409.09,1,Extreme
2013-03-06 20:30:00,329.066,20,3,0,1,0,80.0,0.0,80.0,409.066,1,Extreme
2013-11-11 17:30:00,329.03,17,11,0,1,0,80.0,0.0,80.0,409.03,1,Extreme
2013-04-04 17:30:00,329.009,17,4,0,1,0,80.0,0.0,80.0,409.009,1,Extreme
2013-11-14 17:30:00,328.861,17,11,0,1,0,80.0,0.0,80.0,408.861,1,Extreme
2014-02-21 21:30:00,288.812,21,2,1,1,1,80.0,40.0,120.0,408.812,1,Extreme
2013-11-29 18:00:00,328.695,18,11,0,1,0,80.0,0.0,80.0,408.695,1,Extreme
2013-11-29 20:30:00,328.582,20,11,0,1,0,80.0,0.0,80.0,408.582,1,Extreme
2013-11-20 21:30:00,328.468,21,11,0,1,0,80.0,0.0,80.0,408.468,1,Extreme
2013-01-20 15:30:00,408.451,15,1,1,0,0,0.0,0.0,0.0,408.451,1,Extreme
2013-03-23 21:30:00,328.425,21,3,0,1,0,80.0,0.0,80.0,408.425,1,Extreme
2013-10-30 19:30:00,328.385,19,10,0,1,0,80.0,0.0,80.0,408.385,1,Extreme
2013-03-21 18:00:00,328.349,18,3,0,1,0,80.0,0.0,80.0,408.349,1,Extreme
2013-04-09 20:00:00,328.161,20,4,0,1,0,80.0,0.0,80.0,408.161,1,Extreme
2013-11-28 18:00:00,328.124,18,11,0,1,0,80.0,0.0,80.0,408.124,1,Extreme
2014-02-15 17:30:00,288.085,17,2,1,1,1,80.0,40.0,120.0,408.085,1,Extreme
2013-02-05 22:00:00,367.936,22,2,1,0,1,0.0,40.0,40.0,407.936,1,Extreme
2013-03-29 20:00:00,327.836,20,3,0,1,0,80.0,0.0,80.0,407.836,1,Extreme
2013-03-14 18:00:00,327.829,18,3,0,1,0,80.0,0.0,80.0,407.829,1,Extreme
2013-10-28 18:30:00,327.761,18,10,0,1,0,80.0,0.0,80.0,407.761,1,Extreme
2013-11-26 20:30:00,327.753,20,11,0,1,0,80.0,0.0,80.0,407.753,1,Extreme
2013-10-14 18:00:00,327.737,18,10,0,1,0,80.0,0.0,80.0,407.737,1,Extreme
2013-11-18 17:30:00,327.445,17,11,0,1,0,80.0,0.0,80.0,407.445,1,Extreme
2013-11-21 21:30:00,327.362,21,11,0,1,0,80.0,0.0,80.0,407.362,1,Extreme
2013-11-23 20:30:00,327.32,20,11,0,1,0,80.0,0.0,80.0,407.32,1,Extreme
2013-11-25 17:30:00,327.308,17,11,0,1,0,80.0,0.0,80.0,407.308,1,Extreme
2013-12-25 20:30:00,287.233,20,12,1,1,1,80.0,40.0,120.0,407.233,1,Extreme
2013-03-16 18:30:00,327.14,18,3,0,1,0,80.0,0.0,80.0,407.14,1,Extreme
2013-04-02 19:00:00,326.968,19,4,0,1,0,80.0,0.0,80.0,406.968,1,Extreme
2013-11-07 18:30:00,326.952,18,11,0,1,0,80.0,0.0,80.0,406.952,1,Extreme
2013-11-11 21:00:00,326.947,21,11,0,1,0,80.0,0.0,80.0,406.947,1,Extreme
2013-02-27 17:30:00,286.935,17,2,1,1,1,80.0,40.0,120.0,406.935,1,Extreme
2014-02-16 17:00:00,286.851,17,2,1,1,1,80.0,40.0,120.0,406.851,1,Extreme
2013-11-06 20:00:00,326.758,20,11,0,1,0,80.0,0.0,80.0,406.758,1,Extreme
2014-01-17 17:00:00,286.741,17,1,1,1,1,80.0,40.0,120.0,406.741,1,Extreme
2013-04-05 19:30:00,326.517,19,4,0,1,0,80.0,0.0,80.0,406.517,1,Extreme
2013-10-16 18:30:00,326.459,18,10,0,1,0,80.0,0.0,80.0,406.459,1,Extreme
2013-11-19 21:00:00,326.416,21,11,0,1,0,80.0,0.0,80.0,406.416,1,Extreme
2013-11-20 21:00:00,326.387,21,11,0,1,0,80.0,0.0,80.0,406.387,1,Extreme
2013-11-24 21:00:00,326.386,21,11,0,1,0,80.0,0.0,80.0,406.386,1,Extreme
2014-01-19 21:30:00,286.368,21,1,1,1,1,80.0,40.0,120.0,406.368,1,Extreme
2013-01-20 14:00:00,406.306,14,1,1,0,0,0.0,0.0,0.0,406.306,1,Extreme
2013-10-15 18:30:00,326.063,18,10,0,1,0,80.0,0.0,80.0,406.063,1,Extreme
2013-03-07 21:30:00,325.843,21,3,0,1,0,80.0,0.0,80.0,405.843,1,Extreme
2013-04-10 19:30:00,325.573,19,4,0,1,0,80.0,0.0,80.0,405.573,1,Extreme
2013-04-03 17:30:00,325.147,17,4,0,1,0,80.0,0.0,80.0,405.147,1,Extreme
2013-10-30 20:00:00,325.07,20,10,0,1,0,80.0,0.0,80.0,405.07,1,Extreme
2013-04-08 20:30:00,325.008,20,4,0,1,0,80.0,0.0,80.0,405.008,1,Extreme
2013-12-25 21:00:00,284.993,21,12,1,1,1,80.0,40.0,120.0,404.993,1,Extreme
2013-01-25 22:00:00,364.932,22,1,1,0,1,0.0,40.0,40.0,404.932,1,Extreme
2013-02-11 22:00:00,364.815,22,2,1,0,1,0.0,40.0,40.0,404.815,1,Extreme
2013-11-03 20:00:00,324.784,20,11,0,1,0,80.0,0.0,80.0,404.784,1,Extreme
2013-01-22 22:00:00,364.677,22,1,1,0,1,0.0,40.0,40.0,404.677,1,Extreme
2013-11-26 17:30:00,324.386,17,11,0,1,0,80.0,0.0,80.0,404.386,1,Extreme
2013-02-01 17:00:00,284.174,17,2,1,1,1,80.0,40.0,120.0,404.174,1,Extreme
2013-10-21 18:00:00,324.164,18,10,0,1,0,80.0,0.0,80.0,404.164,1,Extreme
2013-03-28 20:30:00,324.04,20,3,0,1,0,80.0,0.0,80.0,404.04,1,Extreme
2014-01-19 21:00:00,283.827,21,1,1,1,1,80.0,40.0,120.0,403.827,1,Extreme
2013-11-08 20:00:00,323.748,20,11,0,1,0,80.0,0.0,80.0,403.748,1,Extreme
2013-03-06 21:00:00,323.676,21,3,0,1,0,80.0,0.0,80.0,403.676,1,Extreme
2013-04-05 19:00:00,323.672,19,4,0,1,0,80.0,0.0,80.0,403.672,1,Extreme
2013-10-31 18:30:00,323.654,18,10,0,1,0,80.0,0.0,80.0,403.654,1,Extreme
2013-01-19 16:00:00,403.598,16,1,1,0,0,0.0,0.0,0.0,403.598,1,Extreme
2013-11-30 17:00:00,323.56,17,11,0,1,0,80.0,0.0,80.0,403.56,1,Extreme
2013-12-25 21:30:00,283.514,21,12,1,1,1,80.0,40.0,120.0,403.514,1,Extreme
2013-04-07 19:00:00,323.5,19,4,0,1,0,80.0,0.0,80.0,403.5,1,Extreme
2013-11-26 21:00:00,323.35,21,11,0,1,0,80.0,0.0,80.0,403.35,1,Extreme
2013-03-05 21:30:00,323.213,21,3,0,1,0,80.0,0.0,80.0,403.213,1,Extreme
2014-01-23 17:00:00,283.181,17,1,1,1,1,80.0,40.0,120.0,403.181,1,Extreme
2013-11-27 20:00:00,323.109,20,11,0,1,0,80.0,0.0,80.0,403.109,1,Extreme
2013-02-15 17:00:00,283.027,17,2,1,1,1,80.0,40.0,120.0,403.027,1,Extreme
2014-01-19 17:00:00,283.027,17,1,1,1,1,80.0,40.0,120.0,403.027,1,Extreme
2013-11-27 17:00:00,322.993,17,11,0,1,0,80.0,0.0,80.0,402.993,1,Extreme
2013-03-17 17:00:00,322.944,17,3,0,1,0,80.0,0.0,80.0,402.944,1,Extreme
2013-01-21 22:00:00,362.935,22,1,1,0,1,0.0,40.0,40.0,402.935,1,Extreme
2013-11-20 17:00:00,322.854,17,11,0,1,0,80.0,0.0,80.0,402.854,1,Extreme
2013-04-03 21:00:00,322.843,21,4,0,1,0,80.0,0.0,80.0,402.843,1,Extreme
2013-11-13 17:30:00,322.806,17,11,0,1,0,80.0,0.0,80.0,402.806,1,Extreme
2013-10-11 18:00:00,322.686,18,10,0,1,0,80.0,0.0,80.0,402.686,1,Extreme
2013-10-15 19:00:00,322.485,19,10,0,1,0,80.0,0.0,80.0,402.485,1,Extreme
2013-11-17 21:00:00,322.47,21,11,0,1,0,80.0,0.0,80.0,402.47,1,Extreme
2014-01-22 17:00:00,282.425,17,1,1,1,1,80.0,40.0,120.0,402.425,1,Extreme
2013-04-09 18:30:00,322.345,18,4,0,1,0,80.0,0.0,80.0,402.345,1,Extreme
2013-11-10 21:00:00,322.284,21,11,0,1,0,80.0,0.0,80.0,402.284,1,Extreme
2013-03-16 20:30:00,322.249,20,3,0,1,0,80.0,0.0,80.0,402.249,1,Extreme
2013-01-15 22:00:00,362.095,22,1,1,0,1,0.0,40.0,40.0,402.095,1,Extreme
2013-11-04 18:00:00,321.978,18,11,0,1,0,80.0,0.0,80.0,401.978,1,Extreme
2014-02-23 17:00:00,281.926,17,2,1,1,1,80.0,40.0,120.0,401.926,1,Extreme
2013-10-15 18:00:00,321.881,18,10,0,1,0,80.0,0.0,80.0,401.881,1,Extreme
2013-01-23 22:00:00,361.878,22,1,1,0,1,0.0,40.0,40.0,401.878,1,Extreme
2013-04-09 20:30:00,321.689,20,4,0,1,0,80.0,0.0,80.0,401.689,1,Extreme
2013-11-26 18:00:00,321.491,18,11,0,1,0,80.0,0.0,80.0,401.491,1,Extreme
2013-04-05 18:30:00,321.402,18,4,0,1,0,80.0,0.0,80.0,401.402,1,Extreme
2014-02-22 21:30:00,281.339,21,2,1,1,1,80.0,40.0,120.0,401.339,1,Extreme
2013-11-19 21:30:00,321.281,21,11,0,1,0,80.0,0.0,80.0,401.281,1,Extreme
2013-03-02 18:00:00,321.045,18,3,0,1,0,80.0,0.0,80.0,401.045,1,Extreme
2014-02-24 21:30:00,280.871,21,2,1,1,1,80.0,40.0,120.0,400.871,1,Extreme
2013-11-13 21:00:00,320.73,21,11,0,1,0,80.0,0.0,80.0,400.73,1,Extreme
2013-11-12 20:30:00,320.729,20,11,0,1,0,80.0,0.0,80.0,400.729,1,Extreme
2013-11-12 18:00:00,320.7,18,11,0,1,0,80.0,0.0,80.0,400.7,1,Extreme
2013-11-05 18:00:00,320.583,18,11,0,1,0,80.0,0.0,80.0,400.583,1,Extreme
2013-10-28 20:00:00,320.352,20,10,0,1,0,80.0,0.0,80.0,400.352,1,Extreme
2013-12-07 21:30:00,280.339,21,12,1,1,1,80.0,40.0,120.0,400.339,1,Extreme
2013-10-11 19:00:00,320.248,19,10,0,1,0,80.0,0.0,80.0,400.248,1,Extreme
2013-01-19 15:30:00,400.112,15,1,1,0,0,0.0,0.0,0.0,400.112,1,Extreme
2013-02-12 22:00:00,360.085,22,2,1,0,1,0.0,40.0,40.0,400.085,1,Extreme
2013-03-31 19:00:00,319.931,19,3,0,1,0,80.0,0.0,80.0,399.931,1,Extreme
2013-03-12 17:30:00,319.929,17,3,0,1,0,80.0,0.0,80.0,399.929,1,Extreme
2013-04-10 18:30:00,319.921,18,4,0,1,0,80.0,0.0,80.0,399.921,1,Extreme
2013-04-04 21:30:00,319.918,21,4,0,1,0,80.0,0.0,80.0,399.918,1,Extreme
2013-04-10 19:00:00,319.827,19,4,0,1,0,80.0,0.0,80.0,399.827,1,Extreme
2013-02-20 17:30:00,279.758,17,2,1,1,1,80.0,40.0,120.0,399.758,1,Extreme
2013-03-07 18:00:00,319.713,18,3,0,1,0,80.0,0.0,80.0,399.713,1,Extreme
2013-10-16 18:00:00,319.646,18,10,0,1,0,80.0,0.0,80.0,399.646,1,Extreme
2013-03-29 18:30:00,319.557,18,3,0,1,0,80.0,0.0,80.0,399.557,1,Extreme
2013-11-22 17:00:00,319.508,17,11,0,1,0,80.0,0.0,80.0,399.508,1,Extreme
2013-10-27 19:00:00,319.392,19,10,0,1,0,80.0,0.0,80.0,399.392,1,Extreme
2013-11-07 20:00:00,319.234,20,11,0,1,0,80.0,0.0,80.0,399.234,1,Extreme
2013-11-22 21:00:00,319.182,21,11,0,1,0,80.0,0.0,80.0,399.182,1,Extreme
2013-10-14 19:00:00,318.925,19,10,0,1,0,80.0,0.0,80.0,398.925,1,Extreme
2013-01-24 22:00:00,358.922,22,1,1,0,1,0.0,40.0,40.0,398.922,1,Extreme
2013-03-31 20:30:00,318.775,20,3,0,1,0,80.0,0.0,80.0,398.775,1,Extreme
2013-10-18 18:00:00,318.711,18,10,0,1,0,80.0,0.0,80.0,398.711,1,Extreme
2013-02-27 17:00:00,278.619,17,2,1,1,1,80.0,40.0,120.0,398.619,1,Extreme
2013-11-09 19:30:00,318.586,19,11,0,1,0,80.0,0.0,80.0,398.586,1,Extreme
2013-11-23 17:00:00,318.516,17,11,0,1,0,80.0,0.0,80.0,398.516,1,Extreme
2013-10-23 18:00:00,318.403,18,10,0,1,0,80.0,0.0,80.0,398.403,1,Extreme
2013-10-09 18:30:00,318.362,18,10,0,1,0,80.0,0.0,80.0,398.362,1,Extreme
2013-11-07 20:30:00,318.287,20,11,0,1,0,80.0,0.0,80.0,398.287,1,Extreme
2013-11-27 18:00:00,318.254,18,11,0,1,0,80.0,0.0,80.0,398.254,1,Extreme
2013-04-10 20:00:00,318.231,20,4,0,1,0,80.0,0.0,80.0,398.231,1,Extreme
2013-03-29 20:30:00,318.2,20,3,0,1,0,80.0,0.0,80.0,398.2,1,Extreme
2013-10-29 20:00:00,317.921,20,10,0,1,0,80.0,0.0,80.0,397.921,1,Extreme
2013-02-26 17:00:00,277.917,17,2,1,1,1,80.0,40.0,120.0,397.917,1,Extreme
2013-01-20 12:30:00,397.853,12,1,1,0,0,0.0,0.0,0.0,397.853,1,Extreme
2013-11-06 17:30:00,317.836,17,11,0,1,0,80.0,0.0,80.0,397.836,1,Extreme
2013-04-04 17:00:00,317.807,17,4,0,1,0,80.0,0.0,80.0,397.807,1,Extreme
2013-04-05 18:00:00,317.802,18,4,0,1,0,80.0,0.0,80.0,397.802,1,Extreme
2013-10-14 17:30:00,317.602,17,10,0,1,0,80.0,0.0,80.0,397.602,1,Extreme
2013-04-07 20:00:00,317.492,20,4,0,1,0,80.0,0.0,80.0,397.492,1,Extreme
2013-10-01 18:30:00,317.311,18,10,0,1,0,80.0,0.0,80.0,397.311,1,Extreme
2013-03-01 17:30:00,317.247,17,3,0,1,0,80.0,0.0,80.0,397.247,1,Extreme
2013-10-10 18:30:00,317.203,18,10,0,1,0,80.0,0.0,80.0,397.203,1,Extreme
2014-02-12 17:00:00,277.173,17,2,1,1,1,80.0,40.0,120.0,397.173,1,Extreme
2013-04-02 21:30:00,317.124,21,4,0,1,0,80.0,0.0,80.0,397.124,1,Extreme
2014-02-04 17:00:00,277.069,17,2,1,1,1,80.0,40.0,120.0,397.069,1,Extreme
2013-11-24 21:30:00,317.063,21,11,0,1,0,80.0,0.0,80.0,397.063,1,Extreme
2013-03-25 17:00:00,317.025,17,3,0,1,0,80.0,0.0,80.0,397.025,1,Extreme
2013-10-27 18:00:00,317.018,18,10,0,1,0,80.0,0.0,80.0,397.018,1,Extreme
2013-01-17 22:30:00,356.913,22,1,1,0,1,0.0,40.0,40.0,396.913,1,Extreme
2013-01-16 22:30:00,356.897,22,1,1,0,1,0.0,40.0,40.0,396.897,1,Extreme
2013-11-08 17:30:00,316.688,17,11,0,1,0,80.0,0.0,80.0,396.688,1,Extreme
2013-11-05 20:30:00,316.603,20,11,0,1,0,80.0,0.0,80.0,396.603,1,Extreme
2013-10-27 18:30:00,316.401,18,10,0,1,0,80.0,0.0,80.0,396.401,1,Extreme
2013-04-02 21:00:00,316.352,21,4,0,1,0,80.0,0.0,80.0,396.352,1,Extreme
2014-02-03 17:00:00,276.143,17,2,1,1,1,80.0,40.0,120.0,396.143,1,Extreme
2013-03-17 21:30:00,316.114,21,3,0,1,0,80.0,0.0,80.0,396.114,1,Extreme
2013-10-18 18:30:00,316.082,18,10,0,1,0,80.0,0.0,80.0,396.082,1,Extreme
2013-10-24 18:30:00,316.078,18,10,0,1,0,80.0,0.0,80.0,396.078,1,Extreme
2014-02-21 17:30:00,275.875,17,2,1,1,1,80.0,40.0,120.0,395.875,1,Extreme
2013-11-25 21:30:00,315.603,21,11,0,1,0,80.0,0.0,80.0,395.603,1,Extreme
2013-11-10 17:00:00,315.56,17,11,0,1,0,80.0,0.0,80.0,395.56,1,Extreme
2013-01-25 09:00:00,355.559,9,1,1,0,1,0.0,40.0,40.0,395.559,1,Extreme
2013-03-26 17:30:00,315.515,17,3,0,1,0,80.0,0.0,80.0,395.515,1,Extreme
2013-11-29 17:30:00,315.506,17,11,0,1,0,80.0,0.0,80.0,395.506,1,Extreme
2013-10-17 18:00:00,315.503,18,10,0,1,0,80.0,0.0,80.0,395.503,1,Extreme
2013-11-14 21:00:00,315.466,21,11,0,1,0,80.0,0.0,80.0,395.466,1,Extreme
2013-10-28 18:00:00,315.421,18,10,0,1,0,80.0,0.0,80.0,395.421,1,Extreme
2013-11-03 20:30:00,315.397,20,11,0,1,0,80.0,0.0,80.0,395.397,1,Extreme
2013-10-31 19:00:00,315.189,19,10,0,1,0,80.0,0.0,80.0,395.189,1,Extreme
2013-11-15 17:30:00,315.05,17,11,0,1,0,80.0,0.0,80.0,395.05,1,Extreme
2013-10-21 17:30:00,314.915,17,10,0,1,0,80.0,0.0,80.0,394.915,1,Extreme
2013-11-05 17:30:00,314.913,17,11,0,1,0,80.0,0.0,80.0,394.913,1,Extreme
2013-01-14 22:00:00,354.861,22,1,1,0,1,0.0,40.0,40.0,394.861,1,Extreme
2013-10-13 18:00:00,314.86,18,10,0,1,0,80.0,0.0,80.0,394.86,1,Extreme
2013-01-31 17:00:00,274.855,17,1,1,1,1,80.0,40.0,120.0,394.855,1,Extreme
2013-11-08 20:30:00,314.643,20,11,0,1,0,80.0,0.0,80.0,394.643,1,Extreme
2013-04-01 18:30:00,314.555,18,4,0,1,0,80.0,0.0,80.0,394.555,1,Extreme
2013-03-08 21:00:00,314.493,21,3,0,1,0,80.0,0.0,80.0,394.493,1,Extreme
2013-03-06 18:00:00,314.453,18,3,0,1,0,80.0,0.0,80.0,394.453,1,Extreme
2013-11-22 21:30:00,314.452,21,11,0,1,0,80.0,0.0,80.0,394.452,1,Extreme
2013-10-16 19:00:00,314.427,19,10,0,1,0,80.0,0.0,80.0,394.427,1,Extreme
2013-01-19 14:30:00,394.063,14,1,1,0,0,0.0,0.0,0.0,394.063,1,Extreme
2013-10-30 20:30:00,314.034,20,10,0,1,0,80.0,0.0,80.0,394.034,1,Extreme
2013-04-01 21:00:00,314.031,21,4,0,1,0,80.0,0.0,80.0,394.031,1,Extreme
2013-03-06 21:30:00,314.016,21,3,0,1,0,80.0,0.0,80.0,394.016,1,Extreme
2013-02-20 17:00:00,273.801,17,2,1,1,1,80.0,40.0,120.0,393.801,1,Extreme
2013-03-28 21:00:00,313.783,21,3,0,1,0,80.0,0.0,80.0,393.783,1,Extreme
2013-04-08 21:00:00,313.468,21,4,0,1,0,80.0,0.0,80.0,393.468,1,Extreme
2013-10-10 18:00:00,313.452,18,10,0,1,0,80.0,0.0,80.0,393.452,1,Extreme
2013-01-30 17:00:00,273.369,17,1,1,1,1,80.0,40.0,120.0,393.369,1,Extreme
2013-03-30 21:00:00,313.078,21,3,0,1,0,80.0,0.0,80.0,393.078,1,Extreme
2013-11-16 20:30:00,312.792,20,11,0,1,0,80.0,0.0,80.0,392.792,1,Extreme
2013-02-05 22:30:00,352.788,22,2,1,0,1,0.0,40.0,40.0,392.788,1,Extreme
2013-10-13 19:00:00,312.729,19,10,0,1,0,80.0,0.0,80.0,392.729,1,Extreme
2013-09-17 18:30:00,312.602,18,9,0,1,0,80.0,0.0,80.0,392.602,1,Extreme
2013-11-08 18:00:00,312.479,18,11,0,1,0,80.0,0.0,80.0,392.479,1,Extreme
2013-03-28 18:30:00,312.452,18,3,0,1,0,80.0,0.0,80.0,392.452,1,Extreme
2013-10-07 18:00:00,312.297,18,10,0,1,0,80.0,0.0,80.0,392.297,1,Extreme
2013-03-16 21:00:00,312.272,21,3,0,1,0,80.0,0.0,80.0,392.272,1,Extreme
2013-11-05 17:00:00,312.253,17,11,0,1,0,80.0,0.0,80.0,392.253,1,Extreme
2013-11-06 20:30:00,312.232,20,11,0,1,0,80.0,0.0,80.0,392.232,1,Extreme
2013-01-19 15:00:00,392.214,15,1,1,0,0,0.0,0.0,0.0,392.214,1,Extreme
2013-11-30 20:30:00,312.128,20,11,0,1,0,80.0,0.0,80.0,392.128,1,Extreme
2013-10-25 18:30:00,312.089,18,10,0,1,0,80.0,0.0,80.0,392.089,1,Extreme
2013-11-17 21:30:00,312.026,21,11,0,1,0,80.0,0.0,80.0,392.026,1,Extreme
2013-04-08 19:00:00,311.987,19,4,0,1,0,80.0,0.0,80.0,391.987,1,Extreme
2013-10-08 18:30:00,311.85,18,10,0,1,0,80.0,0.0,80.0,391.85,1,Extreme
2013-11-04 20:30:00,311.811,20,11,0,1,0,80.0,0.0,80.0,391.811,1,Extreme
2013-10-21 18:30:00,311.686,18,10,0,1,0,80.0,0.0,80.0,391.686,1,Extreme
2013-11-30 21:00:00,311.639,21,11,0,1,0,80.0,0.0,80.0,391.639,1,Extreme
2013-04-02 18:30:00,311.449,18,4,0,1,0,80.0,0.0,80.0,391.449,1,Extreme
2013-10-29 18:00:00,311.447,18,10,0,1,0,80.0,0.0,80.0,391.447,1,Extreme
2013-11-10 21:30:00,310.977,21,11,0,1,0,80.0,0.0,80.0,390.977,1,Extreme
2013-11-27 20:30:00,310.94,20,11,0,1,0,80.0,0.0,80.0,390.94,1,Extreme
2013-11-05 21:00:00,310.873,21,11,0,1,0,80.0,0.0,80.0,390.873,1,Extreme
2013-01-19 09:30:00,350.848,9,1,1,0,1,0.0,40.0,40.0,390.848,1,Extreme
2013-04-05 20:00:00,310.834,20,4,0,1,0,80.0,0.0,80.0,390.834,1,Extreme
2013-11-15 20:30:00,310.762,20,11,0,1,0,80.0,0.0,80.0,390.762,1,Extreme
2013-11-23 21:00:00,310.761,21,11,0,1,0,80.0,0.0,80.0,390.761,1,Extreme
2013-02-07 22:00:00,350.574,22,2,1,0,1,0.0,40.0,40.0,390.574,1,Extreme
2013-11-28 21:00:00,310.545,21,11,0,1,0,80.0,0.0,80.0,390.545,1,Extreme
2014-02-07 17:00:00,270.52,17,2,1,1,1,80.0,40.0,120.0,390.52,1,Extreme
2013-03-21 17:30:00,310.428,17,3,0,1,0,80.0,0.0,80.0,390.428,1,Extreme
2013-10-23 18:30:00,310.402,18,10,0,1,0,80.0,0.0,80.0,390.402,1,Extreme
2013-10-27 19:30:00,310.303,19,10,0,1,0,80.0,0.0,80.0,390.303,1,Extreme
2013-11-01 19:00:00,310.253,19,11,0,1,0,80.0,0.0,80.0,390.253,1,Extreme
2013-02-25 22:00:00,350.186,22,2,1,0,1,0.0,40.0,40.0,390.186,1,Extreme
2013-03-31 18:30:00,310.166,18,3,0,1,0,80.0,0.0,80.0,390.166,1,Extreme
2013-11-02 18:00:00,310.051,18,11,0,1,0,80.0,0.0,80.0,390.051,1,Extreme
2013-09-17 19:00:00,310.016,19,9,0,1,0,80.0,0.0,80.0,390.016,1,Extreme
2013-11-12 17:30:00,309.926,17,11,0,1,0,80.0,0.0,80.0,389.926,1,Extreme
2013-10-30 18:00:00,309.882,18,10,0,1,0,80.0,0.0,80.0,389.882,1,Extreme
2013-11-01 18:30:00,309.871,18,11,0,1,0,80.0,0.0,80.0,389.871,1,Extreme
2013-11-14 21:30:00,309.647,21,11,0,1,0,80.0,0.0,80.0,389.647,1,Extreme
2013-04-11 18:30:00,309.536,18,4,0,1,0,80.0,0.0,80.0,389.536,1,Extreme
2013-01-20 14:30:00,389.455,14,1,1,0,0,0.0,0.0,0.0,389.455,1,Extreme
2013-09-10 18:30:00,309.432,18,9,0,1,0,80.0,0.0,80.0,389.432,1,Extreme
2013-11-07 18:00:00,309.419,18,11,0,1,0,80.0,0.0,80.0,389.419,1,Extreme
2013-11-02 18:30:00,309.382,18,11,0,1,0,80.0,0.0,80.0,389.382,1,Extreme
2013-04-07 20:30:00,309.355,20,4,0,1,0,80.0,0.0,80.0,389.355,1,Extreme
2013-10-17 18:30:00,309.275,18,10,0,1,0,80.0,0.0,80.0,389.275,1,Extreme
2013-10-31 19:30:00,309.178,19,10,0,1,0,80.0,0.0,80.0,389.178,1,Extreme
2013-03-14 17:30:00,309.176,17,3,0,1,0,80.0,0.0,80.0,389.176,1,Extreme
2013-01-20 15:00:00,389.097,15,1,1,0,0,0.0,0.0,0.0,389.097,1,Extreme
2013-04-11 20:00:00,309.017,20,4,0,1,0,80.0,0.0,80.0,389.017,1,Extreme
2013-02-19 17:00:00,268.925,17,2,1,1,1,80.0,40.0,120.0,388.925,1,Extreme
2013-11-09 17:00:00,308.902,17,11,0,1,0,80.0,0.0,80.0,388.902,1,Extreme
2013-10-08 18:00:00,308.879,18,10,0,1,0,80.0,0.0,80.0,388.879,1,Extreme
2013-02-16 17:00:00,268.792,17,2,1,1,1,80.0,40.0,120.0,388.792,1,Extreme
2013-04-12 19:00:00,308.751,19,4,0,1,0,80.0,0.0,80.0,388.751,1,Extreme
2013-10-15 19:30:00,308.7,19,10,0,1,0,80.0,0.0,80.0,388.7,1,Extreme
2013-11-13 21:30:00,308.634,21,11,0,1,0,80.0,0.0,80.0,388.634,1,Extreme
2013-10-07 18:30:00,308.59,18,10,0,1,0,80.0,0.0,80.0,388.59,1,Extreme
2013-04-03 21:30:00,308.583,21,4,0,1,0,80.0,0.0,80.0,388.583,1,Extreme
2013-04-09 21:00:00,308.508,21,4,0,1,0,80.0,0.0,80.0,388.508,1,Extreme
2013-09-22 19:00:00,308.501,19,9,0,1,0,80.0,0.0,80.0,388.501,1,Extreme
2013-09-23 19:00:00,308.478,19,9,0,1,0,80.0,0.0,80.0,388.478,1,Extreme
2013-10-25 18:00:00,308.389,18,10,0,1,0,80.0,0.0,80.0,388.389,1,Extreme
2013-01-20 22:00:00,348.362,22,1,1,0,1,0.0,40.0,40.0,388.362,1,Extreme
2013-10-09 19:00:00,308.349,19,10,0,1,0,80.0,0.0,80.0,388.349,1,Extreme
2013-11-25 17:00:00,308.341,17,11,0,1,0,80.0,0.0,80.0,388.341,1,Extreme
2013-11-29 21:00:00,308.339,21,11,0,1,0,80.0,0.0,80.0,388.339,1,Extreme
2013-03-08 17:30:00,308.218,17,3,0,1,0,80.0,0.0,80.0,388.218,1,Extreme
2013-10-01 19:00:00,308.108,19,10,0,1,0,80.0,0.0,80.0,388.108,1,Extreme
2013-04-11 19:30:00,308.102,19,4,0,1,0,80.0,0.0,80.0,388.102,1,Extreme
2013-03-03 17:30:00,308.041,17,3,0,1,0,80.0,0.0,80.0,388.041,1,Extreme
2013-10-16 19:30:00,308.03,19,10,0,1,0,80.0,0.0,80.0,388.03,1,Extreme
2013-03-17 18:00:00,307.856,18,3,0,1,0,80.0,0.0,80.0,387.856,1,Extreme
2013-10-27 17:30:00,307.784,17,10,0,1,0,80.0,0.0,80.0,387.784,1,Extreme
2013-10-24 18:00:00,307.689,18,10,0,1,0,80.0,0.0,80.0,387.689,1,Extreme
2013-10-22 19:00:00,307.638,19,10,0,1,0,80.0,0.0,80.0,387.638,1,Extreme
2013-01-19 13:30:00,387.502,13,1,1,0,0,0.0,0.0,0.0,387.502,1,Extreme
2014-02-22 17:30:00,267.444,17,2,1,1,1,80.0,40.0,120.0,387.444,1,Extreme
2013-11-28 17:30:00,307.358,17,11,0,1,0,80.0,0.0,80.0,387.358,1,Extreme
2013-09-15 19:00:00,307.198,19,9,0,1,0,80.0,0.0,80.0,387.198,1,Extreme
2013-02-13 22:00:00,347.194,22,2,1,0,1,0.0,40.0,40.0,387.194,1,Extreme
2013-02-14 17:00:00,267.192,17,2,1,1,1,80.0,40.0,120.0,387.192,1,Extreme
2013-01-28 22:00:00,347.185,22,1,1,0,1,0.0,40.0,40.0,387.185,1,Extreme
2013-10-22 18:00:00,307.164,18,10,0,1,0,80.0,0.0,80.0,387.164,1,Extreme
2013-03-13 17:30:00,307.108,17,3,0,1,0,80.0,0.0,80.0,387.108,1,Extreme
2013-11-18 21:30:00,306.821,21,11,0,1,0,80.0,0.0,80.0,386.821,1,Extreme
2013-01-13 22:00:00,346.708,22,1,1,0,1,0.0,40.0,40.0,386.708,1,Extreme
2013-10-03 18:30:00,306.688,18,10,0,1,0,80.0,0.0,80.0,386.688,1,Extreme
2013-11-12 21:00:00,306.675,21,11,0,1,0,80.0,0.0,80.0,386.675,1,Extreme
2013-04-05 20:30:00,306.666,20,4,0,1,0,80.0,0.0,80.0,386.666,1,Extreme
2013-03-20 17:30:00,306.644,17,3,0,1,0,80.0,0.0,80.0,386.644,1,Extreme
2013-01-19 11:30:00,386.636,11,1,1,0,0,0.0,0.0,0.0,386.636,1,Extreme
2013-09-15 18:30:00,306.556,18,9,0,1,0,80.0,0.0,80.0,386.556,1,Extreme
2013-03-22 17:30:00,306.43,17,3,0,1,0,80.0,0.0,80.0,386.43,1,Extreme
2013-03-29 21:00:00,306.408,21,3,0,1,0,80.0,0.0,80.0,386.408,1,Extreme
2014-02-18 17:30:00,266.317,17,2,1,1,1,80.0,40.0,120.0,386.317,1,Extreme
2013-03-08 21:30:00,306.224,21,3,0,1,0,80.0,0.0,80.0,386.224,1,Extreme
2014-02-15 17:00:00,266.153,17,2,1,1,1,80.0,40.0,120.0,386.153,1,Extreme
2013-04-09 18:00:00,306.067,18,4,0,1,0,80.0,0.0,80.0,386.067,1,Extreme
2013-04-02 18:00:00,305.965,18,4,0,1,0,80.0,0.0,80.0,385.965,1,Extreme
2013-10-28 20:30:00,305.883,20,10,0,1,0,80.0,0.0,80.0,385.883,1,Extreme
2013-11-02 19:00:00,305.877,19,11,0,1,0,80.0,0.0,80.0,385.877,1,Extreme
2013-09-08 19:30:00,305.845,19,9,0,1,0,80.0,0.0,80.0,385.845,1,Extreme
2013-01-25 08:30:00,345.8,8,1,1,0,1,0.0,40.0,40.0,385.8,1,Extreme
2013-11-15 21:00:00,305.794,21,11,0,1,0,80.0,0.0,80.0,385.794,1,Extreme
2013-10-11 17:30:00,305.79,17,10,0,1,0,80.0,0.0,80.0,385.79,1,Extreme
2013-11-01 19:30:00,305.709,19,11,0,1,0,80.0,0.0,80.0,385.709,1,Extreme
2013-10-01 18:00:00,305.68,18,10,0,1,0,80.0,0.0,80.0,385.68,1,Extreme
2013-04-01 21:30:00,305.652,21,4,0,1,0,80.0,0.0,80.0,385.652,1,Extreme
2013-03-18 17:30:00,305.6,17,3,0,1,0,80.0,0.0,80.0,385.6,1,Extreme
2013-04-07 21:00:00,305.572,21,4,0,1,0,80.0,0.0,80.0,385.572,1,Extreme
2013-11-27 17:30:00,305.565,17,11,0,1,0,80.0,0.0,80.0,385.565,1,Extreme
2013-02-11 22:30:00,345.451,22,2,1,0,1,0.0,40.0,40.0,385.451,1,Extreme
2013-03-31 21:00:00,305.438,21,3,0,1,0,80.0,0.0,80.0,385.438,1,Extreme
2013-01-22 22:30:00,345.322,22,1,1,0,1,0.0,40.0,40.0,385.322,1,Extreme
2013-02-24 22:00:00,345.311,22,2,1,0,1,0.0,40.0,40.0,385.311,1,Extreme
2013-09-22 18:30:00,305.301,18,9,0,1,0,80.0,0.0,80.0,385.301,1,Extreme
2013-02-28 17:00:00,265.173,17,2,1,1,1,80.0,40.0,120.0,385.173,1,Extreme
2013-10-23 19:00:00,305.152,19,10,0,1,0,80.0,0.0,80.0,385.152,1,Extreme
2013-10-06 18:30:00,305.137,18,10,0,1,0,80.0,0.0,80.0,385.137,1,Extreme
2013-04-12 19:30:00,305.01800000000003,19,4,0,1,0,80.0,0.0,80.0,385.01800000000003,1,Extreme
2013-10-13 18:30:00,304.991,18,10,0,1,0,80.0,0.0,80.0,384.991,1,Extreme
2013-04-11 20:30:00,304.967,20,4,0,1,0,80.0,0.0,80.0,384.967,1,Extreme
2013-03-26 17:00:00,304.792,17,3,0,1,0,80.0,0.0,80.0,384.792,1,Extreme
2013-11-16 17:00:00,304.787,17,11,0,1,0,80.0,0.0,80.0,384.787,1,Extreme
2013-03-09 17:30:00,304.782,17,3,0,1,0,80.0,0.0,80.0,384.782,1,Extreme
2013-01-24 22:30:00,344.765,22,1,1,0,1,0.0,40.0,40.0,384.765,1,Extreme
2013-11-02 17:30:00,304.67,17,11,0,1,0,80.0,0.0,80.0,384.67,1,Extreme
2013-10-02 18:30:00,304.661,18,10,0,1,0,80.0,0.0,80.0,384.661,1,Extreme
2013-11-04 21:00:00,304.654,21,11,0,1,0,80.0,0.0,80.0,384.654,1,Extreme
2013-03-16 18:00:00,304.649,18,3,0,1,0,80.0,0.0,80.0,384.649,1,Extreme
2013-10-19 18:00:00,304.589,18,10,0,1,0,80.0,0.0,80.0,384.589,1,Extreme
2013-09-19 19:00:00,304.544,19,9,0,1,0,80.0,0.0,80.0,384.544,1,Extreme
2013-01-15 22:30:00,344.514,22,1,1,0,1,0.0,40.0,40.0,384.514,1,Extreme
2013-03-28 21:30:00,304.453,21,3,0,1,0,80.0,0.0,80.0,384.453,1,Extreme
2013-10-22 18:30:00,304.371,18,10,0,1,0,80.0,0.0,80.0,384.371,1,Extreme
2013-10-14 19:30:00,304.319,19,10,0,1,0,80.0,0.0,80.0,384.319,1,Extreme
2013-04-03 17:00:00,304.234,17,4,0,1,0,80.0,0.0,80.0,384.234,1,Extreme
2013-01-23 22:30:00,344.204,22,1,1,0,1,0.0,40.0,40.0,384.204,1,Extreme
2013-04-10 20:30:00,304.161,20,4,0,1,0,80.0,0.0,80.0,384.161,1,Extreme
2013-02-10 22:00:00,344.083,22,2,1,0,1,0.0,40.0,40.0,384.083,1,Extreme
2013-10-21 19:00:00,304.037,19,10,0,1,0,80.0,0.0,80.0,384.037,1,Extreme
2013-04-08 21:30:00,304.006,21,4,0,1,0,80.0,0.0,80.0,384.006,1,Extreme
2013-10-29 20:30:00,303.988,20,10,0,1,0,80.0,0.0,80.0,383.988,1,Extreme
2013-11-04 17:30:00,303.869,17,11,0,1,0,80.0,0.0,80.0,383.869,1,Extreme
2014-02-11 17:00:00,263.806,17,2,1,1,1,80.0,40.0,120.0,383.806,1,Extreme
2014-02-13 17:00:00,263.791,17,2,1,1,1,80.0,40.0,120.0,383.791,1,Extreme
2013-10-31 18:00:00,303.621,18,10,0,1,0,80.0,0.0,80.0,383.621,1,Extreme
2013-10-11 19:30:00,303.611,19,10,0,1,0,80.0,0.0,80.0,383.611,1,Extreme
2013-11-11 21:30:00,303.602,21,11,0,1,0,80.0,0.0,80.0,383.602,1,Extreme
2013-11-29 17:00:00,303.40500000000003,17,11,0,1,0,80.0,0.0,80.0,383.40500000000003,1,Extreme
2013-04-01 18:00:00,303.193,18,4,0,1,0,80.0,0.0,80.0,383.193,1,Extreme
2013-10-16 20:00:00,303.091,20,10,0,1,0,80.0,0.0,80.0,383.091,1,Extreme
2013-04-14 19:30:00,303.087,19,4,0,1,0,80.0,0.0,80.0,383.087,1,Extreme
2013-04-10 21:00:00,303.081,21,4,0,1,0,80.0,0.0,80.0,383.081,1,Extreme
2013-10-29 21:00:00,302.981,21,10,0,1,0,80.0,0.0,80.0,382.981,1,Extreme
2013-11-29 21:30:00,302.957,21,11,0,1,0,80.0,0.0,80.0,382.957,1,Extreme
2013-10-10 19:00:00,302.938,19,10,0,1,0,80.0,0.0,80.0,382.938,1,Extreme
2013-11-03 21:00:00,302.839,21,11,0,1,0,80.0,0.0,80.0,382.839,1,Extreme
2013-10-02 19:00:00,302.773,19,10,0,1,0,80.0,0.0,80.0,382.773,1,Extreme
2013-03-17 17:30:00,302.547,17,3,0,1,0,80.0,0.0,80.0,382.547,1,Extreme
2013-04-06 19:30:00,302.5,19,4,0,1,0,80.0,0.0,80.0,382.5,1,Extreme
2013-10-13 17:30:00,302.339,17,10,0,1,0,80.0,0.0,80.0,382.339,1,Extreme
2013-10-09 18:00:00,302.312,18,10,0,1,0,80.0,0.0,80.0,382.312,1,Extreme
2014-02-10 17:00:00,262.222,17,2,1,1,1,80.0,40.0,120.0,382.222,1,Extreme
2013-10-26 18:00:00,302.186,18,10,0,1,0,80.0,0.0,80.0,382.186,1,Extreme
2013-01-18 22:00:00,342.039,22,1,1,0,1,0.0,40.0,40.0,382.039,1,Extreme
2013-11-28 21:30:00,302.036,21,11,0,1,0,80.0,0.0,80.0,382.036,1,Extreme
2013-04-12 18:30:00,302.006,18,4,0,1,0,80.0,0.0,80.0,382.006,1,Extreme
2013-04-11 19:00:00,301.996,19,4,0,1,0,80.0,0.0,80.0,381.996,1,Extreme
2013-01-25 22:30:00,341.801,22,1,1,0,1,0.0,40.0,40.0,381.801,1,Extreme
2013-10-22 17:30:00,301.629,17,10,0,1,0,80.0,0.0,80.0,381.629,1,Extreme
2013-11-19 17:00:00,301.604,17,11,0,1,0,80.0,0.0,80.0,381.604,1,Extreme
2013-11-26 21:30:00,301.582,21,11,0,1,0,80.0,0.0,80.0,381.582,1,Extreme
2013-10-24 19:00:00,301.477,19,10,0,1,0,80.0,0.0,80.0,381.477,1,Extreme
2013-10-23 19:30:00,301.427,19,10,0,1,0,80.0,0.0,80.0,381.427,1,Extreme
2013-10-07 19:00:00,301.388,19,10,0,1,0,80.0,0.0,80.0,381.388,1,Extreme
2013-03-16 17:00:00,301.31,17,3,0,1,0,80.0,0.0,80.0,381.31,1,Extreme
2013-11-06 21:00:00,301.281,21,11,0,1,0,80.0,0.0,80.0,381.281,1,Extreme
2013-09-15 19:30:00,301.192,19,9,0,1,0,80.0,0.0,80.0,381.192,1,Extreme
2013-11-09 20:00:00,301.1,20,11,0,1,0,80.0,0.0,80.0,381.1,1,Extreme
2013-02-06 22:00:00,341.07,22,2,1,0,1,0.0,40.0,40.0,381.07,1,Extreme
2013-03-31 18:00:00,301.013,18,3,0,1,0,80.0,0.0,80.0,381.013,1,Extreme
2013-09-30 18:30:00,300.989,18,9,0,1,0,80.0,0.0,80.0,380.989,1,Extreme
2013-10-12 18:00:00,300.829,18,10,0,1,0,80.0,0.0,80.0,380.829,1,Extreme
2014-02-27 17:30:00,260.782,17,2,1,1,1,80.0,40.0,120.0,380.782,1,Extreme
2013-10-09 19:30:00,300.52,19,10,0,1,0,80.0,0.0,80.0,380.52,1,Extreme
2013-04-10 18:00:00,300.44,18,4,0,1,0,80.0,0.0,80.0,380.44,1,Extreme
2013-03-07 17:30:00,300.424,17,3,0,1,0,80.0,0.0,80.0,380.424,1,Extreme
2013-10-06 19:00:00,300.402,19,10,0,1,0,80.0,0.0,80.0,380.402,1,Extreme
2013-11-03 21:30:00,300.282,21,11,0,1,0,80.0,0.0,80.0,380.282,1,Extreme
2013-10-20 17:30:00,300.281,17,10,0,1,0,80.0,0.0,80.0,380.281,1,Extreme
2013-11-18 17:00:00,300.186,17,11,0,1,0,80.0,0.0,80.0,380.186,1,Extreme
2013-01-19 13:00:00,380.16,13,1,1,0,0,0.0,0.0,0.0,380.16,1,Extreme
2013-10-15 20:00:00,300.159,20,10,0,1,0,80.0,0.0,80.0,380.159,1,Extreme
2013-10-08 19:00:00,300.149,19,10,0,1,0,80.0,0.0,80.0,380.149,1,Extreme
2013-11-02 20:00:00,300.149,20,11,0,1,0,80.0,0.0,80.0,380.149,1,Extreme
2013-09-15 18:00:00,300.114,18,9,0,1,0,80.0,0.0,80.0,380.114,1,Extreme
2013-11-27 21:00:00,299.91,21,11,0,1,0,80.0,0.0,80.0,379.91,1,Extreme
2013-01-25 09:30:00,339.78,9,1,1,0,1,0.0,40.0,40.0,379.78,1,Extreme
2013-04-09 17:30:00,299.575,17,4,0,1,0,80.0,0.0,80.0,379.575,1,Extreme
2013-03-30 18:00:00,299.566,18,3,0,1,0,80.0,0.0,80.0,379.566,1,Extreme
2013-11-16 21:00:00,299.479,21,11,0,1,0,80.0,0.0,80.0,379.479,1,Extreme
2013-11-30 21:30:00,299.465,21,11,0,1,0,80.0,0.0,80.0,379.465,1,Extreme
2013-10-27 20:00:00,299.285,20,10,0,1,0,80.0,0.0,80.0,379.285,1,Extreme
2013-01-04 16:30:00,379.232,16,1,1,0,0,0.0,0.0,0.0,379.232,1,Extreme
2013-10-28 17:30:00,299.225,17,10,0,1,0,80.0,0.0,80.0,379.225,1,Extreme
2013-10-06 19:30:00,299.176,19,10,0,1,0,80.0,0.0,80.0,379.176,1,Extreme
2013-04-08 18:30:00,299.154,18,4,0,1,0,80.0,0.0,80.0,379.154,1,Extreme
2013-03-27 17:00:00,299.12,17,3,0,1,0,80.0,0.0,80.0,379.12,1,Extreme
2013-10-20 18:00:00,299.096,18,10,0,1,0,80.0,0.0,80.0,379.096,1,Extreme
2013-11-23 21:30:00,299.008,21,11,0,1,0,80.0,0.0,80.0,379.008,1,Extreme
2013-10-29 17:30:00,298.986,17,10,0,1,0,80.0,0.0,80.0,378.986,1,Extreme
2013-09-30 19:00:00,298.938,19,9,0,1,0,80.0,0.0,80.0,378.938,1,Extreme
2013-10-14 20:00:00,298.911,20,10,0,1,0,80.0,0.0,80.0,378.911,1,Extreme
2013-11-01 18:00:00,298.86,18,11,0,1,0,80.0,0.0,80.0,378.86,1,Extreme
2013-09-17 19:30:00,298.685,19,9,0,1,0,80.0,0.0,80.0,378.685,1,Extreme
2013-10-12 18:30:00,298.637,18,10,0,1,0,80.0,0.0,80.0,378.637,1,Extreme
2013-01-28 22:30:00,338.554,22,1,1,0,1,0.0,40.0,40.0,378.554,1,Extreme
2013-10-18 17:30:00,298.548,17,10,0,1,0,80.0,0.0,80.0,378.548,1,Extreme
2013-05-29 17:30:00,298.531,17,5,0,1,0,80.0,0.0,80.0,378.531,1,Extreme
2013-01-18 22:30:00,338.499,22,1,1,0,1,0.0,40.0,40.0,378.499,1,Extreme
2013-09-27 18:30:00,298.481,18,9,0,1,0,80.0,0.0,80.0,378.481,1,Extreme
2013-10-18 19:00:00,298.478,19,10,0,1,0,80.0,0.0,80.0,378.478,1,Extreme
2013-03-27 18:00:00,298.149,18,3,0,1,0,80.0,0.0,80.0,378.149,1,Extreme
2013-10-13 19:30:00,298.103,19,10,0,1,0,80.0,0.0,80.0,378.103,1,Extreme
2013-03-29 17:00:00,298.021,17,3,0,1,0,80.0,0.0,80.0,378.021,1,Extreme
2014-02-20 17:30:00,257.877,17,2,1,1,1,80.0,40.0,120.0,377.877,1,Extreme
2013-10-19 17:30:00,297.793,17,10,0,1,0,80.0,0.0,80.0,377.793,1,Extreme
2013-01-19 12:00:00,377.714,12,1,1,0,0,0.0,0.0,0.0,377.714,1,Extreme
2013-10-26 17:30:00,297.692,17,10,0,1,0,80.0,0.0,80.0,377.692,1,Extreme
2013-12-19 22:00:00,337.688,22,12,1,0,1,0.0,40.0,40.0,377.688,1,Extreme
2013-03-19 18:00:00,297.554,18,3,0,1,0,80.0,0.0,80.0,377.554,1,Extreme
2013-03-15 17:30:00,297.542,17,3,0,1,0,80.0,0.0,80.0,377.542,1,Extreme
2013-09-28 18:30:00,297.493,18,9,0,1,0,80.0,0.0,80.0,377.493,1,Extreme
2013-09-10 19:00:00,297.347,19,9,0,1,0,80.0,0.0,80.0,377.347,1,Extreme
2013-11-02 19:30:00,297.25,19,11,0,1,0,80.0,0.0,80.0,377.25,1,Extreme
2013-04-07 18:30:00,297.229,18,4,0,1,0,80.0,0.0,80.0,377.229,1,Extreme
2013-09-08 20:00:00,297.181,20,9,0,1,0,80.0,0.0,80.0,377.181,1,Extreme
2013-09-17 18:00:00,297.174,18,9,0,1,0,80.0,0.0,80.0,377.174,1,Extreme
2013-10-06 18:00:00,297.151,18,10,0,1,0,80.0,0.0,80.0,377.151,1,Extreme
2014-02-24 17:00:00,257.148,17,2,1,1,1,80.0,40.0,120.0,377.148,1,Extreme
2013-05-14 19:30:00,297.106,19,5,0,1,0,80.0,0.0,80.0,377.106,1,Extreme
2013-10-03 19:00:00,296.949,19,10,0,1,0,80.0,0.0,80.0,376.949,1,Extreme
2013-04-05 17:30:00,296.927,17,4,0,1,0,80.0,0.0,80.0,376.927,1,Extreme
2013-01-21 22:30:00,336.88,22,1,1,0,1,0.0,40.0,40.0,376.88,1,Extreme
2013-05-29 18:30:00,296.785,18,5,0,1,0,80.0,0.0,80.0,376.785,1,Extreme
2013-11-05 21:30:00,296.594,21,11,0,1,0,80.0,0.0,80.0,376.594,1,Extreme
2013-11-07 21:00:00,296.593,21,11,0,1,0,80.0,0.0,80.0,376.593,1,Extreme
2013-04-12 20:00:00,296.463,20,4,0,1,0,80.0,0.0,80.0,376.463,1,Extreme
2013-10-01 19:30:00,296.446,19,10,0,1,0,80.0,0.0,80.0,376.446,1,Extreme
2013-02-12 22:30:00,336.365,22,2,1,0,1,0.0,40.0,40.0,376.365,1,Extreme
2014-02-19 17:00:00,256.348,17,2,1,1,1,80.0,40.0,120.0,376.348,1,Extreme
2013-03-12 17:00:00,296.214,17,3,0,1,0,80.0,0.0,80.0,376.214,1,Extreme
2013-03-02 17:30:00,296.183,17,3,0,1,0,80.0,0.0,80.0,376.183,1,Extreme
2013-01-12 22:00:00,336.18,22,1,1,0,1,0.0,40.0,40.0,376.18,1,Extreme
2013-04-22 20:00:00,296.118,20,4,0,1,0,80.0,0.0,80.0,376.118,1,Extreme
2013-10-24 17:30:00,296.029,17,10,0,1,0,80.0,0.0,80.0,376.029,1,Extreme
2013-11-01 20:00:00,296.019,20,11,0,1,0,80.0,0.0,80.0,376.019,1,Extreme
2013-02-23 22:00:00,336.013,22,2,1,0,1,0.0,40.0,40.0,376.013,1,Extreme
2013-09-11 19:30:00,295.956,19,9,0,1,0,80.0,0.0,80.0,375.956,1,Extreme
2013-10-15 17:30:00,295.842,17,10,0,1,0,80.0,0.0,80.0,375.842,1,Extreme
2013-09-29 18:30:00,295.773,18,9,0,1,0,80.0,0.0,80.0,375.773,1,Extreme
2013-04-05 21:00:00,295.767,21,4,0,1,0,80.0,0.0,80.0,375.767,1,Extreme
2013-01-19 12:30:00,375.736,12,1,1,0,0,0.0,0.0,0.0,375.736,1,Extreme
2013-11-08 21:00:00,295.637,21,11,0,1,0,80.0,0.0,80.0,375.637,1,Extreme
2013-10-21 19:30:00,295.635,19,10,0,1,0,80.0,0.0,80.0,375.635,1,Extreme
2013-04-06 20:00:00,295.536,20,4,0,1,0,80.0,0.0,80.0,375.536,1,Extreme
2013-09-22 19:30:00,295.497,19,9,0,1,0,80.0,0.0,80.0,375.497,1,Extreme
2013-01-19 11:00:00,375.387,11,1,1,0,0,0.0,0.0,0.0,375.387,1,Extreme
2013-11-09 20:30:00,295.353,20,11,0,1,0,80.0,0.0,80.0,375.353,1,Extreme
2013-09-16 19:00:00,295.16,19,9,0,1,0,80.0,0.0,80.0,375.16,1,Extreme
2013-01-20 12:00:00,375.147,12,1,1,0,0,0.0,0.0,0.0,375.147,1,Extreme
2013-03-31 21:30:00,295.116,21,3,0,1,0,80.0,0.0,80.0,375.116,1,Extreme
2013-05-14 18:30:00,294.977,18,5,0,1,0,80.0,0.0,80.0,374.977,1,Extreme
2013-03-03 17:00:00,294.975,17,3,0,1,0,80.0,0.0,80.0,374.975,1,Extreme
2013-04-12 20:30:00,294.9,20,4,0,1,0,80.0,0.0,80.0,374.9,1,Extreme
2013-02-18 17:00:00,254.85,17,2,1,1,1,80.0,40.0,120.0,374.85,1,Extreme
2013-10-30 21:00:00,294.79,21,10,0,1,0,80.0,0.0,80.0,374.79,1,Extreme
2013-03-30 21:30:00,294.762,21,3,0,1,0,80.0,0.0,80.0,374.762,1,Extreme
2013-10-25 19:00:00,294.723,19,10,0,1,0,80.0,0.0,80.0,374.723,1,Extreme
2013-10-19 18:30:00,294.719,18,10,0,1,0,80.0,0.0,80.0,374.719,1,Extreme
2013-09-23 19:30:00,294.382,19,9,0,1,0,80.0,0.0,80.0,374.382,1,Extreme
2013-10-25 17:30:00,294.263,17,10,0,1,0,80.0,0.0,80.0,374.263,1,Extreme
2013-04-01 17:30:00,294.224,17,4,0,1,0,80.0,0.0,80.0,374.224,1,Extreme
2013-11-07 21:30:00,293.964,21,11,0,1,0,80.0,0.0,80.0,373.964,1,Extreme
2013-02-09 22:00:00,333.892,22,2,1,0,1,0.0,40.0,40.0,373.892,1,Extreme
2013-10-08 19:30:00,293.661,19,10,0,1,0,80.0,0.0,80.0,373.661,1,Extreme
2013-09-11 19:00:00,293.542,19,9,0,1,0,80.0,0.0,80.0,373.542,1,Extreme
2013-11-12 21:30:00,293.422,21,11,0,1,0,80.0,0.0,80.0,373.422,1,Extreme
2013-11-15 21:30:00,293.337,21,11,0,1,0,80.0,0.0,80.0,373.337,1,Extreme
2013-10-31 17:30:00,293.276,17,10,0,1,0,80.0,0.0,80.0,373.276,1,Extreme
2013-04-07 21:30:00,293.206,21,4,0,1,0,80.0,0.0,80.0,373.206,1,Extreme
2013-11-11 17:00:00,293.166,17,11,0,1,0,80.0,0.0,80.0,373.166,1,Extreme
2013-04-09 21:30:00,293.076,21,4,0,1,0,80.0,0.0,80.0,373.076,1,Extreme
2013-10-26 18:30:00,292.978,18,10,0,1,0,80.0,0.0,80.0,372.978,1,Extreme
2013-03-05 18:00:00,292.846,18,3,0,1,0,80.0,0.0,80.0,372.846,1,Extreme
2013-04-14 20:00:00,292.8,20,4,0,1,0,80.0,0.0,80.0,372.8,1,Extreme
2013-01-14 22:30:00,332.778,22,1,1,0,1,0.0,40.0,40.0,372.778,1,Extreme
2013-11-08 17:00:00,292.735,17,11,0,1,0,80.0,0.0,80.0,372.735,1,Extreme
2013-10-20 18:30:00,292.732,18,10,0,1,0,80.0,0.0,80.0,372.732,1,Extreme
2013-10-16 20:30:00,292.703,20,10,0,1,0,80.0,0.0,80.0,372.703,1,Extreme
2013-10-05 18:30:00,292.503,18,10,0,1,0,80.0,0.0,80.0,372.503,1,Extreme
2013-04-13 19:30:00,292.297,19,4,0,1,0,80.0,0.0,80.0,372.297,1,Extreme
2013-05-12 19:00:00,292.165,19,5,0,1,0,80.0,0.0,80.0,372.165,1,Extreme
2013-04-11 21:00:00,292.154,21,4,0,1,0,80.0,0.0,80.0,372.154,1,Extreme
2013-04-12 18:00:00,292.142,18,4,0,1,0,80.0,0.0,80.0,372.142,1,Extreme
2013-11-02 20:30:00,292.082,20,11,0,1,0,80.0,0.0,80.0,372.082,1,Extreme
2014-02-22 17:00:00,251.994,17,2,1,1,1,80.0,40.0,120.0,371.994,1,Extreme
2013-04-06 20:30:00,291.95,20,4,0,1,0,80.0,0.0,80.0,371.95,1,Extreme
2013-03-16 17:30:00,291.941,17,3,0,1,0,80.0,0.0,80.0,371.941,1,Extreme
2013-10-30 17:30:00,291.88100000000003,17,10,0,1,0,80.0,0.0,80.0,371.88100000000003,1,Extreme
2013-03-29 18:00:00,291.839,18,3,0,1,0,80.0,0.0,80.0,371.839,1,Extreme
2013-09-16 19:30:00,291.805,19,9,0,1,0,80.0,0.0,80.0,371.805,1,Extreme
2013-11-15 17:00:00,291.656,17,11,0,1,0,80.0,0.0,80.0,371.656,1,Extreme
2013-03-01 17:00:00,291.65500000000003,17,3,0,1,0,80.0,0.0,80.0,371.65500000000003,1,Extreme
2013-01-13 16:30:00,371.609,16,1,1,0,0,0.0,0.0,0.0,371.609,1,Extreme
2013-09-19 19:30:00,291.594,19,9,0,1,0,80.0,0.0,80.0,371.594,1,Extreme
2013-03-31 17:30:00,291.492,17,3,0,1,0,80.0,0.0,80.0,371.492,1,Extreme
2013-09-19 18:30:00,291.388,18,9,0,1,0,80.0,0.0,80.0,371.388,1,Extreme
2013-03-16 21:30:00,291.223,21,3,0,1,0,80.0,0.0,80.0,371.223,1,Extreme
2013-02-14 22:00:00,330.957,22,2,1,0,1,0.0,40.0,40.0,370.957,1,Extreme
2013-01-26 22:00:00,330.952,22,1,1,0,1,0.0,40.0,40.0,370.952,1,Extreme
2013-09-30 19:30:00,290.867,19,9,0,1,0,80.0,0.0,80.0,370.867,1,Extreme
2013-09-23 18:30:00,290.692,18,9,0,1,0,80.0,0.0,80.0,370.692,1,Extreme
2013-04-28 19:00:00,290.682,19,4,0,1,0,80.0,0.0,80.0,370.682,1,Extreme
2013-10-23 20:00:00,290.553,20,10,0,1,0,80.0,0.0,80.0,370.553,1,Extreme
2013-03-28 18:00:00,290.464,18,3,0,1,0,80.0,0.0,80.0,370.464,1,Extreme
2013-11-07 17:30:00,290.442,17,11,0,1,0,80.0,0.0,80.0,370.442,1,Extreme
2013-10-02 19:30:00,290.375,19,10,0,1,0,80.0,0.0,80.0,370.375,1,Extreme
2013-10-28 21:00:00,290.344,21,10,0,1,0,80.0,0.0,80.0,370.344,1,Extreme
2013-05-12 19:30:00,290.3,19,5,0,1,0,80.0,0.0,80.0,370.3,1,Extreme
2013-11-21 17:00:00,290.293,17,11,0,1,0,80.0,0.0,80.0,370.293,1,Extreme
2013-10-03 18:00:00,290.082,18,10,0,1,0,80.0,0.0,80.0,370.082,1,Extreme
2013-05-29 18:00:00,290.039,18,5,0,1,0,80.0,0.0,80.0,370.039,1,Extreme
2014-02-25 17:30:00,250.028,17,2,1,1,1,80.0,40.0,120.0,370.028,1,Extreme
2013-10-15 20:30:00,290.02,20,10,0,1,0,80.0,0.0,80.0,370.02,1,Extreme
2013-10-30 21:30:00,289.884,21,10,0,1,0,80.0,0.0,80.0,369.884,1,Extreme
2013-10-12 19:00:00,289.851,19,10,0,1,0,80.0,0.0,80.0,369.851,1,Extreme
2013-10-24 19:30:00,289.845,19,10,0,1,0,80.0,0.0,80.0,369.845,1,Extreme
2013-10-02 18:00:00,289.815,18,10,0,1,0,80.0,0.0,80.0,369.815,1,Extreme
2013-11-27 21:30:00,289.769,21,11,0,1,0,80.0,0.0,80.0,369.769,1,Extreme
2013-03-11 22:00:00,369.743,22,3,0,0,0,0.0,0.0,0.0,369.743,1,Extreme
2013-05-29 20:30:00,289.676,20,5,0,1,0,80.0,0.0,80.0,369.676,1,Extreme
2013-11-16 21:30:00,289.656,21,11,0,1,0,80.0,0.0,80.0,369.656,1,Extreme
2013-03-09 17:00:00,289.621,17,3,0,1,0,80.0,0.0,80.0,369.621,1,Extreme
2013-04-28 20:00:00,289.568,20,4,0,1,0,80.0,0.0,80.0,369.568,1,Extreme
2013-09-25 19:00:00,289.457,19,9,0,1,0,80.0,0.0,80.0,369.457,1,Extreme
2013-04-02 17:30:00,289.442,17,4,0,1,0,80.0,0.0,80.0,369.442,1,Extreme
2013-02-07 22:30:00,329.387,22,2,1,0,1,0.0,40.0,40.0,369.387,1,Extreme
2013-05-14 19:00:00,289.345,19,5,0,1,0,80.0,0.0,80.0,369.345,1,Extreme
2013-09-27 19:00:00,289.34,19,9,0,1,0,80.0,0.0,80.0,369.34,1,Extreme
2013-05-12 18:30:00,289.321,18,5,0,1,0,80.0,0.0,80.0,369.321,1,Extreme
2013-04-06 19:00:00,289.229,19,4,0,1,0,80.0,0.0,80.0,369.229,1,Extreme
2013-11-12 17:00:00,289.093,17,11,0,1,0,80.0,0.0,80.0,369.093,1,Extreme
2013-04-16 20:00:00,288.945,20,4,0,1,0,80.0,0.0,80.0,368.945,1,Extreme
2013-11-06 17:00:00,288.931,17,11,0,1,0,80.0,0.0,80.0,368.931,1,Extreme
2013-11-06 21:30:00,288.808,21,11,0,1,0,80.0,0.0,80.0,368.808,1,Extreme
2013-03-29 21:30:00,288.795,21,3,0,1,0,80.0,0.0,80.0,368.795,1,Extreme
2013-11-04 21:30:00,288.732,21,11,0,1,0,80.0,0.0,80.0,368.732,1,Extreme
2013-01-27 22:00:00,328.682,22,1,1,0,1,0.0,40.0,40.0,368.682,1,Extreme
2013-10-21 20:00:00,288.632,20,10,0,1,0,80.0,0.0,80.0,368.632,1,Extreme
2013-09-10 18:00:00,288.558,18,9,0,1,0,80.0,0.0,80.0,368.558,1,Extreme
2013-02-13 22:30:00,328.483,22,2,1,0,1,0.0,40.0,40.0,368.483,1,Extreme
2013-05-29 20:00:00,288.468,20,5,0,1,0,80.0,0.0,80.0,368.468,1,Extreme
2013-01-29 22:00:00,328.4,22,1,1,0,1,0.0,40.0,40.0,368.4,1,Extreme
2013-04-11 21:30:00,288.323,21,4,0,1,0,80.0,0.0,80.0,368.323,1,Extreme
2013-09-18 19:30:00,288.306,19,9,0,1,0,80.0,0.0,80.0,368.306,1,Extreme
2013-10-31 20:00:00,287.965,20,10,0,1,0,80.0,0.0,80.0,367.965,1,Extreme
2013-09-17 20:00:00,287.921,20,9,0,1,0,80.0,0.0,80.0,367.921,1,Extreme
2013-01-20 11:00:00,367.859,11,1,1,0,0,0.0,0.0,0.0,367.859,1,Extreme
2013-11-09 21:00:00,287.822,21,11,0,1,0,80.0,0.0,80.0,367.822,1,Extreme
2014-02-26 17:30:00,247.727,17,2,1,1,1,80.0,40.0,120.0,367.727,1,Extreme
2013-11-01 17:30:00,287.718,17,11,0,1,0,80.0,0.0,80.0,367.718,1,Extreme
2013-01-20 11:30:00,367.643,11,1,1,0,0,0.0,0.0,0.0,367.643,1,Extreme
2013-09-25 19:30:00,287.578,19,9,0,1,0,80.0,0.0,80.0,367.578,1,Extreme
2013-10-03 19:30:00,287.565,19,10,0,1,0,80.0,0.0,80.0,367.565,1,Extreme
2013-04-14 20:30:00,287.527,20,4,0,1,0,80.0,0.0,80.0,367.527,1,Extreme
2013-10-10 19:30:00,287.519,19,10,0,1,0,80.0,0.0,80.0,367.519,1,Extreme
2013-04-07 18:00:00,287.517,18,4,0,1,0,80.0,0.0,80.0,367.517,1,Extreme
2013-01-10 22:00:00,327.408,22,1,1,0,1,0.0,40.0,40.0,367.408,1,Extreme
2013-01-19 10:30:00,367.338,10,1,1,0,0,0.0,0.0,0.0,367.338,1,Extreme
2013-02-26 22:00:00,327.176,22,2,1,0,1,0.0,40.0,40.0,367.176,1,Extreme
2013-04-13 20:00:00,287.168,20,4,0,1,0,80.0,0.0,80.0,367.168,1,Extreme
2013-04-10 21:30:00,287.11,21,4,0,1,0,80.0,0.0,80.0,367.11,1,Extreme
2013-03-24 22:00:00,367.007,22,3,0,0,0,0.0,0.0,0.0,367.007,1,Extreme
2013-10-29 21:30:00,287.006,21,10,0,1,0,80.0,0.0,80.0,367.006,1,Extreme
2013-10-31 20:30:00,287.002,20,10,0,1,0,80.0,0.0,80.0,367.002,1,Extreme
2013-03-19 17:30:00,286.989,17,3,0,1,0,80.0,0.0,80.0,366.989,1,Extreme
2013-10-20 19:00:00,286.964,19,10,0,1,0,80.0,0.0,80.0,366.964,1,Extreme
2013-04-16 19:30:00,286.963,19,4,0,1,0,80.0,0.0,80.0,366.963,1,Extreme
2013-09-29 18:00:00,286.923,18,9,0,1,0,80.0,0.0,80.0,366.923,1,Extreme
2013-01-13 22:30:00,326.834,22,1,1,0,1,0.0,40.0,40.0,366.834,1,Extreme
2013-01-20 09:30:00,326.828,9,1,1,0,1,0.0,40.0,40.0,366.828,1,Extreme
2013-10-17 19:00:00,286.795,19,10,0,1,0,80.0,0.0,80.0,366.795,1,Extreme
2013-10-23 17:30:00,286.78,17,10,0,1,0,80.0,0.0,80.0,366.78,1,Extreme
2013-04-15 19:30:00,286.751,19,4,0,1,0,80.0,0.0,80.0,366.751,1,Extreme
2013-01-25 08:00:00,326.746,8,1,1,0,1,0.0,40.0,40.0,366.746,1,Extreme
2013-10-01 17:30:00,286.744,17,10,0,1,0,80.0,0.0,80.0,366.744,1,Extreme
2013-09-15 17:30:00,286.629,17,9,0,1,0,80.0,0.0,80.0,366.629,1,Extreme
2013-10-22 19:30:00,286.627,19,10,0,1,0,80.0,0.0,80.0,366.627,1,Extreme
2013-04-15 20:00:00,286.551,20,4,0,1,0,80.0,0.0,80.0,366.551,1,Extreme
2013-10-13 20:00:00,286.376,20,10,0,1,0,80.0,0.0,80.0,366.376,1,Extreme
2013-05-14 18:00:00,286.357,18,5,0,1,0,80.0,0.0,80.0,366.357,1,Extreme
2013-10-04 18:30:00,286.241,18,10,0,1,0,80.0,0.0,80.0,366.241,1,Extreme
2013-09-11 18:30:00,286.111,18,9,0,1,0,80.0,0.0,80.0,366.111,1,Extreme
2013-02-03 22:00:00,326.066,22,2,1,0,1,0.0,40.0,40.0,366.066,1,Extreme
2013-02-10 16:00:00,366.063,16,2,1,0,0,0.0,0.0,0.0,366.063,1,Extreme
2013-02-28 22:00:00,326.043,22,2,1,0,1,0.0,40.0,40.0,366.043,1,Extreme
2013-04-13 19:00:00,285.898,19,4,0,1,0,80.0,0.0,80.0,365.898,1,Extreme
2013-04-21 20:00:00,285.789,20,4,0,1,0,80.0,0.0,80.0,365.789,1,Extreme
2013-04-07 17:30:00,285.688,17,4,0,1,0,80.0,0.0,80.0,365.688,1,Extreme
2013-10-14 20:30:00,285.51,20,10,0,1,0,80.0,0.0,80.0,365.51,1,Extreme
2013-09-30 18:00:00,285.457,18,9,0,1,0,80.0,0.0,80.0,365.457,1,Extreme
2013-01-02 22:00:00,325.282,22,1,1,0,1,0.0,40.0,40.0,365.282,1,Extreme
2013-09-14 19:00:00,285.2,19,9,0,1,0,80.0,0.0,80.0,365.2,1,Extreme
2013-04-28 19:30:00,285.026,19,4,0,1,0,80.0,0.0,80.0,365.026,1,Extreme
2013-10-27 20:30:00,284.913,20,10,0,1,0,80.0,0.0,80.0,364.913,1,Extreme
2013-02-09 22:30:00,324.898,22,2,1,0,1,0.0,40.0,40.0,364.898,1,Extreme
2013-03-12 22:00:00,364.865,22,3,0,0,0,0.0,0.0,0.0,364.865,1,Extreme
2013-03-25 22:00:00,364.844,22,3,0,0,0,0.0,0.0,0.0,364.844,1,Extreme
2013-03-18 17:00:00,284.828,17,3,0,1,0,80.0,0.0,80.0,364.828,1,Extreme
2013-09-15 17:00:00,284.775,17,9,0,1,0,80.0,0.0,80.0,364.775,1,Extreme
2013-05-12 18:00:00,284.734,18,5,0,1,0,80.0,0.0,80.0,364.734,1,Extreme
2013-04-18 20:00:00,284.724,20,4,0,1,0,80.0,0.0,80.0,364.724,1,Extreme
2013-10-11 20:00:00,284.684,20,10,0,1,0,80.0,0.0,80.0,364.684,1,Extreme
2013-11-28 17:00:00,284.622,17,11,0,1,0,80.0,0.0,80.0,364.622,1,Extreme
2013-09-15 20:00:00,284.598,20,9,0,1,0,80.0,0.0,80.0,364.598,1,Extreme
2013-03-27 17:30:00,284.497,17,3,0,1,0,80.0,0.0,80.0,364.497,1,Extreme
2013-03-30 17:30:00,284.481,17,3,0,1,0,80.0,0.0,80.0,364.481,1,Extreme
2013-10-10 20:00:00,284.415,20,10,0,1,0,80.0,0.0,80.0,364.415,1,Extreme
2013-04-17 19:30:00,284.402,19,4,0,1,0,80.0,0.0,80.0,364.402,1,Extreme
2013-09-18 19:00:00,284.382,19,9,0,1,0,80.0,0.0,80.0,364.382,1,Extreme
2013-02-04 22:00:00,324.356,22,2,1,0,1,0.0,40.0,40.0,364.356,1,Extreme
2014-02-17 17:00:00,244.346,17,2,1,1,1,80.0,40.0,120.0,364.346,1,Extreme
2013-10-16 17:30:00,284.283,17,10,0,1,0,80.0,0.0,80.0,364.283,1,Extreme
2013-02-24 22:30:00,324.16,22,2,1,0,1,0.0,40.0,40.0,364.16,1,Extreme
2013-01-19 10:00:00,364.143,10,1,1,0,0,0.0,0.0,0.0,364.143,1,Extreme
2013-09-16 20:00:00,284.061,20,9,0,1,0,80.0,0.0,80.0,364.061,1,Extreme
2013-09-24 19:30:00,283.978,19,9,0,1,0,80.0,0.0,80.0,363.978,1,Extreme
2013-04-18 20:30:00,283.976,20,4,0,1,0,80.0,0.0,80.0,363.976,1,Extreme
2013-02-22 22:00:00,323.966,22,2,1,0,1,0.0,40.0,40.0,363.966,1,Extreme
2013-10-26 19:00:00,283.837,19,10,0,1,0,80.0,0.0,80.0,363.837,1,Extreme
2013-04-15 20:30:00,283.714,20,4,0,1,0,80.0,0.0,80.0,363.714,1,Extreme
2013-04-17 20:00:00,283.703,20,4,0,1,0,80.0,0.0,80.0,363.703,1,Extreme
2013-10-27 17:00:00,283.654,17,10,0,1,0,80.0,0.0,80.0,363.654,1,Extreme
2013-03-07 17:00:00,283.594,17,3,0,1,0,80.0,0.0,80.0,363.594,1,Extreme
2013-03-31 17:00:00,283.53,17,3,0,1,0,80.0,0.0,80.0,363.53,1,Extreme
2013-02-10 16:30:00,363.325,16,2,1,0,0,0.0,0.0,0.0,363.325,1,Extreme
2013-04-16 20:30:00,283.3,20,4,0,1,0,80.0,0.0,80.0,363.3,1,Extreme
2013-09-29 19:00:00,283.258,19,9,0,1,0,80.0,0.0,80.0,363.258,1,Extreme
2013-04-26 20:00:00,283.099,20,4,0,1,0,80.0,0.0,80.0,363.099,1,Extreme
2013-05-29 21:00:00,283.028,21,5,0,1,0,80.0,0.0,80.0,363.028,1,Extreme
2013-02-10 22:30:00,323.021,22,2,1,0,1,0.0,40.0,40.0,363.021,1,Extreme
2013-10-07 19:30:00,282.812,19,10,0,1,0,80.0,0.0,80.0,362.812,1,Extreme
2013-10-17 17:30:00,282.634,17,10,0,1,0,80.0,0.0,80.0,362.634,1,Extreme
2013-03-04 17:30:00,282.581,17,3,0,1,0,80.0,0.0,80.0,362.581,1,Extreme
2013-09-10 20:30:00,282.535,20,9,0,1,0,80.0,0.0,80.0,362.535,1,Extreme
2013-09-08 20:30:00,282.526,20,9,0,1,0,80.0,0.0,80.0,362.526,1,Extreme
2013-04-11 18:00:00,282.485,18,4,0,1,0,80.0,0.0,80.0,362.485,1,Extreme
2013-04-17 20:30:00,282.419,20,4,0,1,0,80.0,0.0,80.0,362.419,1,Extreme
2013-03-21 17:00:00,282.383,17,3,0,1,0,80.0,0.0,80.0,362.383,1,Extreme
2013-10-05 19:00:00,282.265,19,10,0,1,0,80.0,0.0,80.0,362.265,1,Extreme
2013-05-12 20:00:00,282.263,20,5,0,1,0,80.0,0.0,80.0,362.263,1,Extreme
2013-10-05 18:00:00,282.191,18,10,0,1,0,80.0,0.0,80.0,362.191,1,Extreme
2013-11-08 21:30:00,282.185,21,11,0,1,0,80.0,0.0,80.0,362.185,1,Extreme
2013-10-21 20:30:00,282.122,20,10,0,1,0,80.0,0.0,80.0,362.122,1,Extreme
2013-10-02 20:00:00,282.121,20,10,0,1,0,80.0,0.0,80.0,362.121,1,Extreme
2013-04-26 20:30:00,282.042,20,4,0,1,0,80.0,0.0,80.0,362.042,1,Extreme
2013-03-24 14:00:00,361.988,14,3,0,0,0,0.0,0.0,0.0,361.988,1,Extreme
2013-04-29 20:30:00,281.797,20,4,0,1,0,80.0,0.0,80.0,361.797,1,Extreme
2013-09-24 19:00:00,281.727,19,9,0,1,0,80.0,0.0,80.0,361.727,1,Extreme
2013-04-22 20:30:00,281.684,20,4,0,1,0,80.0,0.0,80.0,361.684,1,Extreme
2013-04-30 20:30:00,281.672,20,4,0,1,0,80.0,0.0,80.0,361.672,1,Extreme
2013-10-18 19:30:00,281.641,19,10,0,1,0,80.0,0.0,80.0,361.641,1,Extreme
2013-11-09 21:30:00,281.583,21,11,0,1,0,80.0,0.0,80.0,361.583,1,Extreme
2013-11-13 17:00:00,281.552,17,11,0,1,0,80.0,0.0,80.0,361.552,1,Extreme
2013-10-24 20:00:00,281.53,20,10,0,1,0,80.0,0.0,80.0,361.53,1,Extreme
2013-03-24 13:30:00,361.508,13,3,0,0,0,0.0,0.0,0.0,361.508,1,Extreme
2013-10-13 17:00:00,281.442,17,10,0,1,0,80.0,0.0,80.0,361.442,1,Extreme
2013-04-14 19:00:00,281.425,19,4,0,1,0,80.0,0.0,80.0,361.425,1,Extreme
2013-04-19 20:00:00,281.401,20,4,0,1,0,80.0,0.0,80.0,361.401,1,Extreme
2014-02-27 17:00:00,241.39,17,2,1,1,1,80.0,40.0,120.0,361.39,1,Extreme
2013-10-19 19:00:00,281.25600000000003,19,10,0,1,0,80.0,0.0,80.0,361.25600000000003,1,Extreme
2013-09-28 19:00:00,281.21,19,9,0,1,0,80.0,0.0,80.0,361.21,1,Extreme
2013-09-09 19:30:00,281.158,19,9,0,1,0,80.0,0.0,80.0,361.158,1,Extreme
2013-10-09 20:00:00,281.122,20,10,0,1,0,80.0,0.0,80.0,361.122,1,Extreme
2013-09-26 19:00:00,281.116,19,9,0,1,0,80.0,0.0,80.0,361.116,1,Extreme
2013-09-14 19:30:00,281.079,19,9,0,1,0,80.0,0.0,80.0,361.079,1,Extreme
2013-11-01 20:30:00,281.077,20,11,0,1,0,80.0,0.0,80.0,361.077,1,Extreme
2013-09-25 18:30:00,281.067,18,9,0,1,0,80.0,0.0,80.0,361.067,1,Extreme
2013-02-25 22:30:00,320.955,22,2,1,0,1,0.0,40.0,40.0,360.955,1,Extreme
2013-04-14 21:00:00,280.939,21,4,0,1,0,80.0,0.0,80.0,360.939,1,Extreme
2013-10-24 20:30:00,280.925,20,10,0,1,0,80.0,0.0,80.0,360.925,1,Extreme
2013-05-14 17:30:00,280.917,17,5,0,1,0,80.0,0.0,80.0,360.917,1,Extreme
2013-09-22 20:00:00,280.851,20,9,0,1,0,80.0,0.0,80.0,360.851,1,Extreme
2013-01-19 09:00:00,320.839,9,1,1,0,1,0.0,40.0,40.0,360.839,1,Extreme
2013-02-22 22:30:00,320.778,22,2,1,0,1,0.0,40.0,40.0,360.778,1,Extreme
2013-03-06 17:30:00,280.711,17,3,0,1,0,80.0,0.0,80.0,360.711,1,Extreme
2013-02-08 22:00:00,320.647,22,2,1,0,1,0.0,40.0,40.0,360.647,1,Extreme
2013-01-20 22:30:00,320.505,22,1,1,0,1,0.0,40.0,40.0,360.505,1,Extreme
2013-04-13 18:30:00,280.479,18,4,0,1,0,80.0,0.0,80.0,360.479,1,Extreme
2013-04-06 21:00:00,280.311,21,4,0,1,0,80.0,0.0,80.0,360.311,1,Extreme
2013-09-19 20:00:00,280.289,20,9,0,1,0,80.0,0.0,80.0,360.289,1,Extreme
2013-04-21 19:30:00,280.283,19,4,0,1,0,80.0,0.0,80.0,360.283,1,Extreme
2013-01-30 22:00:00,320.227,22,1,1,0,1,0.0,40.0,40.0,360.227,1,Extreme
2014-02-21 17:00:00,240.216,17,2,1,1,1,80.0,40.0,120.0,360.216,1,Extreme
2013-10-20 19:30:00,280.133,19,10,0,1,0,80.0,0.0,80.0,360.133,1,Extreme
2013-04-22 19:00:00,280.11,19,4,0,1,0,80.0,0.0,80.0,360.11,1,Extreme
2013-10-04 19:00:00,279.948,19,10,0,1,0,80.0,0.0,80.0,359.948,1,Extreme
2013-05-12 17:30:00,279.941,17,5,0,1,0,80.0,0.0,80.0,359.941,1,Extreme
2013-12-15 16:30:00,359.904,16,12,1,0,0,0.0,0.0,0.0,359.904,1,Extreme
2013-04-22 19:30:00,279.841,19,4,0,1,0,80.0,0.0,80.0,359.841,1,Extreme
2013-10-14 17:00:00,279.831,17,10,0,1,0,80.0,0.0,80.0,359.831,1,Extreme
2013-10-25 19:30:00,279.713,19,10,0,1,0,80.0,0.0,80.0,359.713,1,Extreme
2013-11-02 21:00:00,279.703,21,11,0,1,0,80.0,0.0,80.0,359.703,1,Extreme
2013-05-12 20:30:00,279.687,20,5,0,1,0,80.0,0.0,80.0,359.687,1,Extreme
2014-02-18 17:00:00,239.674,17,2,1,1,1,80.0,40.0,120.0,359.674,1,Extreme
2013-04-28 18:30:00,279.656,18,4,0,1,0,80.0,0.0,80.0,359.656,1,Extreme
2013-04-10 17:30:00,279.533,17,4,0,1,0,80.0,0.0,80.0,359.533,1,Extreme
2013-03-13 22:00:00,359.46,22,3,0,0,0,0.0,0.0,0.0,359.46,1,Extreme
2013-10-04 18:00:00,279.43,18,10,0,1,0,80.0,0.0,80.0,359.43,1,Extreme
2013-05-17 19:00:00,279.399,19,5,0,1,0,80.0,0.0,80.0,359.399,1,Extreme
2013-02-24 14:00:00,359.398,14,2,1,0,0,0.0,0.0,0.0,359.398,1,Extreme
2013-12-11 22:00:00,319.057,22,12,1,0,1,0.0,40.0,40.0,359.057,1,Extreme
2013-09-10 20:00:00,279.037,20,9,0,1,0,80.0,0.0,80.0,359.037,1,Extreme
2013-03-22 17:00:00,278.934,17,3,0,1,0,80.0,0.0,80.0,358.934,1,Extreme
2013-09-23 20:00:00,278.897,20,9,0,1,0,80.0,0.0,80.0,358.897,1,Extreme
2013-05-14 20:00:00,278.862,20,5,0,1,0,80.0,0.0,80.0,358.862,1,Extreme
2013-10-01 20:00:00,278.79200000000003,20,10,0,1,0,80.0,0.0,80.0,358.79200000000003,1,Extreme
2013-04-08 18:00:00,278.784,18,4,0,1,0,80.0,0.0,80.0,358.784,1,Extreme
2013-10-05 19:30:00,278.641,19,10,0,1,0,80.0,0.0,80.0,358.641,1,Extreme
2013-09-17 20:30:00,278.572,20,9,0,1,0,80.0,0.0,80.0,358.572,1,Extreme
2013-10-06 17:30:00,278.569,17,10,0,1,0,80.0,0.0,80.0,358.569,1,Extreme
2013-01-02 22:30:00,318.569,22,1,1,0,1,0.0,40.0,40.0,358.569,1,Extreme
2013-05-29 19:00:00,278.552,19,5,0,1,0,80.0,0.0,80.0,358.552,1,Extreme
2013-09-17 17:30:00,278.468,17,9,0,1,0,80.0,0.0,80.0,358.468,1,Extreme
2013-02-17 22:00:00,318.415,22,2,1,0,1,0.0,40.0,40.0,358.415,1,Extreme
2013-10-10 20:30:00,278.396,20,10,0,1,0,80.0,0.0,80.0,358.396,1,Extreme
2013-09-12 19:00:00,278.36,19,9,0,1,0,80.0,0.0,80.0,358.36,1,Extreme
2013-10-11 17:00:00,278.336,17,10,0,1,0,80.0,0.0,80.0,358.336,1,Extreme
2013-09-24 18:30:00,278.336,18,9,0,1,0,80.0,0.0,80.0,358.336,1,Extreme
2013-04-19 19:30:00,278.334,19,4,0,1,0,80.0,0.0,80.0,358.334,1,Extreme
2013-04-30 21:00:00,278.23,21,4,0,1,0,80.0,0.0,80.0,358.23,1,Extreme
2013-04-05 21:30:00,278.196,21,4,0,1,0,80.0,0.0,80.0,358.196,1,Extreme
2013-09-13 19:00:00,278.11,19,9,0,1,0,80.0,0.0,80.0,358.11,1,Extreme
2014-01-27 22:00:00,317.908,22,1,1,0,1,0.0,40.0,40.0,357.908,1,Extreme
2013-10-28 21:30:00,277.823,21,10,0,1,0,80.0,0.0,80.0,357.823,1,Extreme
2013-09-26 18:30:00,277.804,18,9,0,1,0,80.0,0.0,80.0,357.804,1,Extreme
2013-09-13 18:30:00,277.711,18,9,0,1,0,80.0,0.0,80.0,357.711,1,Extreme
2013-09-18 20:00:00,277.705,20,9,0,1,0,80.0,0.0,80.0,357.705,1,Extreme
2013-01-12 22:30:00,317.675,22,1,1,0,1,0.0,40.0,40.0,357.675,1,Extreme
2013-09-27 19:30:00,277.658,19,9,0,1,0,80.0,0.0,80.0,357.658,1,Extreme
2013-04-28 20:30:00,277.64,20,4,0,1,0,80.0,0.0,80.0,357.64,1,Extreme
2013-04-13 20:30:00,277.63,20,4,0,1,0,80.0,0.0,80.0,357.63,1,Extreme
2013-09-09 18:30:00,277.601,18,9,0,1,0,80.0,0.0,80.0,357.601,1,Extreme
2013-10-26 17:00:00,277.57,17,10,0,1,0,80.0,0.0,80.0,357.57,1,Extreme
2013-09-10 17:30:00,277.562,17,9,0,1,0,80.0,0.0,80.0,357.562,1,Extreme
2013-10-10 17:30:00,277.56,17,10,0,1,0,80.0,0.0,80.0,357.56,1,Extreme
2013-04-21 20:30:00,277.52,20,4,0,1,0,80.0,0.0,80.0,357.52,1,Extreme
2013-03-20 17:00:00,277.508,17,3,0,1,0,80.0,0.0,80.0,357.508,1,Extreme
2013-04-21 18:30:00,277.496,18,4,0,1,0,80.0,0.0,80.0,357.496,1,Extreme
2013-05-14 20:30:00,277.479,20,5,0,1,0,80.0,0.0,80.0,357.479,1,Extreme
2013-02-21 22:00:00,317.456,22,2,1,0,1,0.0,40.0,40.0,357.456,1,Extreme
2013-10-07 20:00:00,277.392,20,10,0,1,0,80.0,0.0,80.0,357.392,1,Extreme
2013-04-05 17:00:00,277.391,17,4,0,1,0,80.0,0.0,80.0,357.391,1,Extreme
2013-05-29 17:00:00,277.35,17,5,0,1,0,80.0,0.0,80.0,357.35,1,Extreme
2013-05-17 18:30:00,277.317,18,5,0,1,0,80.0,0.0,80.0,357.317,1,Extreme
2013-01-25 10:30:00,357.201,10,1,1,0,0,0.0,0.0,0.0,357.201,1,Extreme
2013-03-13 17:00:00,277.123,17,3,0,1,0,80.0,0.0,80.0,357.123,1,Extreme
2013-10-17 19:30:00,277.071,19,10,0,1,0,80.0,0.0,80.0,357.071,1,Extreme
2013-10-12 19:30:00,276.89300000000003,19,10,0,1,0,80.0,0.0,80.0,356.89300000000003,1,Extreme
2013-02-10 15:00:00,356.8,15,2,1,0,0,0.0,0.0,0.0,356.8,1,Extreme
2013-02-24 13:30:00,356.769,13,2,1,0,0,0.0,0.0,0.0,356.769,1,Extreme
2013-10-13 20:30:00,276.684,20,10,0,1,0,80.0,0.0,80.0,356.684,1,Extreme
2013-09-29 19:30:00,276.648,19,9,0,1,0,80.0,0.0,80.0,356.648,1,Extreme
2013-04-22 18:30:00,276.622,18,4,0,1,0,80.0,0.0,80.0,356.622,1,Extreme
2013-09-10 19:30:00,276.467,19,9,0,1,0,80.0,0.0,80.0,356.467,1,Extreme
2013-01-20 10:30:00,356.381,10,1,1,0,0,0.0,0.0,0.0,356.381,1,Extreme
2014-02-05 22:00:00,316.305,22,2,1,0,1,0.0,40.0,40.0,356.305,1,Extreme
2013-09-24 20:00:00,276.209,20,9,0,1,0,80.0,0.0,80.0,356.209,1,Extreme
2013-02-10 13:30:00,356.12,13,2,1,0,0,0.0,0.0,0.0,356.12,1,Extreme
2013-04-12 17:30:00,276.101,17,4,0,1,0,80.0,0.0,80.0,356.101,1,Extreme
2013-10-22 20:00:00,276.054,20,10,0,1,0,80.0,0.0,80.0,356.054,1,Extreme
2013-10-07 17:30:00,276.037,17,10,0,1,0,80.0,0.0,80.0,356.037,1,Extreme
2013-01-29 22:30:00,316.011,22,1,1,0,1,0.0,40.0,40.0,356.011,1,Extreme
2013-01-09 22:00:00,315.98,22,1,1,0,1,0.0,40.0,40.0,355.98,1,Extreme
2013-03-14 17:00:00,275.939,17,3,0,1,0,80.0,0.0,80.0,355.939,1,Extreme
2013-03-24 13:00:00,355.743,13,3,0,0,0,0.0,0.0,0.0,355.743,1,Extreme
2014-01-26 22:00:00,315.666,22,1,1,0,1,0.0,40.0,40.0,355.666,1,Extreme
2013-01-19 22:00:00,315.618,22,1,1,0,1,0.0,40.0,40.0,355.618,1,Extreme
2013-05-14 21:00:00,275.598,21,5,0,1,0,80.0,0.0,80.0,355.598,1,Extreme
2013-01-26 22:30:00,315.531,22,1,1,0,1,0.0,40.0,40.0,355.531,1,Extreme
2013-09-28 19:30:00,275.45,19,9,0,1,0,80.0,0.0,80.0,355.45,1,Extreme
2013-10-16 21:00:00,275.277,21,10,0,1,0,80.0,0.0,80.0,355.277,1,Extreme
2013-02-23 22:30:00,315.188,22,2,1,0,1,0.0,40.0,40.0,355.188,1,Extreme
2013-03-30 17:00:00,275.144,17,3,0,1,0,80.0,0.0,80.0,355.144,1,Extreme
2013-09-12 18:30:00,275.119,18,9,0,1,0,80.0,0.0,80.0,355.119,1,Extreme
2013-02-01 22:00:00,315.024,22,2,1,0,1,0.0,40.0,40.0,355.024,1,Extreme
2013-09-30 20:00:00,275.022,20,9,0,1,0,80.0,0.0,80.0,355.022,1,Extreme
2013-10-25 20:00:00,274.985,20,10,0,1,0,80.0,0.0,80.0,354.985,1,Extreme
2013-02-03 16:30:00,354.93,16,2,1,0,0,0.0,0.0,0.0,354.93,1,Extreme
2013-10-11 20:30:00,274.896,20,10,0,1,0,80.0,0.0,80.0,354.896,1,Extreme
2013-03-15 17:00:00,274.858,17,3,0,1,0,80.0,0.0,80.0,354.858,1,Extreme
2013-04-12 21:00:00,274.786,21,4,0,1,0,80.0,0.0,80.0,354.786,1,Extreme
2013-05-24 19:00:00,274.726,19,5,0,1,0,80.0,0.0,80.0,354.726,1,Extreme
2013-01-01 22:00:00,314.719,22,1,1,0,1,0.0,40.0,40.0,354.719,1,Extreme
2013-04-22 18:00:00,274.714,18,4,0,1,0,80.0,0.0,80.0,354.714,1,Extreme
2013-01-11 22:30:00,314.671,22,1,1,0,1,0.0,40.0,40.0,354.671,1,Extreme
2013-04-21 18:00:00,274.642,18,4,0,1,0,80.0,0.0,80.0,354.642,1,Extreme
2013-01-18 16:30:00,354.581,16,1,1,0,0,0.0,0.0,0.0,354.581,1,Extreme
