Actual,Predicted
378.081,378.56875705657524
352.589,372.2214581038876
346.41,348.79903779483607
348.8,338.83691133959144
325.244,336.4072151620753
301.948,316.07781937756374
290.008,295.2550892817786
261.335,274.362216615678
231.163,246.1829426488044
196.288,225.41048971385996
166.006,191.20846741920593
143.732,160.97914822977157
126.936,140.00919509108178
122.609,124.59017604961056
118.13,121.44871616711133
112.339,116.91670063956758
114.039,113.32185477874268
109.191,112.88937962363849
107.906,109.84284557814838
108.514,108.753853292648
121.596,113.7782835906341
131.748,126.0708878148282
156.298,144.79226728379518
190.15,173.26443840255962
229.033,209.75283740004545
257.593,239.10343286327918
246.558,260.71559583065175
232.977,244.29338114708725
234.753,231.91863150700004
231.933,229.10613214746186
238.117,227.88933315110756
215.622,230.66085142539774
215.662,213.88939868893215
218.087,214.38694983891307
223.108,215.66495253585043
217.363,222.15205004860027
217.825,219.37807657279134
214.188,219.54597465322846
210.583,219.5647362881413
214.632,216.75743965732605
227.923,223.24787149427382
249.156,236.72444158418838
282.764,263.54829463446345
315.977,297.138488051644
341.287,325.0175939923397
352.811,348.3809848102886
365.72,363.9341388403402
367.857,374.9876384517232
367.252,374.3005363504958
341.0,365.27889977759776
335.47,344.38050022536265
312.286,339.74665334041265
302.97,316.73387543022466
281.908,302.62247167541784
276.526,283.9013897474847
259.069,268.9249728111803
229.262,246.6987412403904
189.954,225.4366923058826
174.221,187.93291187492886
153.242,168.34497071964367
133.332,148.1264944796318
120.377,132.28818098437029
114.52,122.52490688179456
113.984,116.2508382143378
112.496,116.55708018087986
106.365,113.48243713584797
104.738,109.05070410048903
103.92,107.78658167924577
112.981,112.09102426140963
118.13,121.52285366203226
129.354,135.00521464747214
146.858,154.75407785748678
173.626,180.92699024988573
197.57,207.15647294386244
226.42,220.61425588650388
239.247,233.31719263855436
254.247,241.5899890686002
249.083,249.43985259125614
239.004,247.90360421254167
241.379,234.12068003307593
234.628,235.18660862504467
233.969,231.48185326760802
241.024,232.10185280290767
227.43,235.79983134386762
231.555,227.28871684301816
244.054,228.71243002860527
253.106,236.38550300484775
253.08,243.01401193022082
262.405,247.81910992570104
268.073,260.70528506119535
292.557,276.93340807696416
318.124,304.9693016536602
325.625,330.34724420640407
334.387,339.6149108535102
340.058,350.9727570687529
343.322,355.8210969155998
328.737,357.3965713047668
321.776,337.56180531880045
309.645,330.81300712969175
289.859,315.9556876896967
280.339,298.09380184780673
267.654,283.30619347923334
260.698,272.3087983250049
238.412,259.78387519467526
214.784,233.86792212719328
188.818,214.71401542741023
168.701,190.34051503226684
152.953,168.6288611053695
132.737,151.03203608366468
120.326,133.12355944331435
116.819,122.81768695557042
112.169,119.40571395540294
108.643,116.05973587177539
105.546,111.12470130664123
100.707,108.50688081135247
98.677,104.70917354955503
103.722,107.12650708188274
109.102,112.44058030099937
127.113,121.38135511183138
144.041,140.8889472720499
165.059,163.19405444038352
191.129,186.0640720488997
208.61,210.61668588241972
233.988,224.2434672010496
255.347,245.50734443226423
264.396,257.5289576019278
251.258,261.20516312772975
249.895,250.73729089289208
242.715,247.90858870400726
252.429,242.72761005932114
256.614,251.6113978825189
285.034,249.54731640259902
278.093,269.5860584020455
260.886,267.77158785238316
253.815,258.60572922375763
259.557,253.83316633416348
268.167,261.46772278703816
294.046,270.23728729218044
317.78,297.3483949255773
346.716,322.8959327435008
359.583,346.4928858807739
373.161,358.14672442172923
381.287,369.9462047544804
378.633,376.05797289800444
366.642,370.11606198880804
352.859,357.44043555391806
335.165,344.3565753306525
326.859,324.5051157225546
325.568,315.4497381591385
296.446,308.67997671195553
276.109,286.88599321685945
247.111,265.0718431269212
218.225,236.46567794567824
179.602,209.9450672971894
156.279,177.2298476510239
134.303,155.04127260521352
114.558,133.00040549078412
110.425,114.82584725026818
108.161,110.59429663790523
102.116,107.32850707902598
101.951,102.20372850295398
97.591,100.27133200216868
99.788,95.86091416205491
106.618,96.2183761825586
111.025,102.96442513008635
121.704,107.41056809864054
149.768,120.55037612199757
185.759,145.01419969062965
217.467,177.14159094949437
227.129,207.22879426712439
237.539,221.12020706187573
238.043,235.9485150376254
222.802,243.7247808795515
213.495,235.36466957219076
209.332,224.6187875749004
207.217,221.31274944754975
199.192,217.3356288037699
189.45,214.38106478885064
202.257,209.8024269473266
209.685,224.83292937943972
198.767,228.24620222827522
196.627,216.87079575856464
193.334,214.32219183486984
195.813,213.42161046966282
205.766,218.40851629956143
229.268,232.49336403979152
272.724,257.01302410978644
301.117,295.9035208349047
336.826,319.0529929534773
355.011,346.94442043608876
374.382,361.81706240599567
373.319,373.77542399297397
375.26,368.3798081141731
361.046,364.7150699845213
344.378,349.18305850064564
337.6,333.5881393239797
312.51,327.87669460205257
300.582,301.3969939195325
279.564,287.0817194439934
244.539,262.4926358501883
210.962,228.95377079234675
176.724,204.18347723803393
153.069,173.0567214383896
139.688,149.2763015083365
123.005,132.96858049080777
113.691,119.18780861944656
109.333,112.04872763944412
106.29,106.58766917326203
109.576,104.18549672630893
108.961,104.39125733389032
104.995,104.1629965890104
108.266,102.86243003267272
116.568,106.71608865602904
133.255,115.28044630789273
160.307,135.90322810722583
186.283,165.16120820972748
216.885,193.2765865240024
238.358,218.20244103467698
248.723,236.9496556390327
238.43,245.79169056098175
224.201,236.51550334955604
224.329,224.78665280451872
216.523,222.51511664730208
204.004,216.19195267002686
202.791,204.96054772781554
201.269,201.7994072932819
205.422,204.79581776103694
204.222,211.76165896496374
200.629,207.24381667834268
197.347,202.301381714841
196.848,198.55516662641656
202.485,199.00025546054695
212.096,206.3235298626212
241.179,221.2356008250958
283.589,254.98835978126945
311.684,293.3429270276698
333.428,323.2783921255981
348.346,343.65040442987015
368.069,359.77069854869205
378.64,371.90404483878626
371.985,378.4068169841645
348.322,368.292838669537
335.862,346.2782735297442
331.892,334.9181377586143
316.842,325.0365728548867
302.026,308.6543836629911
287.855,291.04357000188566
247.702,268.6860373407212
215.58,229.92821157078188
181.297,206.23552326589126
155.992,174.68636263222888
135.838,151.72771425243982
122.964,131.86164674445016
116.275,119.8702095094015
114.199,113.97639366246175
109.069,110.76414024642904
109.664,108.27885966430911
110.903,107.68143039456214
108.428,107.55957831306219
108.968,107.02357721807303
118.82,110.12552022559295
136.747,121.9182909284241
167.436,143.97451272371595
211.017,174.44460849016218
234.405,214.85254656240045
253.967,236.89455327037243
244.442,253.74947559392737
233.172,244.12635628243552
230.767,231.24438284171467
217.942,228.4441078409621
217.416,217.34344785579583
212.67,212.80881030700436
211.2,208.5906930643391
220.307,205.86571205803858
220.164,214.2017762486545
213.113,213.98347766384794
212.342,207.29737059401432
201.572,205.23033075013873
201.46,197.64126164519521
206.548,198.95672650482436
220.479,205.93459073740772
245.466,225.09878166658407
288.39,257.5837658198524
320.341,296.1477317843397
340.105,326.69830739465397
349.641,345.2411672905862
374.553,358.89860065078085
391.149,377.9339739308331
384.545,387.2424408312419
375.15,374.4714221003434
361.385,363.2344334985655
338.3,351.94733985754567
327.781,330.12918203319134
319.057,317.454229051306
297.384,305.77251628943634
267.668,276.4305553719669
233.188,244.58041817440275
194.854,219.68066611780037
162.77,184.9351550973642
144.475,156.278595371173
129.513,138.98085003656178
121.208,125.88429210288449
111.851,119.40398393177398
110.203,111.03696321393245
112.0,110.39572004471489
112.387,111.45592333994152
110.337,110.65200253621764
115.636,109.28773476547744
120.06,116.33646711570348
139.423,125.4131384307255
169.193,149.37903311583153
194.585,183.42912487564018
228.578,209.6462084997788
259.972,239.2376067267642
254.013,258.27250811150805
238.469,249.77057394323182
232.307,237.50950098438588
224.657,229.34958532158478
212.674,223.43953286661352
211.84,212.6053102008604
215.508,211.51971294789058
216.057,215.98949449218478
226.05,216.67229175877654
219.445,220.75823565543342
220.215,215.82538181724252
213.053,212.53902559050374
210.683,207.69402160620567
207.812,207.63882205968466
215.863,210.55167190697657
241.198,225.1518586125104
287.136,257.92338877914403
316.135,299.5557704613401
342.344,326.3460180789608
340.522,347.3415177040456
368.719,354.9549971312191
362.121,378.867033284301
360.234,371.99720245220647
344.181,365.5284760427346
335.898,349.8408804173723
316.484,336.9956743207258
314.651,319.7851032842325
304.023,314.3499131751431
289.767,299.881820745999
262.499,277.99651895794966
251.045,247.23485481059188
222.104,236.44303619339036
187.232,205.82006908844627
157.783,175.2306883184566
135.732,150.2744968440057
127.393,132.24179919491226
115.186,123.85233424982248
108.381,114.40893495623996
105.702,110.47748328305181
108.917,108.50521596617612
106.257,109.85087693246595
109.162,109.23570578497164
117.464,113.30157480746237
129.121,125.50747711159691
153.869,144.46113592208388
188.144,171.54847830710733
221.341,206.04014733371207
252.293,238.309842541279
252.385,256.31630140593273
240.772,250.53259082504215
242.504,240.84884931431696
234.581,238.25016754686033
226.31,229.51847063711583
218.454,222.9363947839589
211.045,218.6423382981055
210.133,214.27086214649665
221.103,216.50096920177626
220.037,220.8532507690422
224.698,220.29015186255947
220.998,219.9567576725857
210.535,216.81765536966924
227.406,209.05265521050606
235.438,223.74451446101753
261.596,238.0446635989956
301.351,272.26116542869954
323.21,309.2936854397275
336.014,332.99813378336614
346.17,341.39951688587666
366.393,358.3587378257391
363.997,370.9491312156599
360.888,368.2386593322118
346.788,360.3559255167643
324.609,347.42073812673755
317.916,324.7132701887275
307.412,318.8188554131666
286.542,307.6317812386542
281.789,287.8126178662585
253.983,273.8573079849075
214.899,249.14022726365744
197.272,222.54723236466862
169.897,198.1320978073494
148.616,169.57025578569284
134.669,147.85620002795153
124.563,135.07710624007112
121.589,124.0511467552265
114.64,119.5506885978686
110.924,114.31868153997948
107.716,112.379238406882
104.955,109.31689548887634
102.94,108.37478007677991
106.912,109.82376010704513
119.978,117.08983116536204
139.638,135.46982648645874
157.364,160.15197696862234
190.057,184.41420063211902
206.99,217.32020798443236
232.49,228.07713629186236
238.651,239.9003389664423
253.093,243.92672261804358
233.845,250.1572608298528
233.561,233.96205377574077
233.296,231.02151767133316
233.314,229.03352799519485
227.364,228.3847275313861
235.521,228.42079968513033
238.735,232.4978550446673
245.005,236.00048630907776
236.286,238.0308976254023
234.412,229.0266203732953
241.697,231.88288934666298
261.63100000000003,239.68845005009382
284.163,262.15867742132264
310.409,292.4802940916263
333.212,318.2578251108763
345.521,339.35623451625975
344.755,349.82530345650594
352.699,357.55024343092396
356.413,361.1253034639817
347.464,362.5288344299868
342.58,350.73202524556916
324.255,340.45174780257094
303.596,324.24245065153707
299.379,307.38326650599527
283.39300000000003,297.2859782037044
277.269,284.0655826869256
247.961,269.2626278966653
234.858,237.65867706694013
207.435,232.15936300292944
185.163,203.05726719792347
161.352,179.1612411208992
140.405,157.42537998565504
126.997,139.47911916899375
121.424,128.65531879439885
118.972,121.9392470799249
116.162,119.00111952720906
112.23,116.0679067415862
108.817,112.42477984465634
107.758,109.40167303200089
110.358,110.55108630218223
120.114,116.5970336391279
130.931,130.87695274383037
141.716,145.7450179523437
177.929,165.16067821655523
200.483,196.3333878289134
234.42,218.5577482488116
248.957,241.36853911514422
282.05,255.25663018128995
292.864,270.5762405313642
296.608,276.8935114415235
295.176,278.13356386185126
299.682,276.48123796050834
311.812,277.2101042510194
313.457,288.4952274590423
329.819,289.92755841120265
332.263,302.93330157765286
318.303,301.2603370176971
319.877,290.4680844455695
319.641,294.59055049509834
331.248,300.77280111742925
334.31,316.751498150375
359.904,329.76208112820245
362.935,354.74420244894577
333.842,361.388408048507
343.186,342.3353033676209
356.669,352.58572915102195
354.64,361.95202470388597
347.129,357.78593733635057
335.102,349.73923511834846
315.624,334.5869367159902
300.721,314.7699255335506
292.793,302.7548596658628
276.897,290.681477903492
264.228,277.98302991272044
239.67,258.36775676164666
219.733,234.91019488134205
186.568,215.85766603494864
164.84,185.14115800611893
141.831,161.6958758880867
124.21,139.28450099099803
113.093,122.50220996328207
108.375,113.31883361733318
108.117,108.48533785242489
103.336,107.2286707431069
99.356,102.27131874527376
102.099,98.43762547170901
106.572,99.35706640305654
111.329,103.41322820695918
120.466,110.07366149985792
146.983,120.90689925251903
175.481,142.62741790836193
214.033,174.6551194617131
237.037,207.66254896007243
256.897,234.80436768759688
234.936,252.25761346731977
224.099,248.44163198329883
227.099,242.26921856546832
235.568,245.36164453973862
220.585,250.2094078586458
205.345,241.65849127451978
208.504,234.14651846998768
215.431,237.52343690300847
215.476,246.71916117195383
215.708,248.08058211939135
205.84,243.16313763328625
208.827,236.98061843486667
205.4,239.2007193084983
210.766,242.05853434157876
236.383,248.08618378058267
279.111,274.6588631927681
310.542,305.43343826656576
326.128,319.1062745978953
334.809,331.607000901671
352.19,341.8999581998098
366.781,352.7757989794252
356.28,359.54128510424346
344.656,348.3023070043381
327.234,333.4335418681127
329.994,315.38982507179935
315.546,314.59704502173145
299.447,298.64484420687154
282.387,283.8086298242898
244.693,262.48030484957053
216.022,230.64086500366676
182.1,210.55241951619217
153.892,179.91630258530844
136.218,152.13591112195098
119.523,133.5564161382272
109.6,117.71448603639638
106.359,109.30069203595369
104.791,106.4444630696266
102.47,103.79867074016076
101.733,100.3453824058036
101.812,100.33505316788018
103.515,101.14979573728503
117.202,103.84458759649382
127.178,115.94430914298862
158.815,131.03268779725326
181.754,160.64801267289437
222.052,190.026575795823
243.58,224.87556508555133
249.658,247.8183411917901
242.602,246.46136855371142
227.537,241.6214829216761
214.687,233.02380029052463
217.677,227.25640401331515
222.217,224.42652125259227
210.849,223.49702403097356
213.703,217.49066764274002
221.37,221.49178894670246
217.338,227.61271865691455
223.228,225.20895140588416
225.022,224.62450331195123
210.71,226.80083251696067
225.99,215.85243499792904
226.612,228.52446410314192
253.734,236.04976643831705
296.544,268.4590301083532
329.739,305.6556650805352
353.158,329.55941267806236
359.858,347.98882169634317
380.203,358.5972479675386
386.374,375.664589987971
380.559,376.13267849630563
364.721,367.4926705717427
353.19,350.3160548121547
322.495,341.70192128629753
320.512,316.52152283688224
300.356,308.7959195571084
282.36,289.44738064269825
251.397,264.181601970561
220.467,233.70993841124516
187.397,211.3799135281072
158.076,179.47937569389958
141.788,152.51820158044777
123.466,135.39068232369598
114.101,118.98626670615147
112.383,111.41300000788328
109.876,109.36240557072162
109.971,106.59152145420094
99.534,105.67454721814778
99.5,99.0205643378088
102.251,99.45656771669378
115.344,105.60037241322131
126.483,117.51119480413752
155.902,136.25224624992234
187.635,164.3833984536214
222.236,200.31235395360594
242.398,231.00828935533062
236.931,247.88841265962787
227.393,239.90325988532499
226.238,228.3326611807171
220.514,223.7440540970888
211.438,221.55411117047268
204.441,215.09710754548865
203.402,205.88474623706313
204.15,205.87576920011324
213.899,209.1758326752681
220.632,214.07338581409633
215.796,220.2476080125364
210.835,216.26978541500483
217.886,209.1617598824409
211.12,217.47809547448256
222.427,213.6449080399363
248.518,230.7063412876621
279.733,263.9804452189594
311.086,296.4873296539763
331.695,325.3214790837761
344.479,341.2356940999239
373.218,357.03472122287144
372.603,378.71195372945886
375.485,375.7153254446905
362.604,371.6689053520156
340.717,358.2914381408285
325.113,334.8580034861494
318.238,322.659145987369
305.083,310.51545149885646
286.382,295.15731666913564
262.062,270.173313227825
221.622,242.7001952397255
187.811,214.24348910427625
157.009,180.9739523688117
139.324,153.9174845860933
119.134,135.50664606956974
110.851,118.15084656031404
106.5,111.89686718513242
104.459,107.74933044361629
105.831,106.22947244942283
105.715,103.66181368011951
105.395,103.56296692799368
105.955,103.84590904591933
119.938,109.13738691376135
133.193,122.02281012899095
171.739,141.94746567386397
196.791,178.13926190943127
227.667,208.16214406674922
261.166,235.84929192676665
262.778,257.0417705939073
258.489,254.31779888669817
248.914,249.78423932768547
236.144,240.21941359682765
242.54,229.38756719882608
245.377,231.56366501669552
222.547,232.11527743802645
235.409,216.9575582746647
235.697,228.9137468999397
234.693,230.21788423344444
230.077,228.67740175281725
226.238,223.91339604547656
227.086,222.0904891165989
224.074,221.6363760627964
238.927,222.8853634636318
269.157,242.11745791024933
307.252,274.83461207347693
342.16,311.5492346664478
358.073,342.6606640134769
364.655,357.0355834679202
386.363,371.3877949519688
398.868,385.76756750524964
392.415,394.3881403418028
374.422,384.62462530375933
364.405,365.4507976385204
348.394,351.22925187650856
347.247,338.47653852953886
337.688,331.76383550695664
311.0,318.5000580309037
278.25,290.6941773338758
243.14,254.6938118452806
206.345,229.6041647715791
182.601,193.77209027897428
157.325,171.07060500347177
138.466,146.87628645307146
122.444,130.71396206917012
115.175,118.66306904203864
111.569,112.58749448376163
114.244,110.56499817170963
112.12,110.93694056412292
112.253,109.41044198882219
112.532,109.45387868274216
120.744,114.77065512685779
130.528,124.55746298161164
156.126,144.6523276967721
186.884,171.1667257147223
215.935,203.43927284039236
238.684,233.62898691442183
251.79,248.71313576017764
248.597,254.93328239382186
236.829,250.00498654626682
232.805,237.63672773521344
227.966,236.00155678068109
225.979,232.57845548625872
217.138,224.68556240066803
218.194,222.14123610084206
222.618,223.80567284257364
212.805,226.66009026557043
218.84,218.42412604505805
214.081,220.49254852540923
198.388,218.24742447526611
209.92,205.97451232029388
216.516,218.8838418886098
238.522,233.77136115836717
286.657,261.9771754995777
313.966,306.19388852469115
326.62,330.6551864990638
351.943,341.6225652266651
375.437,367.1331331578517
368.692,385.769130087461
353.439,379.6767630299787
343.39,362.84944453052185
331.819,351.37561366181944
323.3,337.3267852207506
316.123,330.72623141761085
311.579,321.6477851009888
287.57,309.39198111028736
260.00600000000003,281.5800071083014
232.889,249.7372833713999
195.219,229.23307992492525
171.104,194.7809497956914
157.722,169.59856194037164
141.218,153.56103301720353
130.867,136.86835835616515
118.388,127.5366310275892
115.358,117.61082234883428
113.67,116.48370368117867
110.902,114.32773635765318
105.925,112.52131256327131
108.033,108.93642280509249
114.619,113.92707612945203
118.054,121.86531792816834
131.074,134.9018937617412
149.509,154.16451905115068
177.626,177.45970658213406
216.653,205.1547347630705
243.755,234.93233061494556
241.384,251.2133592161855
249.062,245.43444320724632
257.814,247.8063046809392
260.106,252.77285684150806
251.24,253.5267735941077
264.742,243.05763598788238
265.604,252.9804458959855
279.769,254.78204465946797
284.488,260.80649735339864
287.072,265.18016274854585
287.228,264.7018564856635
273.775,260.3217055405778
266.922,253.90746077528402
279.993,252.47709474731616
295.175,269.60977997098814
316.477,296.73285506145385
333.071,321.29871113804325
337.202,337.31915392088797
357.013,347.41990948186015
366.514,369.1618395945842
356.991,374.2232079099582
346.748,362.99233305216194
332.796,351.3166657562241
329.063,337.8804370437638
297.64300000000003,331.1427204931057
294.286,308.15312026220624
287.015,303.3696401346202
282.812,289.3589042814425
267.725,275.40217361703867
237.19,254.5668027931922
207.082,231.09977981459525
177.858,202.14454010658045
162.943,176.26880860355143
139.145,160.01497602388872
128.838,139.4407918120418
123.054,128.39396283821182
114.343,122.95252379899914
111.425,116.93559525941629
109.476,113.60336041557453
103.507,110.91504526731117
103.135,107.16906682240342
108.586,109.54170591117902
114.641,114.58748773876785
127.26,124.58472400145361
143.814,140.51310488398235
164.446,162.09591646475232
190.38,188.52117359371243
218.855,214.63312164623812
253.966,232.13480498036643
263.508,256.56430025413897
265.371,264.59682800332234
264.744,266.0524853092543
257.388,262.5078317992693
252.105,260.6946382258775
257.413,257.10895670714274
270.248,265.0572311465867
271.565,273.63168606158126
266.266,275.7882513867445
259.235,271.48894623490753
250.136,261.62991998143616
260.159,254.24336631026156
263.457,265.20712950056395
289.217,273.23637048845467
313.48,300.64858872579373
340.116,323.4627700519741
355.296,343.4436884769061
361.008,360.9688845769008
355.24,369.53186584409775
361.392,361.9769246340477
367.532,361.8115199949324
363.044,360.6195070738503
358.443,355.5670519843169
328.67900000000003,342.397287481959
324.667,321.0482415235505
307.165,315.48264760775817
293.194,300.54179647702813
270.224,284.1133318199155
233.536,257.7925353807032
192.774,225.06939569503965
167.204,187.59862165232778
150.787,164.80923222491404
125.872,145.72590196559892
117.714,124.95243365958616
114.482,116.81612161768972
112.636,111.50621986534324
109.499,109.30830106385338
109.586,106.00136729400313
108.166,103.90621788073916
110.96,102.59323611950781
116.832,106.55362156293116
128.482,112.00788517941623
153.009,124.40697704220592
176.318,146.51496996745695
197.989,170.2641808546205
224.57,194.98573396513805
250.934,223.0760125604192
249.003,249.92609488497348
239.587,252.06417750944607
253.184,246.70592356128546
257.296,255.76180320287403
247.306,255.20057180656323
242.192,248.27502839712378
247.533,246.05179081398467
245.866,254.52382225414908
257.254,253.79690588267982
261.637,260.08113985347666
270.4,260.56925021263385
269.245,262.58882624138096
263.91700000000003,263.6364237654476
273.364,262.18622207229555
299.098,276.69336771221367
307.162,302.55699479133784
336.858,316.5239121863358
362.399,340.9179600827663
379.167,360.8337673024415
392.386,371.1913641787871
387.11,380.4642078477491
378.78,377.809769854965
356.508,369.3419838905236
332.436,352.91472671444353
325.909,325.27041875325517
311.328,319.5024901852885
300.38,303.78265321093284
289.052,292.1748215684984
263.402,276.37153158926606
228.383,246.22274400066703
209.005,219.48401034885643
185.877,196.724319894497
163.597,174.92836028166906
137.359,150.91737239530278
123.075,129.8295922018221
116.97,118.91074301113075
113.12,113.13615635279433
113.882,109.41621785962268
112.028,109.34043521451737
111.427,107.16702034174506
109.361,107.1094588460324
119.328,107.88202715763018
125.692,117.92809849751532
149.407,130.2516155752603
166.907,153.67976104964055
189.223,173.29924500905932
218.458,197.54644510459093
242.786,226.97437516969055
252.592,245.24853312461352
262.228,249.89756226351338
249.358,259.9023064379129
262.861,252.46873598807423
249.62,257.51079533842267
262.758,246.77806914930144
268.431,257.03789478731085
266.49,261.4420741026087
268.103,263.07176090376925
272.753,264.90911183088804
276.484,269.43381509988296
269.654,270.77607560855176
265.686,265.18797639063587
275.861,265.5302041961702
286.324,281.4605258612138
312.452,292.84285677227547
338.27,320.55808437909184
367.646,346.30089420000445
371.201,370.6384479588819
373.807,376.22941372523906
382.58,376.57356304416
381.812,380.5735633385211
357.042,372.9091607969817
343.538,349.2207178514582
321.363,335.34357201685907
317.096,316.12479580812135
308.336,308.2030989255527
289.823,297.9318336740856
259.571,275.8982887516539
235.139,242.6077419312033
206.482,228.06824599408301
182.654,200.21815928822045
164.989,176.18770564700054
149.432,154.764532259903
134.63,139.1950840197988
129.274,127.30998488447878
122.686,122.0401133883912
118.822,117.59033594669589
114.661,114.07196420376093
114.731,111.00262225548698
117.144,110.25682809771024
120.03,115.20933010156301
123.725,119.54578175080326
133.082,130.95926638122742
151.41,143.82307906491022
174.308,164.28357466268028
209.293,189.73528351919384
253.629,222.19033846763728
282.656,253.77847541091046
290.238,274.9266937580261
297.829,277.035090115147
301.396,286.247081647388
310.851,283.49127320406853
320.818,293.0117435867047
327.586,301.25272456615755
330.964,305.00724450912844
344.36,308.2514775384144
354.037,318.81691443315106
353.53,326.61581992102447
337.594,324.1918217698968
319.013,311.5463020445868
300.562,302.9212145424784
301.727,295.4894872952989
305.618,304.4089712029273
311.808,316.5437662150463
302.62,331.2770913646074
297.298,327.2612367519589
309.875,325.6413531346585
308.989,335.5844138783308
301.152,334.0355911472042
300.471,319.40047799678985
287.233,312.99408841141405
284.993,296.91651944207183
283.514,292.94220737331455
282.052,288.08984336813387
266.576,280.8723380048908
250.854,259.3151246252078
224.709,238.85215513746672
207.709,222.4227598028279
182.163,202.3201803741563
157.231,177.96738355755
138.492,154.70833064414074
126.408,136.39995558106781
117.897,126.35452082939439
115.707,118.09006133224143
111.435,115.63063365481781
106.927,111.049597923082
105.488,108.05654384460071
107.687,107.21156082475459
109.741,110.40818688480559
118.077,112.97797185485727
127.558,123.28643909129055
138.249,135.95055828870827
156.445,151.57634223595582
177.46,175.8274507949237
193.669,204.6290606094863
218.963,224.15572115694255
233.113,244.00681158685538
238.846,254.04181346253282
245.388,260.09766071883485
244.369,265.5741445137603
254.046,268.9257393903706
265.053,277.3673875247439
272.689,285.47119709744675
275.259,294.06485007724984
286.768,298.9177364439678
283.099,306.2984921305898
267.084,298.7259727843458
253.879,282.05099876039117
260.34,268.95291080998766
271.50600000000003,274.07681519964376
300.904,284.90491120765523
327.926,308.0423664388285
335.816,325.97802027837906
335.301,329.6036441227782
340.156,333.08257561403127
337.103,336.41502364198595
341.803,332.10674233042846
326.00600000000003,332.41940050534004
323.673,316.97715875163146
313.762,312.4009667438663
305.499,305.02060136592854
290.319,297.9173001789251
275.727,281.7988136925543
256.305,264.53694590147506
227.398,242.0479399490802
192.34,226.3088130395814
168.134,193.70109992189958
153.034,168.56956826371697
138.69,151.8430869386087
127.081,137.15024285939086
120.683,126.54310796194348
117.224,120.66088847868002
116.837,116.79123474730021
112.964,114.4389450885862
110.857,111.44761027003638
111.485,110.44977257259103
117.361,111.68100526450847
124.146,117.83311482241807
136.402,125.83345006178062
148.158,138.17570687373657
165.693,153.15445280384426
186.699,173.41737226340126
208.126,195.86392186013185
215.382,219.4245482534648
243.688,228.92163417212612
252.426,249.5693398319632
257.791,257.53215921996605
266.243,261.1942293563874
271.673,270.42296720991885
270.227,277.3258295444733
277.76,278.83311701919695
277.919,285.32162410667354
269.064,289.565204141707
258.096,282.19115687355816
254.967,268.9583059236654
259.067,261.0529076370283
260.75600000000003,263.97788525120814
269.822,267.9521170642179
299.982,282.6717353256482
318.879,310.4908046014666
345.357,324.46781526559255
356.042,341.01071754010195
358.702,350.60775737276504
361.443,351.01675032034734
358.81,353.48946514004024
339.468,346.7692803877517
325.838,332.0981269133682
314.933,319.61061671714936
306.508,309.89292941942426
298.172,299.4281330008648
280.12,288.37495338365454
261.151,269.0511217388165
227.066,245.9300685817029
198.24,222.75160922936485
170.169,194.47294290971058
149.56,168.92724165230098
131.515,149.5341851476052
122.481,132.7769302898837
118.571,124.21581528216424
111.005,120.03836718659706
110.611,114.54927238056887
109.74,112.37280845125211
104.571,111.08944214492732
108.539,107.61623567392247
119.009,112.09685826087657
119.573,121.30097850129584
131.381,126.01347538795588
147.647,137.71443495341674
156.319,155.12861609874003
183.54,168.29696674264835
197.652,193.90804136514956
214.922,207.15026284293194
238.561,227.91792862085467
246.828,246.17848734885172
245.174,253.78201643183942
240.515,254.59646648156172
233.592,253.94136430361684
222.51,249.5343132823229
227.953,245.04323484170826
238.35,248.5354430005999
237.762,253.96440116287135
243.773,249.71879567065537
226.87,251.43172445443608
238.695,239.80438898196272
249.516,248.71364934839067
264.805,259.03855903739776
294.081,280.3626508241607
320.834,307.1312279787792
336.368,333.10750340906407
331.871,345.967794528171
349.424,344.16122337898673
347.666,355.88226888065583
351.864,354.3765506006855
336.052,349.83793812499334
318.683,335.2596894721686
304.117,319.3276916036217
292.131,306.5343171906527
282.205,294.443264989563
265.593,281.4385327655484
250.325,262.8842284614425
220.997,240.51019758673127
198.591,220.5345540316272
175.239,195.53021405394915
149.843,172.41011820562665
138.614,149.1355455101709
125.265,137.6533636081299
120.791,127.10922893010388
117.359,121.23682372513596
115.76,118.79620645338318
112.338,116.71058455118158
113.662,112.75333180046268
108.902,114.38901226546653
116.603,114.7342560039977
118.24,120.18461500846847
135.806,125.70000531289931
147.853,142.59699891549653
163.419,154.59231022398131
184.254,174.09425421039938
211.668,193.80718029445634
245.994,217.09048801114906
242.176,249.09381124553624
255.406,249.2507066932624
266.096,258.01940442804244
265.74,264.09091855135273
265.231,262.33817296633595
265.836,258.2522443473363
271.548,260.8272674334221
281.289,267.12944018333917
277.397,272.61063600679495
276.011,270.3145372659619
261.549,264.2743382217692
260.001,257.95401183751267
274.456,260.132633757549
281.625,274.43920552234886
305.738,290.18748121464796
334.081,315.047320881951
348.908,340.6240272103647
365.555,349.7259325685968
367.753,366.0135605245896
373.083,366.8082180146632
370.13,371.3193558381514
350.013,362.7326124462883
345.594,343.24305874402
332.392,334.7779103446834
316.438,321.8565475987933
303.21,307.2735291111205
289.322,292.1574369783899
257.988,276.4870931006675
221.386,244.33628652649514
196.293,214.6198295644352
166.967,188.86242619659166
155.292,159.9153064488391
137.157,147.3817179498879
124.116,130.32919980290535
119.186,120.06124201683085
115.68,114.72387333344548
112.039,111.91962681198973
110.232,108.03454663157883
109.414,106.76824445834444
108.821,104.79785764202639
114.121,107.52827118689092
119.96,111.13010348111366
140.59,121.03076621279305
157.178,139.13669231920895
172.331,155.31728429666217
196.132,173.25630873806406
221.103,198.07974574152638
230.624,225.53476124518033
234.088,232.87058248732254
254.265,239.23823620828506
255.898,255.5319799669344
255.753,255.68629621315552
264.658,254.83324633926733
272.652,259.5034840477497
274.065,266.9126295688354
266.146,271.12580397892066
258.089,264.72780597509666
245.405,259.1217103088941
233.046,245.1287356317482
240.992,237.12769524886778
245.51,247.49542588807535
261.325,253.47447975227007
300.969,273.41790304828567
320.824,309.7266925142352
341.247,328.49066831176515
357.141,345.9483889649167
368.451,358.6756239623189
362.721,367.10744440709436
379.508,362.845339272768
347.406,366.4408102717879
329.016,342.3363235726832
326.332,324.6618982666688
315.906,317.28398764370945
301.24,305.30008001906356
297.483,290.14520583857404
265.727,276.95978349405493
230.146,242.86970256905994
206.64,220.9065728245627
175.499,194.88207396029807
156.371,168.21952441509652
143.165,149.35796172845556
127.484,135.26853998129184
122.681,123.05281474365472
118.56,118.12983561637188
118.005,114.1986794698827
115.407,112.57112058490465
110.339,110.72837499837425
110.428,106.34409830464031
117.944,108.57903066761779
122.735,114.9378299655717
135.964,125.55072886697614
154.688,139.6936895665593
173.134,157.8041484258027
194.06,178.23550030812717
225.014,201.64316951631105
228.864,227.50797427423777
228.963,230.71716548106713
246.193,237.27322129118411
246.593,250.1283073572231
248.321,249.9031238291714
245.817,253.5550019661971
253.096,253.81031658281432
269.378,259.55162700601795
281.055,268.53272802566187
282.623,273.62969953911306
285.448,270.4833332686716
269.828,267.5258303532813
282.821,258.81821004992696
284.64,269.97123121659945
297.512,275.86031617676315
319.605,297.8052210308633
336.135,320.19716832020595
352.324,338.2907295284249
370.893,354.61046064206914
378.9,370.3526962274502
387.229,374.10323762751636
381.966,384.14462509342616
357.471,369.32319366529
325.887,347.446741950876
316.29,324.12886302975755
301.82,313.3869736599926
281.299,298.02789404805094
264.725,282.13303058013025
240.395,258.9338190536114
227.927,229.43471297618854
222.337,222.8470721163325
202.346,207.63178500789058
190.25,187.38707828905356
176.145,173.91403390590065
166.004,158.40581332224332
153.029,149.78238831710675
135.564,139.20919633889503
132.358,127.09138602916723
124.271,123.60978504247412
124.483,116.68110199915364
118.999,116.33933720764851
121.029,115.29515747162095
125.531,118.0864187432146
130.416,126.67860498911571
136.901,136.33888025602053
148.206,147.29499064528503
162.23,162.50351991036655
168.533,182.93669505505616
188.302,188.70564069417108
208.402,202.19454551043967
228.643,221.81664620419886
239.463,235.51724789077005
257.806,242.7408578745981
266.546,254.96921989890723
276.963,263.0995539678478
287.673,274.75465195131846
298.076,284.0473913427646
304.273,290.674329419777
302.171,294.0344846084628
304.838,287.08424605409573
308.461,292.8139503217818
306.898,296.12478775866396
312.168,299.7160403778324
327.819,313.00263126684877
349.148,329.4240716218826
365.418,349.9959395408481
362.944,367.04947981817224
365.569,368.67552467947246
361.789,371.8338401738623
350.387,369.2934872281253
336.63100000000003,351.4878672379522
340.219,331.7534130248798
324.782,330.74257487502905
304.187,315.45996074685274
294.287,294.22610032940065
278.164,282.59946771952104
251.464,261.7319168615551
219.742,237.3316984258692
194.019,223.44940462199992
170.083,198.00956959579395
151.266,176.6615584181361
132.433,159.11105760222472
119.822,142.04571730123882
112.894,129.67995091424575
111.913,119.39837173863059
108.233,117.86102957984744
104.252,112.52710532651692
105.086,109.55747133658019
102.964,108.18490089868914
115.427,108.03591377638057
121.546,117.59753155977488
139.679,124.19212030527103
153.709,139.25697435308945
181.131,153.3362195930552
196.209,176.8746627895742
209.194,191.32900818773473
209.773,205.44141447698675
211.765,211.54326521558806
208.298,219.75235281613047
220.763,220.59010849381437
215.829,233.86144962793185
222.278,232.9036758599185
232.743,240.40983093507376
215.599,251.9178384217785
222.972,244.17332721979986
227.136,251.0290297786011
229.84,253.0749455364227
210.508,254.32730898911348
203.889,243.34060719818646
228.867,238.71376818963293
257.679,257.5210374464722
275.174,283.04956349141446
310.058,301.7440247237006
345.345,330.9357165403926
356.842,354.86293684971963
371.664,363.95511561740466
375.891,373.04498247441643
377.62,372.1709255201582
364.492,366.83587988982276
334.099,356.34507018646275
322.195,330.5093363196778
312.429,315.47369645102435
295.656,303.93588202024205
276.178,286.7542436804724
254.215,263.65519655712114
218.408,238.95835897312395
192.116,218.1765778684858
166.402,192.16085955803518
147.196,168.2593081453545
126.773,148.92591367903583
118.708,130.46652063406378
114.476,121.99126199998115
109.546,116.9399789467465
110.506,112.33098941333247
107.537,110.68465866477786
108.325,108.95982250849055
106.478,107.95740068526365
115.274,110.45510299745982
119.349,118.01183067971483
134.614,126.31762680333163
150.245,140.59432712529562
166.526,159.79549364630645
196.299,175.70297907405964
212.491,199.7073137499191
211.579,211.93929061883628
221.151,213.6659041604924
229.026,220.37014902614675
233.179,230.08267492774536
227.103,232.6187235745432
224.502,231.1902715956061
238.783,232.9289721725718
250.321,238.44022459178655
257.414,248.65274778524008
260.609,255.05882317909678
251.405,257.313500072666
250.25,245.89535231965797
245.243,243.08628352981933
239.834,246.71341081024033
246.542,251.36624515718788
283.715,262.1731282610234
313.878,298.22399426606273
347.947,329.71633880140837
359.306,354.9533176221553
375.654,366.9424426822993
382.086,378.240708576206
365.166,381.98003744802213
352.001,365.3656421652462
334.05,348.30463550779916
321.297,331.21474697708345
309.75,318.1517401241355
290.638,304.4191289148321
281.539,284.7677515139608
257.203,269.6937758085634
226.632,240.54360153193213
196.863,221.42049210405827
168.68,192.2293708492138
151.192,165.9634988454725
133.277,146.8653133930525
121.742,131.13182710871902
119.621,121.64411566763616
112.849,118.31187345647966
112.989,113.7568407284679
107.715,112.22721488625368
106.768,109.02989364231078
104.264,107.27021598713513
111.458,109.22409270184468
117.035,115.28019713238437
123.693,124.95777854297475
143.059,134.65535097232197
159.105,154.58099613951214
184.938,174.62548600341964
205.019,197.53488444729612
224.357,210.20994912154683
242.942,225.9148889551054
241.423,239.74116670676622
252.799,240.99573798455262
258.36,245.92208095436584
254.082,249.40986436450737
267.04,251.10471230889416
282.646,261.44401528023957
278.362,274.02957833190555
281.543,272.44883078678663
274.287,271.73796361277425
272.9,264.8639064327173
272.983,261.48352231613467
285.934,262.1715271769265
285.653,274.7658149988408
317.164,286.68605161254754
356.022,318.84476908167835
367.038,357.4527022287268
372.526,368.5934648786025
365.849,378.18838965269356
366.289,375.52206331178445
365.72,371.1568289505809
356.735,365.4511962017839
331.175,351.69445940599655
314.292,329.6266364019134
302.52,314.27643692502545
291.447,299.11963444877426
274.479,287.4649548363401
252.578,266.92031396088794
222.787,240.53052436878272
198.66,220.7523818259994
186.052,194.41313343043424
157.129,178.93303238684416
140.446,152.81640073708704
126.288,137.31164029583857
117.776,126.94355923990047
115.547,118.49852542433939
112.741,117.14474228413054
108.328,113.0926895858979
105.094,109.96993614329526
105.122,106.51981653255042
112.888,109.35749104634012
117.271,116.03152337372156
121.501,122.19090714601838
137.481,131.47752033766656
155.768,148.09432702880906
183.191,169.78842964943422
210.364,195.12118551965958
223.498,218.14839600968415
243.452,232.99551855570954
250.128,246.06771117021293
265.633,254.08778463243692
267.235,264.98776673108
280.257,264.58196331060583
280.748,277.73617248902997
287.289,283.51725551036157
306.787,286.82847679198164
312.635,300.9423942468385
313.872,301.50086227661984
304.904,301.8063665559911
299.437,294.9924812757299
303.672,294.55839169003036
333.292,297.4419042703862
346.711,329.348157745517
374.576,351.5540442903505
396.954,376.21452541203473
397.943,393.22399051239074
413.463,393.4631915809622
410.123,404.0611308045163
409.854,400.21254485706083
385.765,395.8993190947714
373.167,371.05964990801203
348.641,356.33687683606183
343.81,335.67636358859477
308.152,327.1939577959794
293.019,297.88267937216574
259.461,279.02478861564066
222.673,245.57808772506496
187.531,215.18418147733092
161.504,185.84003744036914
140.328,158.41481607745757
125.703,138.07429380316552
115.818,122.9277973002207
112.029,113.77723102026313
106.31,109.63281404265967
103.986,105.07936990077299
103.585,101.40508896353789
100.331,100.15095749254783
105.884,97.34976707238255
115.395,103.87207450397244
126.816,111.47013371474819
148.061,120.76719460702401
173.414,140.60658440971272
210.745,163.93024169973486
232.107,198.2696362427001
231.355,221.91306487956766
232.146,226.41947271881202
229.907,234.28310452098054
222.462,234.17785923966304
217.47,234.72204979867527
218.274,232.00101266559696
208.898,235.9575562478577
206.633,230.69797647543578
207.859,232.53936421748986
204.34,238.21262910537277
211.164,237.92938204712328
197.048,241.87317241871133
198.663,229.9530359718794
208.503,229.15047536747298
218.408,238.1128704524011
236.459,252.7162331959902
276.099,271.31456109884243
302.562,308.54297930782764
333.169,333.4023021005165
348.178,354.01629870098554
371.091,367.75035501911157
374.335,381.57775284931245
370.674,383.55556092862207
363.127,373.03294104281065
353.226,362.1629226600462
343.9,346.696229092287
323.778,338.0825782432786
305.383,313.18449990281886
283.699,295.1745791890248
248.475,268.88766663655633
210.573,232.43167536989387
177.792,205.95667923206625
151.601,175.7084144807565
131.787,149.34327580479825
121.446,130.57100211399006
109.52,119.23817769003377
104.729,109.51526245185302
103.8,104.09467846792569
98.887,102.58536505933998
98.797,98.40994533496513
102.463,97.13208006087623
103.143,100.7294494520503
116.028,104.57020035327348
127.832,116.32830434540904
150.672,130.57056586757713
185.626,153.90170175201504
213.845,189.32732645479788
226.77,216.13653572499766
227.701,226.90957014733547
222.612,228.5005272996317
221.148,226.26302041274184
218.572,223.34497371385544
227.624,221.57506879656384
227.696,227.51543790969876
218.438,226.03618333530474
210.762,218.85956038531785
211.502,214.68711612046326
209.259,215.4699663140076
203.921,216.45005560917124
198.081,208.57612700482443
196.496,204.36950048447451
195.288,205.22722308698627
211.216,207.62650412879978
233.077,225.52889764486972
270.198,252.4980617705029
295.731,286.698899750162
325.727,314.32370215371157
349.21,338.1613409929639
366.693,361.6297221043899
373.021,373.43251253856204
378.424,376.576376054348
355.583,375.4525833257527
341.355,356.35528107249957
327.569,341.65623777764915
317.356,326.3563115901435
302.036,310.76715475327455
283.098,293.0956037707291
245.33,267.1198367987097
209.127,228.02476271627592
176.441,202.35773717353683
148.544,170.92260523269792
127.73,144.4863431734483
116.907,126.45154679754815
108.96,114.57928309934037
107.955,107.597542754746
100.798,105.74435344953224
102.603,99.380004213204
103.017,100.07776339112903
101.737,101.10919842889543
103.513,100.51767820985417
116.738,106.19928187082334
129.473,118.91299937973051
147.766,135.74570916242575
191.193,159.63214805846712
222.79,199.7682382975543
228.429,225.87599859848495
225.444,229.8193254425612
223.968,226.03411860952443
211.389,224.4534457035157
216.047,214.29169139499476
208.068,219.540977144531
198.056,213.95309290410196
195.933,203.87989399518256
197.566,199.68266664045723
198.558,201.10485110916366
209.082,200.38880678273497
214.912,206.44372349059833
202.233,206.97129644999745
203.342,198.2378957882229
199.872,199.06815140087096
218.518,202.16033047402976
242.619,221.91295967917642
270.716,251.9697566112269
316.974,279.7947427050119
342.627,321.74072123797555
343.808,346.34128862221723
375.71,354.1333079188522
379.872,376.97464964488915
366.189,380.9353983195881
357.505,364.26857109544255
337.292,353.58139088434336
321.051,334.9937189541314
310.002,319.5291475514812
291.708,305.7877528567084
271.762,286.3473952995985
248.305,258.82666495464343
213.334,229.60584591712805
175.735,204.9911178438676
153.174,169.77730854416643
131.417,146.69740061737212
117.601,128.2635407666542
110.737,115.34842588200428
106.373,110.08816146642938
106.632,104.63086235507053
105.248,104.87284602672086
104.472,103.63390500908923
100.648,103.08285831508184
107.626,100.67163025722049
115.507,110.2066647877369
118.812,119.7070040394245
140.526,129.14064266027944
179.222,158.58817639287415
217.987,195.75649675995868
229.276,223.8043862341969
239.661,230.51500138364284
228.47,236.1064321054058
229.043,224.95062486491565
232.731,225.98135646726308
209.838,226.95884643480727
208.258,208.48355915588834
202.961,206.00066120338283
199.987,201.84067744860675
215.872,200.1882746130735
212.075,213.09450476262367
214.758,211.75993845003302
210.158,208.98128223317616
203.4,206.10332717281707
208.169,200.08615323332145
210.683,209.97298822318504
235.037,220.010298142577
265.449,247.44950910055178
308.024,282.6172896874697
342.391,320.8210234548636
364.554,345.6353576544981
374.539,370.9603287034174
376.292,378.9005006181584
374.313,376.66061365511723
362.606,370.4361562405908
348.475,355.6677241509386
341.368,340.03513475004627
321.865,331.2753999238978
303.641,311.34789422108327
287.124,291.90005945379676
256.904,270.49418145457525
223.718,237.27734398986232
190.243,212.4295336943437
163.248,181.30660552267483
141.772,154.90988941198688
125.558,135.74785301947435
118.776,121.88242632285115
110.78,116.03793734951329
111.558,109.73059113901826
111.114,109.99476631984454
111.099,109.06968060675241
105.277,107.84428410840502
110.128,105.68805259702417
120.202,112.30441757612083
130.389,120.59774662238394
155.8,135.1123014209092
193.544,166.36853956864886
216.465,205.2379946971993
240.343,223.72047522562616
242.809,242.2529181880687
238.258,240.1400881244389
229.503,236.16892858090233
232.508,231.39388549652233
219.454,226.15910826498467
215.539,215.72361236327757
218.129,211.40785791536402
212.746,211.97941961101824
205.515,213.0271022600214
216.398,207.64773604074398
203.295,216.16737558162927
205.551,204.62322344689258
210.859,204.28520119248577
225.367,208.40618499083578
251.709,220.34880998458866
255.759,246.4416069775104
281.118,260.25332124646434
314.392,292.8561521351859
336.132,326.97741673835344
342.035,347.3698176876568
378.772,356.9540496934011
373.111,381.77327167502256
374.021,376.2424283353505
346.525,372.3116937357364
324.626,348.24533645187125
311.989,329.8178720541233
299.749,314.90589450381924
281.559,299.5607634771686
275.084,281.0318348370141
249.475,265.6474485003041
218.35,236.12886697025007
191.088,213.5520910031325
170.434,185.77104247147622
147.433,163.59163006081204
134.491,142.4679165643525
121.918,130.9077537066071
119.386,119.8764351323262
111.391,118.01510858626085
111.26,112.45983322154335
106.697,111.88887252808887
102.221,106.8771493157681
102.323,105.5035895513975
107.31,109.17388523248898
114.365,115.29530083714553
125.732,129.2048068699224
143.22,150.5900772306148
163.72,172.24028112107132
198.795,193.2633787043729
211.837,218.19894696383278
225.548,224.15900929481018
225.42,230.82503832353822
232.13,231.4956643222685
225.344,230.20424949623796
227.672,224.00652553276424
226.418,225.808649387015
229.727,222.73520752773527
225.389,224.25332549921535
236.746,223.68209150857183
244.603,227.678840958219
226.374,232.67266603485174
224.096,221.46713775474535
230.873,224.06982102196523
235.484,236.29519285798906
245.099,242.2454943798461
265.444,258.53523178850725
318.102,284.8407819654385
350.953,329.02080013599743
360.832,354.0519384099829
371.126,371.9279682680126
361.534,376.86775398146665
366.435,370.57693411447826
346.896,364.5508657990149
328.96,344.1083758437784
320.198,327.55915271848755
312.198,316.5387973341831
291.89,304.0166942029466
273.579,287.23694819319087
245.378,264.707386714917
225.087,234.19615658504875
199.502,220.78866093867262
178.45,195.53058291314176
155.373,172.6736252156851
133.29,152.24692297737343
124.225,132.98375461670818
122.682,125.53022565866398
117.23,121.85824145327999
114.287,118.15385620694032
110.278,114.46495988645634
108.631,109.99558685453324
107.391,108.91860226766745
111.592,110.39122617219033
117.031,115.65277304049384
125.676,124.74308321415361
144.038,138.36488545125863
164.85,158.40542974293655
184.034,183.9049725604454
214.659,200.55899092503108
238.121,223.939155349375
255.405,238.66769271744033
257.384,251.86179248009364
270.88,250.04755758989512
270.359,258.85392005249787
271.758,258.3370894637908
279.162,259.2602727060586
281.137,262.2489029019371
305.947,267.28007732942126
307.418,284.7814528329909
314.497,280.28401300423695
311.348,284.73317358564316
310.57,285.36465505879494
323.465,288.42909964405214
325.135,299.6023272419434
341.229,308.7087809762369
356.851,336.88345541723413
379.016,358.52824983094547
386.152,376.1585246016954
405.766,387.0982127479168
396.284,396.48216768085683
391.412,391.6770083711733
372.243,380.03632204915914
360.926,360.27820427432164
330.023,348.7299505092036
316.872,324.86084420784675
298.799,308.3191604071076
289.825,290.5314440552687
257.393,273.85048976882774
220.994,243.80975028824994
180.33,213.49906885748743
156.915,178.7507154164818
136.902,154.23896201598134
122.816,133.56404884153133
117.011,120.12209280151868
111.479,115.6413812502775
109.942,109.30966618338212
107.989,107.46118885936816
106.331,104.2085001228016
105.041,102.25531895296224
109.456,100.62350495351079
117.918,105.16966687357458
128.389,112.49664932173978
151.88,122.8363105670045
189.968,144.65734738471647
211.525,177.56558271081514
234.935,199.90886145696598
246.711,225.25528417707056
236.974,240.53079618528426
219.428,239.02570611241077
219.571,228.16786058119717
207.546,231.59186321594103
209.533,223.33055314166444
195.323,225.05076900603726
206.636,217.6900822683429
216.229,225.45697419006294
215.717,239.5522869192247
214.23,240.42190869158642
200.847,239.527491538887
200.643,229.66278173850955
195.632,229.59956404696337
211.047,230.43793922733354
230.918,241.6257004215351
258.657,261.2101719079616
304.37,288.2826700273009
335.434,327.8001518597937
350.086,350.8616875218155
367.938,367.0264189272308
370.291,374.8720734584857
362.986,375.448671774492
355.322,362.9790711105694
341.294,353.07193699412414
342.617,333.782059879263
329.563,330.2176058476957
309.016,314.19321916702336
285.594,296.38589689972196
247.088,268.7076972368518
211.363,231.02129482638202
181.075,204.2717877193211
156.642,175.65088173593549
136.121,151.27975437136584
120.061,131.70956199851278
111.947,118.18817398413599
109.599,111.09957002594199
109.882,108.19645394027289
108.83,107.56594341997632
105.101,105.61996846080653
103.648,102.63707268750471
106.928,102.40065588104474
121.403,107.3448366769919
134.295,119.96800771966113
159.293,135.95032404751575
195.253,164.55977972833605
232.257,196.3690963901987
249.417,228.84137744492554
242.898,246.29174212698334
233.498,240.85125388018074
232.0,231.1377891537613
219.313,229.93417433191692
207.625,219.2893489943218
204.477,211.63345407728752
203.415,205.6142555834162
203.978,208.35972648769234
206.671,211.64978135275194
212.382,215.0661658079129
203.081,218.58084006100307
201.973,208.8020071630726
197.893,207.73461362899604
206.285,203.09011811123597
217.341,214.17441739858748
228.738,226.88645606441574
258.398,243.76132250248324
305.372,277.39972083833334
339.495,319.37087896312084
350.136,346.38924641179096
362.476,360.25710760503614
370.168,367.85112717875506
378.042,370.46455476271694
364.458,371.397818723614
344.911,357.3948985915134
332.237,341.63242614231353
323.601,328.3436017803316
306.618,314.7452783554361
289.321,296.0197700050745
240.782,270.30294706680195
216.837,224.70276998262437
184.815,207.38127743671973
159.433,177.10380982910735
141.522,152.21304441989741
125.392,134.49774073213038
116.499,120.5324717993729
114.669,113.45751497182921
111.313,111.75738926496548
112.116,109.04783323390016
108.268,107.93811593782624
106.431,104.84800666194204
107.102,104.5259519908899
112.79,109.86173056433262
127.173,117.82315783589229
151.4,136.57382131522755
194.146,165.82345878853081
217.998,206.63941197073717
242.137,229.00101029997222
241.714,244.211269098817
229.967,239.97487555258485
225.884,230.20745548658414
219.377,223.47757326081992
206.915,214.77297316690309
202.452,205.36074534518679
209.376,200.8300591673882
215.801,206.14309691296427
214.696,212.00971517126249
212.512,212.4290219386308
207.942,208.19584084823242
212.392,203.22173044489097
216.284,204.96817706417963
212.239,209.05904605759895
218.784,210.87990626864237
231.111,219.79396816503805
266.308,238.85714700069664
289.399,279.1931646246227
321.705,306.9605327545547
348.324,332.2962612484978
375.859,355.0654316884428
370.167,375.30938155703564
361.355,373.1056193068664
358.743,362.28579867435553
342.965,353.7520861364309
315.19,339.3623549199996
325.629,317.3190501051506
300.371,317.1746335591537
275.849,293.425115193793
241.521,259.5164226730009
204.667,226.78270316346587
170.615,201.35522701170726
152.003,169.39501001941687
132.892,149.7321894638791
120.609,131.05556416304762
111.446,119.24721765308759
107.812,112.4592687323658
105.642,108.7107082815812
106.719,107.42267834467084
102.298,106.30698735591507
104.495,102.72819239523206
108.979,104.2358421514413
119.142,110.09062279653946
128.654,121.63592613410474
149.027,137.05481836452137
184.558,165.50318252819767
229.633,199.12564425712034
245.227,236.99400302912156
241.718,246.64624845616922
241.577,239.70788488302085
229.252,238.31685525968473
219.727,226.73831865336197
213.0,215.83034098126674
199.487,209.3976258062089
191.218,202.33384242559939
200.885,198.31936134893513
201.468,204.6791812527439
209.463,204.529407135518
207.659,207.71357223193772
203.916,207.27061382253976
200.072,205.5562311115948
205.346,202.18226146587781
220.492,208.51944518419643
242.847,222.64720823083326
269.26,250.1137854754182
297.534,277.938880046623
328.712,308.91112140790574
355.369,337.69333617280006
354.459,364.2828693564236
366.8,362.3118971278876
360.066,368.69241503857586
344.607,361.8407009206778
334.352,345.359543356941
324.412,329.1129157965654
299.907,324.7133804419534
285.726,299.3413489759341
276.228,281.4270500100956
248.345,260.63683970416423
214.216,229.52055950147528
178.277,205.12632206432258
154.89,173.7297975953226
135.723,150.75664190814396
121.046,133.1150869984404
112.201,119.55429165853728
109.934,112.48223718253006
110.212,109.62368127892935
109.304,110.17723220256657
105.106,107.54246086975759
105.258,105.21596194350198
104.19,106.24087775241607
119.217,108.92466546294813
135.469,122.43040354287561
147.927,141.15540698639398
180.894,162.88954167879876
224.911,199.70065096142264
242.451,235.0602834311477
245.651,245.6625606994666
229.917,246.29318314954836
229.842,231.9847434919989
221.779,228.22289067269978
223.259,219.84273191872666
217.799,216.13526114805947
218.036,210.73129502383227
224.503,213.74606852178928
234.429,218.06121684790472
224.896,226.28183515755757
220.186,219.01964780309768
224.12,214.76855486966144
218.33,216.60294590592702
214.549,213.46219377131263
214.595,215.84647277724363
227.511,222.91492040532918
258.742,242.1174710791854
286.741,272.5025160329701
311.801,302.8016361241923
330.948,328.92309937772734
362.961,343.8173923516964
357.278,367.63248143174394
359.553,361.16590242483164
342.745,357.62233854853423
325.715,342.1503812597326
310.545,325.13329829435713
302.345,309.0221625723128
287.325,296.88727382674676
272.399,282.04991504794475
246.344,260.75479354364563
218.732,230.49189445296756
184.921,209.8482849711608
165.443,179.08744436354934
146.096,158.5660320453485
130.721,140.43715034356654
119.504,126.45878447958316
120.006,118.015974299035
110.771,117.8087664111871
111.265,111.51040197912712
107.18,109.82095482141426
102.935,107.3553687256464
105.516,104.20114906464572
111.467,111.11061032421588
119.465,120.14456115663516
126.981,130.85566443647937
147.243,148.01267171640015
171.669,178.0528857142257
209.631,200.24390466612186
215.491,226.0706551954572
230.194,225.04805594513184
248.611,233.67649179460065
250.875,242.30948734726832
235.302,243.6239651187697
233.352,230.09621123271123
243.65,228.10913867780857
255.362,237.18231731132846
262.912,247.80535645604908
260.488,250.35400665284055
259.347,247.20694670165108
251.745,246.7823057369186
246.515,239.71805897537618
247.567,235.1738035854185
249.74,237.18365808448155
255.801,243.82136261724955
276.857,259.0497311233552
311.306,283.0589781843371
357.29,315.82783301998745
374.395,353.7553857650861
384.305,374.1509400923345
365.595,379.7855212216981
359.045,367.41866190689655
346.743,356.50148216511775
329.414,342.5885726136545
307.813,325.4696051125371
293.786,306.6354649312268
281.644,291.3776221394195
267.751,278.2381185835993
246.376,258.7169000290737
219.62,233.65895452179362
193.649,213.8786065178464
151.41,189.0691830099049
130.126,153.45796883874257
113.863,133.71276439122664
107.655,118.55903251182339
101.543,114.4393215470272
99.954,107.39123255201352
97.593,106.44090217385414
96.457,102.95043174971302
94.432,101.03105544369848
97.893,99.9255714613009
100.564,105.27875384424263
102.186,110.3911483648611
109.862,114.75739997533051
119.882,128.17814261811128
136.196,145.75212929102798
155.358,168.60361310391872
180.45,183.32908357831107
204.688,202.37968526843795
212.965,223.73722403455037
217.349,228.7723622280005
239.268,227.38105103644878
236.431,240.46168949608398
235.07,241.53650516273728
228.074,244.1367726504035
237.063,242.54069228516255
248.092,246.55788693566765
256.887,253.13816884541475
238.559,256.7484672120603
230.127,242.60186856006118
226.386,236.5664504978744
220.908,234.73559259853783
241.705,233.5523226238996
255.713,256.11682959658134
283.027,277.2623410212856
316.827,310.6590705706975
331.143,339.18687461006107
347.254,354.29769427514725
339.63,358.7179884936619
320.647,351.96772269040014
316.852,333.9384568379994
297.795,324.9731605744886
283.827,304.4129435981779
286.368,290.4286806288827
265.309,286.91202164614253
255.196,267.6702234946538
225.513,252.16791201022525
183.283,222.46959372429973
154.111,187.6334973336859
153.172,154.53598561293487
135.588,145.7097746839876
122.215,128.03162582559855
114.244,115.95355597697898
112.521,108.93666837661985
111.221,106.06393202530741
108.404,104.53970480294181
104.886,101.53326002659463
105.809,98.21059337400388
108.868,99.57531899974761
126.808,102.8127961115654
131.681,115.3749397119829
156.872,121.32925578519824
193.757,142.09261606848847
219.526,173.20736637996325
234.046,198.55767923916252
240.767,215.76068222234414
247.321,227.93857387343212
245.051,236.23544203600156
240.044,235.724378476439
227.869,237.26711435547273
216.793,227.80510212731963
206.969,221.01407392362694
218.95,213.12692514247658
226.705,224.31310787463477
214.474,231.9909387912714
208.405,226.32202109141807
208.871,216.01949504423
209.229,213.49429922977433
208.641,212.35820057434205
211.418,210.61493521367566
221.664,218.5013180346345
244.403,231.15434414810565
300.012,256.6369495118299
335.07,307.23665163935016
360.25600000000003,335.694733179374
369.634,357.89689956273685
367.958,359.90541279675074
375.757,352.87200980362627
364.67,355.4935119425526
346.938,341.20524404869604
334.123,323.13713350920284
320.926,314.115024795684
308.429,297.85833166309374
289.292,285.4424144360256
249.167,261.95970261093237
206.694,220.9139247535182
169.589,192.88472643241025
147.77,164.26785446308344
133.253,142.48518450423597
116.145,127.62757625199008
110.407,113.04415531776174
108.456,108.21800200293929
106.611,106.0019458516373
109.493,103.76418934491441
107.509,104.14221390101818
106.476,102.90657486143756
107.582,102.97549781386853
122.491,109.05901729062084
134.791,120.04862030653517
165.074,136.0342242415313
194.315,167.079410350345
219.8,195.25572881378943
240.644,217.5606320746132
251.217,235.51553850284114
240.057,246.12248242669003
219.459,238.8329583394601
219.787,223.72577527673786
220.267,222.43136578496438
207.261,218.93842300374277
200.983,207.402753507173
206.066,205.6169088763231
209.702,212.01405629238738
207.393,211.5106623659301
209.862,209.0287793103375
204.784,208.75884970707705
199.082,204.76051159009978
199.724,200.06663222497434
200.431,200.81463192221946
219.209,205.61494554353737
270.398,225.7629790033628
305.719,277.53776111264153
336.697,313.9387691872623
348.557,342.49063280309383
374.466,354.4591159469777
369.772,370.07950599452954
372.662,367.49828389112986
356.402,365.4951288101738
356.221,347.9831399984175
345.766,342.56468046617135
325.378,332.100034017349
308.28,312.72684955752277
288.802,295.0435974595
253.787,267.6522943607266
211.602,228.59359249049945
178.321,198.234486764964
152.238,169.8490767731643
136.123,146.42165587896264
127.321,129.64636301866057
115.927,121.02542154893773
112.741,112.74296276917046
114.417,109.53894247358343
114.172,111.20683496457521
105.74,109.74894640297697
104.466,103.94725833706504
103.746,103.27361845046433
118.366,108.63434584350527
126.929,121.86197367239127
156.458,138.4039452385166
195.155,169.1522017559143
215.781,204.3661276093965
239.308,224.84207223980584
244.334,244.06342577405044
240.832,244.37972331803397
231.703,235.98287867720228
211.526,229.16056026380457
213.644,214.83793545014606
221.632,211.1194366372385
213.99,213.7463860569601
207.107,210.75273703002114
215.572,207.89597650226975
217.639,211.33445897858397
205.113,212.87864051963916
194.597,202.75454091055138
193.693,194.195193162601
192.063,193.31352396421082
204.062,192.6725209578959
224.835,206.4484976449643
248.546,236.81675176796443
282.425,267.09428352327177
332.826,301.4867631033251
346.283,340.110205635247
370.424,357.23289686939256
376.829,371.35434791480657
360.179,377.10407267545656
353.09,360.0214234863496
334.002,353.6801958140363
324.565,336.4676883435445
324.13,323.2396494366368
298.171,316.55770649370663
286.689,292.0984214189863
248.951,270.5504573327388
211.709,229.75224073474848
176.983,203.07980877532668
154.965,170.67983567995162
135.332,149.7772637570808
118.737,132.75600214748195
111.161,117.58416419229475
109.314,111.4883552591293
107.156,110.17284944592664
106.884,108.94867747312911
107.42,105.76436594132959
104.31,105.66697097371534
105.922,103.06357213687171
121.171,109.6010853753869
133.769,122.79986424917743
162.739,142.2216076110655
199.154,174.60565404979386
219.727,206.88753923682785
248.717,228.64070761541024
258.309,250.2340468677834
240.526,254.191569633471
222.449,237.98233645895365
220.597,219.8393264055631
229.46,219.23429517403102
231.275,225.79933019174482
224.28,224.26176884863335
209.158,217.68350587649053
227.407,210.36031797049452
223.441,222.42183141681005
214.833,216.43217260232157
207.778,206.83262401574484
202.479,201.3737396212827
204.552,197.00332955241674
210.191,201.84355580388277
223.039,212.7305216030584
244.006,232.53269241347644
283.181,258.7800425745972
319.731,301.84516413810445
343.323,330.5503482563581
359.42,355.35230728842794
367.4,367.00421189268434
363.06,367.82523846480376
352.819,361.06474182415866
333.202,348.8245559212547
329.636,331.77372643154445
323.145,327.478870523086
301.524,313.8518514031945
282.168,294.5155957043463
249.836,267.41523334897965
226.018,231.6162801894728
191.398,213.7496788129501
162.613,182.18679751816444
137.66,155.64290102897922
121.896,133.5754668167419
114.949,119.5134820597539
113.771,114.08159429960784
114.106,112.38658439757893
111.518,112.49482433852873
109.564,109.75091539356883
106.662,107.44931932386892
109.053,105.48206876496276
121.014,112.6986308319682
130.294,124.56083171219589
154.074,141.59031554398155
191.359,170.7385219252789
214.375,203.16566730300607
244.275,228.34351887135452
247.202,251.36825014031382
248.632,247.51179765503545
248.858,242.48447036851795
249.023,239.86499457557358
235.759,242.67445721494784
223.399,234.67866700892694
212.338,223.82738986284673
213.669,211.14556240682353
217.518,217.97961900122507
224.241,219.16282475829067
218.094,220.0642496292008
212.135,212.61594486112122
217.446,207.05133005352562
220.445,210.57168596974017
217.061,215.21680533201496
235.176,218.0214267301603
268.499,238.08418534950263
299.232,273.907111392582
327.527,309.1582075256996
350.034,335.4145938982472
356.779,357.062392489776
367.962,363.9495484402356
366.236,368.6674178111026
347.374,363.5531523660828
332.076,343.7678441111917
327.613,331.3395691971368
310.059,326.4906503560418
303.894,305.9706368410924
279.732,295.36074799536095
254.639,266.3634272324108
216.675,239.65537486271703
185.671,212.4810725719767
162.879,181.77144738198717
148.936,157.3570714578321
135.291,142.1133175794245
121.556,129.96555890030737
114.061,120.35065995335522
110.743,114.86606439590926
109.726,111.90998334391121
106.998,110.30985620440867
105.285,107.40367907166159
107.338,106.66936924674812
112.639,112.80843038479064
118.863,119.68876999403659
130.211,133.2086644589027
145.913,154.23946852994325
173.369,173.09874959285804
195.467,202.02760657137173
218.773,218.4065049153398
245.528,232.28431754950262
248.898,248.50559090411315
252.041,250.19715604856296
252.052,249.2808684578206
240.28,245.4897097713393
231.998,233.88727372786622
231.427,226.98209023242865
238.855,229.28609444000145
244.62,235.32776085208167
231.281,236.62732828360834
227.121,225.00967136807282
225.685,223.27866663323837
230.938,222.92258743478354
243.763,225.91309773338787
260.848,240.2623045360967
287.115,262.92225212574397
308.965,292.1335731103874
344.792,317.92216022498474
369.794,349.77758063396834
377.852,369.73273178585066
380.191,378.55325557167146
373.791,379.2379770296229
355.553,368.3011832916038
339.7,350.1146658985573
320.422,337.58195148924824
308.386,319.22239415196634
293.842,307.14471600431705
278.112,288.91060348083477
256.529,268.0484136689612
226.898,240.80847217098543
202.258,220.02103066721182
182.37,194.5977727694991
163.934,174.76364729773718
142.634,157.2334154782979
123.208,138.14674167519763
120.85,122.99784747257212
114.749,120.08083821093349
112.375,115.50504753505291
107.562,112.55355181320078
104.995,108.61641138010779
107.019,107.28352353353428
113.413,111.18990629904873
117.802,117.6019547787217
127.822,125.85252186045567
140.336,139.85572363285954
162.282,158.02931587548048
180.806,181.12631586986373
213.35,200.31375222092836
241.3,229.2248419841961
270.701,248.73486468526835
269.752,268.7159237265346
291.69,266.88986176370645
305.23,276.54085302221813
306.613,282.13857710408945
300.447,282.5299398898778
326.588,280.838617087824
331.782,299.9490649950744
331.072,298.9913859044997
316.638,296.3076332482798
309.011,286.710140988793
307.717,282.9084044514109
303.788,285.3418258756203
310.166,288.7318026561128
328.329,303.3629179033968
329.332,323.9174192035457
351.768,337.2738214958048
376.012,360.84145818486024
395.73,379.8311273956343
393.682,394.1551322871644
394.564,390.83565921012564
370.025,384.14488424522324
353.738,361.99838207208063
346.748,344.8832132182911
327.76,335.2611439280828
315.666,317.5402806002829
299.304,302.88611348128336
266.935,283.23221233902996
218.608,249.9801027645029
184.681,211.68719068332615
160.722,181.55191286847776
142.536,158.8070075159872
128.615,139.5146798124442
116.115,123.13363117195001
115.473,113.5208285317761
115.134,110.6397623159561
113.481,109.64628645385284
114.47,106.49160138347494
108.826,106.25397832557474
113.032,102.82023547171119
128.284,107.85244807862999
138.65,119.28495181033327
163.076,129.91886958344722
195.196,150.51357179530362
226.033,180.36143640717884
249.904,207.49261639435343
248.802,234.59036482075854
244.625,243.74249173514286
228.744,249.6874171936937
235.714,238.77693766354088
230.952,249.7158912625946
220.109,249.03922454236132
206.673,241.62822511200866
224.04,230.5691992765849
219.938,250.28667494420588
212.006,249.23789684611205
213.061,242.6970630896034
209.36,238.60616411074383
218.393,233.94030888337937
229.977,239.67218620894323
235.858,247.4324911453019
250.22,254.27240261289236
278.034,271.3047492880563
304.904,291.55754487563775
340.722,318.93468397602624
360.652,351.37352352141784
389.695,370.9124623475284
391.254,389.3838262154334
391.406,390.09906168396685
370.796,381.18438917106255
355.43,361.4736062271129
337.597,347.1528058162065
328.355,328.8539558482331
317.908,317.56928047552617
306.84,304.5905420069013
272.029,285.70289693402333
226.355,246.2262137772865
193.146,214.8574382871443
163.845,184.2380796613832
141.601,157.5667502550288
126.891,136.96625684235457
117.094,121.50202030658107
114.84,114.61078961420301
111.828,112.06357096111559
113.803,109.38350728649908
108.688,110.14254887919125
107.852,104.91918747894813
111.911,105.3173046040272
128.379,112.91305999236046
140.227,126.74816024561017
163.938,142.4406809337795
206.011,167.97155805409605
221.532,206.6103385899148
249.902,224.91176846777563
253.823,246.30167438111528
240.335,249.76902732594837
226.805,238.9065014917249
221.54,231.41845285953215
220.833,228.52577620837303
213.987,225.75575302256868
197.181,217.5314012082532
205.593,210.37309758520112
206.639,217.12398913927623
209.551,215.60105403391688
211.698,217.77298352797953
210.633,216.4407583890634
203.776,217.650870003515
202.474,215.89551318343436
217.641,216.38049114970576
239.34,230.68027099056184
275.25,254.5981397204919
314.359,285.73299999724304
336.626,323.85603963749463
346.115,346.01103697274505
361.575,362.28233435573134
383.887,372.3701865363771
389.548,387.29702212854863
366.862,382.59367242092287
360.065,361.73103304607594
349.682,351.1121355925362
330.279,339.9138740457428
303.588,322.5705318245599
296.151,300.26314020759355
264.963,282.14489561654
221.713,244.19029018044253
184.898,213.84538796880818
160.484,178.96922423790787
140.711,154.40949479461608
127.155,135.87171299796003
117.5,122.55655983699486
117.058,115.44423750532015
112.785,113.83596335772232
112.581,111.4191606363261
112.227,109.48018403166986
111.916,108.49511864256368
111.393,109.39102405144774
126.741,115.08043399108044
139.448,129.12895085772413
164.988,146.4626797151868
203.552,177.79580810912418
231.091,210.51869240468577
256.39300000000003,238.54259625035263
246.535,256.35917343179585
240.3,245.186673441077
241.525,235.77874870704167
242.557,235.2597650839023
236.245,235.30204687488742
245.147,227.74081339566456
241.985,227.61554587051438
245.808,228.96386362173476
247.276,231.37916054985263
242.073,232.00781629086543
243.731,229.21371568412934
234.366,229.22285859051192
229.359,221.81649788952205
232.878,218.67454720544234
241.68,225.80891302330036
248.224,238.65478675150004
274.755,255.66920972843093
309.087,286.3490767236518
326.249,318.63226548093814
370.881,334.07480937303956
392.103,370.6899862750239
396.345,390.8444410805713
377.944,395.27097177811174
362.283,374.3560791528065
340.722,360.66024230914877
341.274,341.3913792050954
334.427,335.4243137714551
310.574,321.9402406831813
284.274,303.0209901205925
255.107,273.2022238350406
218.283,237.51184631869182
181.283,210.46189439059668
158.887,176.3758004282676
137.958,153.50427397656827
127.29,134.45792258794845
118.766,123.33623786651282
115.719,117.35824210820239
114.706,113.4227962884408
111.81,112.86979021792295
110.519,109.97458815338521
110.97,108.9584985517794
108.653,109.05182543681309
124.984,113.34036706256865
135.757,128.4251198978282
157.604,144.9528541198771
192.146,173.73566880989029
230.657,205.864177810569
253.149,240.7048805574387
256.159,253.1663846368013
243.716,251.7681499525181
225.188,242.6828704507045
232.337,229.80117313694987
229.907,232.6970911137666
230.611,232.60219554402
226.127,230.70403080597478
228.624,229.1553962473248
230.037,231.34364616999332
227.943,230.65231043468683
228.119,229.9435935256419
233.957,226.8785212770072
235.958,228.71409664796624
231.848,230.50320385404893
233.909,231.62967696332626
238.462,236.36372474852095
265.422,250.1128393021113
289.587,280.8063693167587
324.449,303.69357912976307
352.435,339.9199060752019
377.968,365.87863762441236
382.54,385.56156843418853
369.912,383.8568114146361
360.815,368.58898706250466
350.002,355.8252621363415
327.071,347.455968271766
322.001,328.5697397589969
297.837,315.63675247952347
287.263,291.4629448233193
260.278,272.9628618604095
223.886,240.74860499806752
194.538,213.57923755358877
169.643,185.5478491214112
147.726,160.87286213978496
131.775,142.08097416081645
123.63,127.77595943424924
112.19,121.47641370098944
111.144,112.80394740817678
110.774,111.27173536940909
107.133,110.21355794592569
106.445,107.91292347153349
109.681,106.32229979746603
119.483,114.48834246514758
133.712,124.76143226318335
158.367,142.67441444198624
198.47,171.83312940645408
232.414,211.83243835719
244.513,242.5771931161901
248.79,250.59743505250324
235.116,248.9309241447085
227.256,234.69357559410466
232.998,231.17457027905587
231.23,233.73424715165825
221.677,233.13550147288345
222.741,225.24547713919162
241.206,226.55882033162013
240.146,239.33280135096507
244.193,237.12816045004513
246.218,239.98895769883768
246.405,241.72400010471637
257.053,241.95151004093483
247.754,247.7168494016531
244.776,242.89719945907288
259.278,242.34708772806366
293.824,261.96912770929384
316.599,294.37479204178646
340.424,320.92515637569113
350.809,348.2170136101173
368.638,364.2376666197574
389.996,377.32881093770357
386.952,386.30250744842056
356.231,379.8812883400831
342.041,354.5062811346221
323.813,338.1918188760643
316.76,324.0465620153907
301.804,309.95821415427883
299.011,294.69447396226155
268.522,282.15525067676685
244.001,248.28842047727593
206.902,232.08744829506338
183.832,198.37371568805472
159.874,174.52164562194935
147.045,153.09797598576938
130.843,141.06569744484702
123.804,126.75268863865963
122.052,121.23246788226247
119.926,119.67773495128385
117.933,116.65513432036565
115.48,115.14572701963196
114.594,113.79038404731862
123.626,117.42080432488437
123.335,128.02103707051776
137.543,136.82934447103426
151.668,160.40091400973014
173.302,182.9431364735841
205.868,202.36227378629349
233.137,225.4766150538779
258.973,238.13395391981476
261.091,251.36748983766233
257.732,254.5844891011873
256.043,251.60823627358852
250.608,247.37003052701345
236.829,243.64862894847005
237.958,239.55320960509138
250.413,240.1141283008463
254.468,248.90859531831282
259.747,252.17685963539347
244.245,255.8271729636305
248.72,248.75210281501293
235.21,248.30450267705993
247.18,238.67111962573924
250.047,250.72521620610365
274.993,264.84551018357035
303.068,289.5910130266401
330.431,318.07915838318206
352.716,341.24401164753056
363.491,363.35816343360534
361.758,376.5316783955319
373.146,373.383041620501
354.773,370.9749558071053
326.266,353.78406431019187
322.001,327.2270915460364
309.403,321.9423969202717
295.687,306.76667501627765
278.597,295.9415582190395
251.517,273.13201457503885
225.237,244.99182813459723
201.739,225.20212604847498
179.634,200.8541531256157
163.864,176.99689690803845
144.315,161.47941029544475
130.454,142.75361556019098
122.111,130.5461901451681
112.9,124.02293691808079
114.492,117.29042882988949
112.848,117.04941462505592
112.408,115.21023271512799
110.074,114.5422308466321
112.961,116.46302578840455
116.306,119.15238183827304
128.814,127.61953917292715
145.193,143.07740819112695
165.934,163.11960994887045
190.485,186.81768560927057
223.109,211.2567012946669
238.512,238.63916606932662
249.466,248.77883813758638
261.684,255.1730519520967
261.858,262.64034768465683
276.544,259.9198862669173
276.785,265.8076974289585
279.236,267.4609171104453
276.583,272.5138119335005
283.896,271.8172137660498
263.188,278.3478182876255
253.692,259.7778740796597
262.763,255.67667651419654
266.276,256.57479042097305
257.814,262.0350863877287
260.144,258.0819157561063
272.234,269.77964660996327
305.803,287.37492657517396
340.855,319.54521521326546
362.308,349.6441922800029
391.067,368.5498482626523
388.322,388.63196265022486
387.543,389.79229136624167
371.931,380.9189541797433
344.468,361.2008445703949
331.372,339.72376306597096
322.223,326.8249211644853
309.176,315.0998935450739
297.275,301.3244132604842
269.563,282.5854503578553
228.413,254.54720741117399
189.925,220.7887592290879
159.544,186.96675962841272
138.876,159.8404879806466
125.741,139.48380364385176
117.481,125.00563107931742
115.286,116.54994104425892
109.609,111.90433212865038
111.195,108.41164386533474
110.596,108.40211451424172
103.638,107.69091324830622
107.812,101.91281167488818
120.655,106.27907783503734
134.067,115.24910672797611
163.892,128.86905761711563
197.488,154.02166671581045
234.395,183.9977294331603
244.892,217.83691502803796
238.909,236.46852712591843
232.131,238.7467793545894
224.419,237.58504650938437
223.038,235.2678816439629
230.007,234.2905509077108
225.488,242.24276878732323
220.702,238.15765303194834
211.463,235.43303039662564
216.812,229.71767199296391
221.031,235.34522389471044
214.74,232.78433718447943
214.231,224.16298852149964
207.537,226.86968735249908
198.895,221.8909487835389
202.34,214.88080437279578
221.169,217.70125862456956
239.307,235.87092868177015
276.143,259.52037848549594
312.45,296.34639958844696
345.218,328.0755393587415
379.093,358.9377128848688
388.236,380.0602983771447
377.952,386.9024895494474
370.014,373.5850906653535
360.231,357.99810014498644
333.618,346.9799604275639
327.013,325.60296384967137
308.811,315.87063463299626
296.306,298.89462889933793
262.638,279.8990901608854
223.74,243.53543774241723
187.652,215.4892254903542
156.325,180.95236567188064
135.475,152.47342051250646
121.441,133.18410760272278
115.363,119.87601790819282
110.676,114.49423218509742
110.249,108.52686812473405
110.458,108.83759928855335
108.381,108.24199810486077
106.316,104.83765325894434
107.174,104.0238475723421
122.042,108.49607022486808
135.692,122.04279655375039
163.947,140.6883727498508
195.478,170.01977196038533
228.62,203.2816794156082
243.098,230.01044864276935
234.467,240.80994246175328
233.311,234.09071359696088
220.757,232.105100945672
216.331,224.0455896916493
216.036,223.12355385603058
203.015,222.5499283363567
206.382,212.58987692974762
208.471,211.99359426380505
211.138,214.67434469090884
207.908,217.8844923767131
206.955,212.13147238874504
197.339,210.11515159359445
194.885,202.65360295454835
196.566,198.45716797077506
205.669,199.79814004296242
218.01,210.97785255385372
246.12,225.38834126992973
277.069,257.06185400860693
324.217,291.02902226805463
352.484,333.11444096515993
371.237,364.04173491017514
381.402,378.4098317318585
379.647,382.16532157548386
367.062,376.93355647678754
351.729,363.3623595652358
342.524,344.04028511663853
328.274,335.24413693604765
308.207,319.03152403608965
301.703,301.10462856454285
272.182,284.3323549425087
227.317,250.0348113825074
197.282,217.36268595827113
170.101,185.80268692840892
145.99,159.55306487958273
131.579,138.36955361527157
118.065,125.91253478163807
115.297,115.40241638626783
112.007,112.51052215466886
108.148,110.53412083193662
112.012,106.89243980517648
107.244,108.25108318286566
111.524,105.26059015225289
125.145,113.45563610860165
135.498,127.13827316544025
161.943,144.68645206466243
190.805,173.7579230594865
229.792,205.60016242809775
234.455,236.10378660350275
242.277,236.20676834855982
227.52,240.05102028146877
219.138,226.00764825379076
214.089,218.64182543288092
220.581,215.8173656949228
216.721,215.57733207694392
204.472,213.5524040726839
210.108,204.77131267280754
222.867,209.7266312211754
233.11,217.189197988727
232.769,223.12353096621973
236.235,219.6359148816847
225.148,220.5983060670542
227.482,212.4795685006155
234.525,216.88007719437664
244.097,226.27063899343716
267.041,242.20253719626697
297.857,269.05573673034576
342.18,306.1319333940007
367.561,346.0707697459857
379.751,371.2535946000568
373.451,382.6089953500391
371.163,377.01006821813553
368.969,370.7872428813897
344.635,364.1017842404631
338.158,342.552142168591
325.603,333.6168404608285
316.305,317.54300089766605
292.466,308.41843077823137
252.509,280.8142786391902
219.415,238.10902275233838
180.479,215.23268597454435
153.239,178.93211272457935
131.993,151.76642648994343
120.29,132.36017619240323
111.075,119.80940908452874
107.308,112.51724469175754
105.268,108.64005916643714
108.776,106.20546712703937
106.461,109.04061614929779
106.574,105.96802288965664
109.475,106.9167475491201
119.36,114.0476144430024
132.802,124.34140650784576
158.356,143.29002939646787
193.506,170.81508409510585
225.756,208.16586725448263
248.553,231.7355000430754
248.719,248.31889493560928
226.281,243.7072187691095
217.103,225.32458659618305
217.912,216.97494067681765
218.136,219.33504331819591
212.958,216.8141616930156
214.158,210.17752864828915
222.864,212.3166450425426
221.489,221.96011963686118
228.069,223.2548109665585
222.426,227.45408610459464
217.226,223.4430229374622
219.977,216.62969983712625
219.04,218.85381821303298
224.226,221.0529701859352
241.904,227.88505642291736
262.975,248.631139832638
303.918,273.6892074950349
332.378,317.63154709985315
351.95,345.79902624272586
361.541,363.89532721363537
367.08,368.93689216935684
361.903,371.79817737966937
332.021,366.1719767423846
332.297,338.0576179575344
327.247,335.15386656972385
310.808,326.96792869982755
299.699,311.2112441994475
297.321,296.4845877120471
271.008,280.4956650090312
219.661,249.65281097166783
185.197,212.62490317949232
157.528,179.59143153415476
139.604,152.60723402465553
127.69,136.0867597185076
113.945,123.9291857303268
111.238,113.4782116693149
110.063,110.36920045505028
110.479,110.23973257594929
104.286,109.78123762860241
104.083,105.2895811285725
110.892,105.92823685414864
120.804,114.45853344838046
131.728,125.35231669087327
153.714,142.21925916542426
184.654,168.94983122099768
217.782,202.11386741537947
249.657,230.56776453917655
250.011,252.46067443522222
242.385,244.566345230624
240.4,236.12498319498292
240.654,234.13696481782947
232.473,234.92480740722092
223.566,227.24068199944918
213.245,220.58797267562696
205.41,216.31290611765922
210.144,211.8678325762544
211.926,217.38390753553543
207.816,216.9535845600722
206.533,212.64490481144912
196.395,211.63178513735883
199.942,204.4476545276219
207.907,208.92283611891435
210.289,219.69642601169957
234.479,229.32317233699013
270.52,259.32646507595757
314.862,295.2522592471448
338.131,332.0548234055532
366.727,351.3093886530173
375.209,370.8898397198858
358.618,374.84129958718256
347.586,354.72562108235445
324.034,345.32495342031257
306.467,327.25279580592803
300.524,309.80763800664545
290.427,301.45687977432215
278.707,291.9727340798062
255.521,272.7605772913894
216.473,239.84964822972896
180.159,211.62646335808552
160.272,177.24207664207938
144.118,156.6298880921226
132.381,141.47249504524166
123.039,128.50608878080965
120.078,121.1753618192371
112.704,118.26158929122246
112.869,113.78866056471858
107.216,111.49728025265027
106.808,107.68873682537676
110.463,109.18639716328641
116.84,115.31722829566262
122.907,123.44515441416547
129.104,136.04971115248384
147.983,151.72559583143007
165.269,176.62058287633008
188.413,198.82526254116127
214.261,214.337646851321
224.722,226.93073160765596
237.867,232.49921001254233
241.998,240.9403346943203
243.504,241.36567674612078
256.352,238.91969490096497
241.011,244.58710992376655
242.448,232.47868178613567
250.101,234.61266725746407
256.77,240.308304506292
256.176,243.0132105955253
262.016,241.30848819468662
243.492,242.48213718205636
242.749,230.63101243811425
244.155,232.815337827868
242.726,235.52313584239837
272.749,243.28519750782525
301.4,276.64602911417614
330.316,310.7911920861128
362.085,337.92188468270683
365.462,367.9839467158107
365.079,372.6905223483079
364.523,367.26663592768455
351.621,360.69419680479325
326.759,345.46054609424004
312.634,323.0935556667423
291.683,310.5762544818506
283.859,292.3943057127259
273.606,283.66160807379254
252.186,267.5136999737887
232.328,237.63075066708862
211.709,221.80655933679427
179.876,199.9750583548218
158.546,172.20631042031147
136.855,153.64591749717997
124.374,134.94809752153688
121.329,125.57944589811449
116.143,120.92137653648084
112.115,117.5657328542015
113.725,112.29015734707191
110.07,113.21381559969298
107.087,112.0154755573084
110.328,112.7470618974502
118.952,117.17641459810079
128.975,126.60777149542632
141.719,140.95667921273815
165.319,157.26059629835513
198.725,181.87904697566046
216.83,211.42620189794695
240.648,225.2960980095871
257.32,244.64575987038165
267.174,256.4595603078866
271.339,262.67989663105425
270.847,267.8722474396045
272.596,262.24288776906894
273.213,262.666371236768
292.431,265.64229650712775
310.498,279.9988745176273
291.586,291.43332615060604
287.228,279.9863445915307
271.864,270.9032503358592
281.21,260.3491406260948
288.649,267.61905168690635
280.122,271.9001122526855
299.246,276.9027907952765
323.786,300.5013407781182
345.914,328.9368965157885
381.972,354.30389468127476
400.698,381.75726943518885
382.508,394.4141516899673
373.03,380.7211174598136
372.104,369.37146111998004
352.191,359.608286692893
325.36,340.3944709940513
328.946,316.09350392164527
307.919,314.91712322027854
287.198,296.99934074780094
246.716,274.68674559690146
214.058,238.74811176251458
180.19,211.55367013499682
156.1,178.3233258426006
139.915,154.46583916557555
126.263,136.5495850012527
118.967,122.70490045504846
118.298,116.7443280309075
112.351,113.75981453452818
106.285,108.7011875545657
105.172,104.23489376171517
102.816,102.44462258658903
107.267,99.93017749833278
126.128,104.32103317372403
131.249,119.36488409273346
160.24,126.07597714731592
195.839,150.05461604536626
226.303,181.79628708519158
242.657,213.06095701448422
252.159,231.29699653045066
259.298,244.85164918685382
229.036,255.53148203870197
225.175,238.24382722341892
217.979,237.06897539589963
211.099,232.94544843350593
208.242,227.60544005166432
216.015,225.65838560585286
227.903,237.02324721253828
220.525,250.2952515937043
212.636,240.05392777768142
202.422,233.7686161182535
205.553,221.06384521565806
208.201,225.38901633327114
206.885,229.47097736458196
221.773,225.67771410740227
240.996,243.6903403364374
262.222,265.5513624259321
302.613,288.47730740640145
345.571,327.8873486837738
376.384,361.9868759203407
388.736,376.8140269816736
388.625,382.2873773194823
375.041,380.38648233298363
351.495,363.50898212726406
349.602,338.5907626505706
322.145,336.4978628303436
298.53,311.1794291934077
285.125,288.70876911423125
264.841,265.9670292746654
229.059,241.44223277928128
189.334,217.0100950686574
168.83,180.94991755503733
144.869,160.41406825903022
127.882,138.70611663853168
117.241,123.83315644198827
116.311,116.31740171732217
113.428,113.12152635935561
112.189,109.10818154146557
109.782,107.67146060643795
107.557,105.06519646956315
109.078,104.15863646266392
123.479,110.82517725045237
140.394,122.15092443993106
166.64,142.4915890945652
192.289,170.7404306845715
231.144,198.506669509298
246.351,231.47031159557832
251.319,245.86724945362337
233.297,252.9015224761999
241.201,233.79805060002823
238.337,238.37645149112018
236.201,234.77469537438967
232.927,230.90165183896582
233.176,228.03596412423144
230.622,230.02009464721405
233.274,233.3987993675585
238.111,234.2117205505848
229.896,233.48083887888853
221.316,224.28357039206844
210.408,218.11183004669792
206.956,212.02884472382215
217.973,210.00437954571026
215.188,220.3786667805788
230.521,225.70053638676526
263.806,243.65634468599345
315.222,279.18868504775685
350.794,328.2944039595243
374.802,362.3186450831199
386.615,379.7261583728948
378.426,386.68341211923814
365.792,376.869455911351
351.951,360.02832849195227
344.535,347.5010784209029
327.992,335.0917991632033
314.12,315.11175107157146
296.068,300.2571042057132
263.42,278.50264167772616
227.244,243.77409840784352
201.555,216.23791685694275
168.067,191.22919259819494
145.825,160.33118577809992
129.181,139.52811255336692
120.32,124.37565397578348
115.268,118.17452505353184
112.688,113.0525404801907
112.518,110.45014597725435
111.649,109.12282711900275
108.51,107.70185094323357
112.249,106.00893982970024
127.561,114.2414609927017
137.095,129.24975100958872
168.726,145.59989203089856
201.609,176.59233056669171
227.6,212.16348250307243
255.184,234.74973930238488
256.538,255.3051133123784
242.507,251.27506778051549
235.765,241.53877362644093
223.02,235.5027055185041
221.12,225.82012667642968
224.665,222.60486423013728
221.392,224.79142340848685
225.63,222.161969645967
234.471,226.77912013591012
238.554,232.9429760976105
236.929,232.61029979510909
244.404,227.73402894073803
234.153,229.8366093981161
228.614,221.82763327336144
244.691,221.1325034617793
246.344,231.861228308568
257.718,238.9884241877284
277.173,257.4440558383795
326.353,288.5499106690211
359.657,334.6850953821248
387.329,366.3544443807559
393.83,388.7547026940707
385.749,390.73919147521576
376.7,380.16626497523384
358.439,368.1460114115988
341.67,353.3238054595706
331.189,335.06225193677426
307.165,321.6475704040571
296.041,299.384757389783
258.722,280.50334213083613
224.021,242.28854185930254
195.015,219.23878770342193
173.428,188.64020183019386
141.652,165.4553440612876
133.349,138.11871457302485
119.223,128.7251736675152
121.913,117.8103781793956
115.277,118.1730639420205
115.347,113.60174026407093
115.532,112.74992671765388
112.845,111.7690041711951
116.178,110.74499705590387
124.862,118.59306307810915
130.735,128.15699551641887
156.252,143.4011794494435
191.122,171.5495154095859
242.561,205.5005104812565
257.759,248.3995832574383
266.285,259.30223681268376
244.869,258.9484804269607
233.281,243.520989350445
228.921,231.51920219371388
212.236,227.91051122820514
212.323,217.14894480107304
205.151,216.3247740594727
214.837,212.13468500132456
217.259,221.3359232547172
211.955,224.1446985400909
201.774,219.4888237550776
197.995,213.7406285286578
198.908,207.4068086865859
199.84,205.75170864214473
215.672,211.95358203656696
228.368,222.27992435760206
237.755,235.31648832974017
263.791,249.60597854117964
306.009,285.41550218022167
346.558,325.6161235452238
366.181,362.4956409406973
374.861,377.9626462677097
383.417,380.69811982745966
366.316,382.2487895485732
348.133,364.4742034295026
344.076,346.55865569608966
329.705,339.4216873594173
307.117,321.40052815183117
298.733,301.64896334459854
265.467,282.1550428241428
229.937,247.00232427769095
201.826,223.6769782438039
174.771,195.91660117013927
144.827,166.52414727891085
131.336,142.8233203001116
118.921,128.64470273332586
116.559,120.73947090465197
115.692,116.62998783850557
110.627,116.07450374888113
107.978,112.2873431915005
111.452,109.49199145963135
111.758,112.66450575728065
126.525,116.68659634539644
138.015,128.55442326034313
160.437,146.22375632604454
195.511,173.49487815979617
226.829,213.71579237264513
256.417,240.83823120438112
247.783,263.0335267397478
254.287,249.538752615461
252.179,249.94465342189278
240.936,245.73868947935227
234.284,233.33500571757943
224.734,228.81514132773964
234.355,220.10641389354475
241.721,229.15998082109095
245.82,235.4836548990768
247.754,236.58538988804267
244.186,234.77011992498709
242.253,231.49777575840875
249.891,229.49432143309943
257.04,233.83359516931088
259.146,244.44770771076787
263.974,249.1359250843567
284.431,255.97412966268075
292.862,278.2314937235766
317.635,300.1812190377826
347.891,330.6733344380975
380.585,358.79468206819536
382.803,383.11845055248875
387.125,386.3120734808657
360.232,383.08761591231803
342.719,358.4512901649192
324.28,343.759826756463
309.638,326.5077487689707
300.157,307.8180351332653
291.89,298.159925803272
263.248,279.4892745355884
233.473,247.30297823056492
200.902,227.91095161941027
172.352,196.69765980203357
156.679,165.96641197868806
136.744,150.9778790124998
129.632,132.50802812017358
125.858,127.32423342947881
119.366,123.54805743607983
119.802,117.77473881967298
111.96,116.88798566282378
109.718,112.43935753049612
109.138,110.91681797093547
111.996,115.54664495569304
120.265,120.85955212628332
135.235,135.05042545975812
153.196,157.71591219474558
179.352,183.17888013870146
207.061,209.93576826414554
219.529,226.6618794774278
227.349,234.49663864010387
239.503,238.07553286361903
230.349,242.14709977731258
237.731,232.69983733877902
244.003,234.44163330839936
240.83,240.69707549610305
243.563,241.1149504609095
244.783,244.30964068312883
252.126,244.7698381609077
257.589,247.71439008719094
228.892,250.04730669089702
226.483,233.28242275504994
232.383,233.4000419484106
237.904,239.3371665350896
230.458,245.10653651701563
243.994,246.8415953316659
266.153,260.1131586156056
288.085,285.6007905294125
338.841,311.9157466907558
360.159,356.61076674454114
353.441,371.699997590369
369.621,369.204399254852
350.616,370.34880747702084
312.471,351.1331172240484
305.485,319.7849911652173
295.83,309.7129356201368
292.438,298.1854639566259
265.617,292.85080832790425
248.109,263.5489579962714
222.953,240.33273555478655
199.852,222.678347981653
177.244,196.8247777358282
151.468,174.30237591611788
138.933,150.32757433683653
128.382,138.46595419350754
119.188,130.20232005664752
113.832,121.77026609753501
111.659,117.91768509190611
108.953,113.59593386005591
106.741,111.47998778535826
108.875,109.44943325494253
109.181,112.99432515130489
113.478,116.16125564817717
121.804,125.2933268906945
142.692,138.63133730201804
170.839,162.72026985623273
198.899,191.48495556591104
225.788,212.8804134326355
239.794,233.08550590067975
265.477,245.62952929464524
257.89300000000003,258.6256533275324
264.61,255.08012025264787
262.655,260.03562049652237
253.922,258.67538062837997
253.446,253.87388904243406
260.465,254.25448917601756
254.75,260.7439842045277
264.367,258.1838443839646
261.577,255.77897914200145
247.199,253.89488961572977
257.627,246.2118788865496
255.459,254.87161461449207
249.548,251.29645965274617
268.138,253.0121110237653
286.851,271.96032486482545
321.121,292.8065001435567
356.451,332.2450953822049
371.115,364.6574235114101
382.773,372.2788522988566
371.71,385.0007395246173
360.248,369.45688053269816
340.705,349.4618720639688
330.915,332.45047379461016
329.583,321.911686305726
299.603,318.7966017635971
285.036,290.5300548150992
255.609,272.91680368599873
224.19,243.5979779618773
195.432,216.79619284150704
156.952,188.80393725986863
138.864,154.15873396435242
123.074,136.8724213445409
112.872,122.38576919754958
113.062,112.68612197945751
111.269,110.29754070746883
109.597,108.53493718480304
110.016,105.53300350447198
109.901,104.97354738553408
112.312,105.01604784261339
123.151,106.91235913826426
131.449,115.57909485849258
148.079,124.7028678520371
177.912,142.75493564421578
203.35,172.80423158075567
210.583,199.6701370820964
236.887,213.20353685419116
238.085,234.91156986217285
236.466,244.11463198854636
239.221,239.6684628345613
228.785,244.09926831646519
220.23,236.79646075376994
212.439,228.40858593141377
201.897,222.9892124617275
222.721,218.13871981695263
224.208,230.59350715989433
218.991,234.8478724691735
206.372,227.6938722699052
200.446,215.0811992665548
200.349,214.2813408626258
222.483,214.12451935649278
217.593,226.0860761240241
226.973,229.3612869736474
244.346,242.46750495560804
293.0,265.6786481983198
339.947,312.06632440401336
361.994,349.2691297325117
377.591,366.188546992282
366.985,374.82057029552834
348.919,362.40447957821914
339.504,341.48182403861006
330.803,331.4060593405485
303.9,324.3893587465658
294.576,297.28486525116443
278.876,284.58318600461166
254.068,263.82317750179504
214.852,236.2119463356568
179.458,210.78148379994994
155.475,174.35383375252584
138.809,150.58788048547626
123.311,133.92779804712936
115.502,119.37416323443841
111.265,113.43761832410561
106.778,109.23070678586676
108.738,105.58787071961089
106.51,106.35404147017861
107.665,104.65407841786542
113.912,105.86439774330913
123.327,113.11863450006477
128.553,121.68927521838646
147.666,130.62360937120368
167.579,153.23486308348723
199.953,176.1791848212776
217.978,201.76876031792915
241.644,223.5850027076629
243.217,240.441229559698
239.374,243.29470602570123
226.433,240.44445300366445
227.495,229.48455869269196
220.34,227.1583782212244
205.17,219.4326014248081
203.655,205.89693334638068
209.291,211.4512225085979
216.668,214.69276153502062
211.541,218.96651209440407
224.306,211.2793646365283
215.572,216.77159524008786
201.846,211.44227084690928
209.74,208.45098629288103
214.231,211.35566651252006
227.81,218.6471646260374
239.674,233.83318000075874
266.317,258.57917431502176
311.645,292.2937942976689
365.374,329.94704420215214
368.068,370.632804143264
362.916,368.42111402006253
346.024,358.4227458140118
334.921,342.80202992587965
325.885,331.66428675542454
315.994,317.9045540119946
293.485,305.61065899481173
270.665,284.9215388968844
240.222,259.70423431844756
204.71,225.5843854700307
176.709,200.2007046415721
151.409,171.40309042977702
131.258,147.86812078843178
118.321,128.7056399440282
111.972,116.58202872227747
115.956,111.16600153268989
107.543,111.94769767730514
104.539,106.78699681819514
99.484,103.79438670555079
101.369,100.77810815687597
102.427,103.62941772413143
112.735,107.99916144096471
126.146,116.64168304386911
146.513,132.45079331352687
174.753,153.82901350335572
209.791,184.01205216026477
219.729,212.6030450561517
233.255,228.26261055118567
225.543,237.38431726628517
229.189,231.03999073211116
228.063,229.5969010806557
217.324,228.23994991100352
216.133,217.90107911095782
206.912,212.10564036067436
201.689,204.199694148198
204.994,204.18454646635956
203.875,208.1989576218272
199.291,205.55474247934148
198.54,204.6340456518251
197.601,201.15346969019717
190.784,196.21119970450812
201.784,195.9012234408785
210.402,203.62525820772046
229.977,214.03335821274496
256.348,231.49817256493435
294.102,260.876207077393
312.361,302.54911159549135
338.488,331.8647189641482
333.653,350.88655188879477
338.335,345.24568982023106
329.065,341.5097922125706
320.405,331.3558706277581
300.072,321.82919176029293
290.714,303.13125344542107
277.954,289.2685475045133
268.803,272.92301777038654
242.905,255.5716282246742
204.365,224.81742463510236
172.735,198.94117958238857
148.767,168.64004366762907
129.844,145.10741236406426
113.924,127.5124248700778
109.231,114.03360505002583
105.148,111.71057702678885
103.002,105.80085358123546
103.292,103.70000077920433
101.543,101.82574487293235
100.066,101.30741296229954
101.891,100.75695926908365
113.14,105.7307685319585
124.927,117.0497683212872
141.67,132.36655087568846
164.363,152.86508980452737
191.539,180.77884363701418
211.115,202.8199685577841
228.892,221.75576251630284
236.631,231.0652065580905
222.62,236.90435242981974
224.442,225.71824349587487
219.138,223.9661610348612
212.96,219.05245242519834
212.382,210.98125282223447
205.874,208.54727480138618
213.143,205.65596965839092
224.432,210.36468348214927
214.69,216.0793590722458
209.775,210.0886466288808
204.392,205.7769524860799
195.004,198.61926674776083
196.47,196.22259555962822
209.912,199.61825304641954
215.506,215.3217027509402
223.481,227.18015611579276
257.877,245.56602923179096
304.874,277.166237627236
331.735,320.5323886525324
328.501,336.7922775205087
328.93,335.5109561340213
329.261,331.2399584850224
314.09,328.0099704240065
299.158,310.9347902362192
289.823,297.4886489076589
279.2,285.24808714281926
265.484,273.57727143831266
236.103,253.99627259575723
207.171,220.39315664152784
175.02100000000002,200.50377683987756
149.4,170.1118109295531
135.401,145.50384915173413
120.844,130.52109094486417
113.311,118.52547887711837
108.243,112.70768530274964
105.314,107.55642639462363
103.823,105.42739622848337
102.866,103.06332233712712
101.011,102.17188005882551
102.504,101.12566215027162
114.719,106.22203887920088
125.062,118.44085479956307
142.072,131.86677719817627
170.41,151.66871584064407
192.565,181.301374097508
203.886,202.03413403782082
214.863,215.81307920311934
213.561,224.21246764362584
224.451,219.6856733341771
225.566,226.9048783006698
218.322,225.18745711232128
217.391,218.08730087175985
222.557,216.47797407755192
211.113,217.1618059267949
218.643,211.91960601712788
211.984,219.61566099088975
198.466,212.04197427623325
194.089,201.20274836229655
195.089,196.69753804664072
194.945,193.66337056939747
203.871,194.94750295797473
198.957,205.0448973314847
216.602,205.10501085098366
240.216,220.97751579383623
275.875,249.76718355997986
309.61,287.9883164008945
339.546,320.3354573509391
355.924,338.46475640101846
346.907,349.89104810591857
331.201,342.7568147497368
310.178,327.2509659286777
293.885,306.8264500690726
288.812,292.53078180132036
287.475,284.5898540322031
270.103,278.99221102872275
235.292,256.3927528489153
210.668,221.6488297374796
185.594,204.27386488975455
157.733,178.2081346841668
141.569,153.621183605983
129.486,137.32124154127877
125.79,126.28227631568429
114.208,122.00835275121754
111.766,112.85276663258422
109.146,110.8165173040597
108.369,108.20726060277129
102.946,107.02700447585701
104.276,103.58241786599078
112.886,108.93915694554059
117.935,118.2327429238891
123.757,127.95169997132
150.666,141.49872575287756
175.748,168.09094876174794
202.966,189.26401090428678
215.801,212.0208662258634
221.534,220.4192352694926
228.86,226.0762205063948
223.985,230.99257757716654
222.934,225.2232678347454
217.731,223.288419634786
219.07,221.25667355111386
218.31,217.88164675551843
230.182,220.1497196821025
217.771,226.7021414547734
217.736,213.73431409734152
218.796,211.57248104596204
213.107,212.05845334229204
209.535,206.9643115150788
213.158,207.24869862868022
219.294,208.99278224439078
230.398,218.562010807302
251.994,232.91768826760108
267.444,260.434031118069
312.532,284.0140080832108
339.124,324.8255679884245
348.181,346.40852231826307
332.864,349.87795468514025
321.552,334.8421390462827
299.73,320.00985437299676
295.277,299.1482990067609
281.339,293.923666557057
275.304,282.92692103887964
265.13100000000003,272.7697870018761
245.572,253.08801989392558
216.15,230.53918822314986
191.186,211.81616380440963
158.312,185.05831577163744
140.768,156.98273926941246
128.941,140.61724348159504
119.114,130.64497081830427
110.065,120.39483025258394
108.023,113.02225936314319
109.646,110.78857192991502
106.705,111.14000729415537
101.62,107.48661181066629
101.417,104.20610217544085
109.178,107.612063987641
108.689,114.71710935478225
119.943,117.56439405322882
138.717,134.7963752600432
158.649,156.38382086295766
182.452,177.95999645703006
202.831,198.39478598401166
220.156,213.0105433127301
227.492,227.55656068732748
243.74,230.69593899087297
246.869,240.51985459823592
248.2,240.58275798538958
250.116,242.27745595554111
255.21,241.86420838624534
255.963,249.26799499537213
269.788,245.18633432789994
267.384,253.11702002106713
262.245,250.97385056961053
265.657,245.98830705853837
265.629,246.74679133411274
266.729,248.4994391875443
254.157,250.0793303322149
258.682,246.42974628411847
281.926,257.2228174715626
303.151,280.19141265959445
342.662,309.6731877648715
368.223,346.1331429862397
362.283,366.709612538888
353.536,357.6296662252827
355.622,346.8140420412649
327.579,340.138728429008
309.139,318.3934787226997
301.466,301.7392352211855
292.65500000000003,294.38109799751635
281.75600000000003,284.0950928778707
237.081,267.803742797259
198.295,227.63850049732198
166.448,196.12361838070868
140.392,163.22067824836824
126.852,139.12239000975714
115.117,125.74499522515667
111.297,114.43391012472128
107.481,108.30911550555614
108.55,104.55265343244892
107.023,105.49995876541564
105.054,103.16128711826592
101.512,99.9292395705645
105.516,97.19973631812572
118.507,102.79704254473702
120.802,111.2640959993923
150.206,116.41909739602254
180.554,143.12810213741864
215.164,171.04578797575962
225.497,202.69354247296872
227.521,216.44374179019763
216.594,222.79975178361673
215.839,218.29817204751106
211.572,221.6015864741357
206.993,219.61819755191715
202.704,216.1313384929005
185.567,214.03958128987114
183.957,203.71895927157212
197.202,203.9872435045232
190.091,215.2760610015386
189.496,209.95932788228419
183.427,207.86707825130654
179.854,204.40749284946943
199.25,201.3526794393891
198.507,214.92472794839063
199.899,211.03099941775284
223.474,214.25159503146983
257.148,237.99903423209562
296.509,267.7478697493448
321.799,308.6519216588034
347.538,335.0304135206321
358.726,350.795078392159
364.509,354.39237404634025
338.552,357.3780591845763
323.952,330.244224268539
300.151,314.48869253983344
280.871,295.27422083139425
268.03000000000003,279.01406637943876
257.301,266.49734755889904
220.764,244.53334824481115
191.95,206.6631402054908
162.532,187.07154264696655
136.331,157.24059557404107
122.125,134.0369967762487
113.476,120.23062461487066
107.951,112.11935672926661
102.616,106.5819101202332
104.378,102.75166106603271
104.236,103.63909993963043
104.21,102.3018494270926
102.695,100.82387257409104
104.124,100.51757954365384
115.498,105.85490855894521
125.816,113.57341231824226
147.98,129.78220758170886
184.924,154.34861375768642
215.203,190.4713500464766
215.965,215.19522957336753
224.951,218.08211988780968
218.305,222.0448727990714
217.137,218.06714246505018
213.735,217.08847722475565
207.377,213.8051658452433
199.585,208.06260375386702
191.895,198.17835970403806
190.546,192.63142498113822
188.418,195.58193207740922
199.994,192.9309303775207
201.542,200.21387539423867
186.558,198.63019664485657
187.991,187.95793378966312
186.806,194.01459832762563
188.14,193.13002693594174
199.948,192.8730279222788
216.336,207.82033889417434
232.248,229.91691157862886
250.028,253.549559016808
294.913,275.59467774689836
343.644,314.9586019973218
343.766,349.5086868107204
342.422,350.42663504004645
327.637,341.90111925239717
319.041,325.4514923292403
310.424,310.9288330880943
302.613,299.0573573307382
280.754,289.0176075249499
260.905,270.49449003729944
239.724,242.53908752514724
207.667,216.835724459251
170.377,195.14964885030963
149.009,160.61509878223742
133.085,140.74097634986796
119.365,126.6577308856259
114.182,115.1985921272255
110.536,109.87929049836659
107.222,107.62050226895398
104.768,105.24387912792345
103.663,103.00979053019404
103.718,101.52896271453444
104.92,101.89795915148405
115.061,107.08036996235211
124.554,116.52535218398909
153.795,131.71559816663637
183.665,163.8879532737518
206.913,195.39322327169972
214.891,211.5290209264408
226.207,219.55664276606737
214.993,223.7883587988315
215.436,215.94884805165717
208.667,214.4784714583194
196.355,207.7881184261264
191.717,196.6080240905129
190.001,189.8300171681353
193.766,187.73464634104275
197.313,190.7868628696208
189.703,195.39263352042366
191.886,190.7434814680501
189.909,186.96414072003844
186.679,185.7454310712133
181.812,184.56400457193166
184.801,181.65287876414402
191.136,186.70430117337634
205.401,197.6669559159828
212.467,214.23124935735262
247.727,227.45994195015592
304.11,265.43973423713294
342.698,318.9911332017127
354.495,345.2156475069231
352.247,353.18822323260997
353.11,344.8012335636704
324.031,341.6422913904014
316.022,317.3654460265943
301.752,308.1227882426401
282.714,290.87564692179546
269.533,271.6460919800912
251.546,253.2107783475493
207.423,229.6095198244141
180.195,197.88990394571942
149.51,171.42440236883652
129.263,144.85954516735225
117.178,126.76224096057697
109.022,116.36912420918543
108.255,109.45439946842123
107.291,107.73329131152707
106.238,106.37866642943149
102.769,104.94060597588224
104.492,102.51746320334404
106.597,103.69841719908439
119.809,108.97142788378106
129.485,120.91297027082994
148.237,137.62234921961047
183.426,161.4040985003234
217.745,194.03463126470052
227.088,218.70904962877967
223.655,228.92467899003915
223.59,222.4352529581708
213.661,222.41673643138193
217.757,213.1653564024833
210.249,211.8018981014381
196.907,204.3774168268627
191.406,194.35204718795325
183.411,191.24347496879196
191.252,186.76672317922993
187.147,190.40991424944133
184.441,188.45524267262792
173.053,184.37507592139616
180.577,176.0359371858283
176.029,179.12554863404856
188.135,177.06953755450317
199.774,187.51167989782076
210.512,200.73570249506056
241.39,210.827089558523
260.782,242.91267723441706
295.597,275.3562331912992
337.808,313.7399620564678
347.81,344.6848317726681
330.462,350.539196482187
331.051,337.5100783159296
328.593,328.87708989098905
319.451,323.7833321407113
314.65,312.97539308541604
295.171,302.0193491281573
280.942,283.58727635260163
249.794,266.73084910737543
206.776,230.6779486706839
175.171,201.88314067351877
