datetime,total_demand_kwh,stress_event
2013-01-03 00:00:00,209.864,0
2013-01-03 00:30:00,175.02,0
2013-01-03 01:00:00,151.394,0
2013-01-03 01:30:00,137.672,0
2013-01-03 02:00:00,128.217,0
2013-01-03 02:30:00,121.28,0
2013-01-03 03:00:00,116.156,0
2013-01-03 03:30:00,111.425,0
2013-01-03 04:00:00,108.828,0
2013-01-03 04:30:00,108.442,0
2013-01-03 05:00:00,112.105,0
2013-01-03 05:30:00,114.017,0
2013-01-03 06:00:00,118.367,0
2013-01-03 06:30:00,141.766,0
2013-01-03 07:00:00,162.64,0
2013-01-03 07:30:00,190.39,0
2013-01-03 08:00:00,207.592,0
2013-01-03 08:30:00,219.186,0
2013-01-03 09:00:00,220.044,0
2013-01-03 09:30:00,221.745,0
2013-01-03 10:00:00,232.477,0
2013-01-03 10:30:00,227.135,0
2013-01-03 11:00:00,228.455,0
2013-01-03 11:30:00,227.162,0
2013-01-03 12:00:00,222.314,0
2013-01-03 12:30:00,227.545,0
2013-01-03 13:00:00,211.246,0
2013-01-03 13:30:00,213.364,0
2013-01-03 14:00:00,213.996,0
2013-01-03 14:30:00,222.377,0
2013-01-03 15:00:00,227.957,0
2013-01-03 15:30:00,235.391,0
2013-01-03 16:00:00,253.529,0
2013-01-03 16:30:00,287.876,0
2013-01-03 17:00:00,319.13,0
2013-01-03 17:30:00,339.772,0
2013-01-03 18:00:00,374.315,1
2013-01-03 18:30:00,388.485,1
2013-01-03 19:00:00,391.905,1
2013-01-03 19:30:00,390.105,1
2013-01-03 20:00:00,368.694,1
2013-01-03 20:30:00,354.367,1
2013-01-03 21:00:00,340.539,0
2013-01-03 21:30:00,329.078,0
2013-01-03 22:00:00,303.457,0
2013-01-03 22:30:00,298.568,0
2013-01-03 23:00:00,274.362,0
2013-01-03 23:30:00,238.719,0
2013-01-04 00:00:00,200.578,0
2013-01-04 00:30:00,173.991,0
2013-01-04 01:00:00,148.068,0
2013-01-04 01:30:00,129.552,0
2013-01-04 02:00:00,118.146,0
2013-01-04 02:30:00,113.486,0
2013-01-04 03:00:00,108.441,0
2013-01-04 03:30:00,104.799,0
2013-01-04 04:00:00,105.668,0
2013-01-04 04:30:00,103.581,0
2013-01-04 05:00:00,106.881,0
2013-01-04 05:30:00,109.985,0
2013-01-04 06:00:00,117.627,0
2013-01-04 06:30:00,135.69,0
2013-01-04 07:00:00,158.423,0
2013-01-04 07:30:00,184.506,0
2013-01-04 08:00:00,210.812,0
2013-01-04 08:30:00,222.972,0
2013-01-04 09:00:00,216.538,0
2013-01-04 09:30:00,218.667,0
2013-01-04 10:00:00,208.007,0
2013-01-04 10:30:00,203.004,0
2013-01-04 11:00:00,207.61,0
2013-01-04 11:30:00,212.461,0
2013-01-04 12:00:00,215.794,0
2013-01-04 12:30:00,212.7,0
2013-01-04 13:00:00,214.472,0
2013-01-04 13:30:00,214.55,0
2013-01-04 14:00:00,220.638,0
2013-01-04 14:30:00,343.013,0
2013-01-04 15:00:00,337.358,0
2013-01-04 15:30:00,340.161,0
2013-01-04 16:00:00,345.843,0
2013-01-04 16:30:00,379.232,1
2013-01-04 17:00:00,383.343,1
2013-01-04 17:30:00,369.507,1
2013-01-04 18:00:00,370.837,1
2013-01-04 18:30:00,383.493,1
2013-01-04 19:00:00,381.407,1
2013-01-04 19:30:00,375.805,1
2013-01-04 20:00:00,358.334,1
2013-01-04 20:30:00,334.895,0
2013-01-04 21:00:00,324.339,0
2013-01-04 21:30:00,317.349,0
2013-01-04 22:00:00,304.674,0
2013-01-04 22:30:00,287.077,0
2013-01-04 23:00:00,263.816,0
2013-01-04 23:30:00,229.611,0
2013-01-05 00:00:00,192.78,0
2013-01-05 00:30:00,166.851,0
2013-01-05 01:00:00,154.239,0
2013-01-05 01:30:00,136.894,0
2013-01-05 02:00:00,122.858,0
2013-01-05 02:30:00,121.885,0
2013-01-05 03:00:00,112.909,0
2013-01-05 03:30:00,108.978,0
2013-01-05 04:00:00,108.025,0
2013-01-05 04:30:00,110.08,0
2013-01-05 05:00:00,113.208,0
2013-01-05 05:30:00,112.395,0
2013-01-05 06:00:00,116.198,0
2013-01-05 06:30:00,123.53,0
2013-01-05 07:00:00,142.326,0
2013-01-05 07:30:00,166.007,0
2013-01-05 08:00:00,182.829,0
2013-01-05 08:30:00,203.809,0
2013-01-05 09:00:00,211.475,0
2013-01-05 09:30:00,229.723,0
2013-01-05 10:00:00,239.689,0
2013-01-05 10:30:00,240.469,0
2013-01-05 11:00:00,243.346,0
2013-01-05 11:30:00,239.606,0
2013-01-05 12:00:00,240.341,0
2013-01-05 12:30:00,245.669,0
2013-01-05 13:00:00,270.356,0
2013-01-05 13:30:00,255.015,0
2013-01-05 14:00:00,242.258,0
2013-01-05 14:30:00,241.772,0
2013-01-05 15:00:00,255.197,0
2013-01-05 15:30:00,264.667,0
2013-01-05 16:00:00,275.564,0
2013-01-05 16:30:00,304.905,0
2013-01-05 17:00:00,326.624,0
2013-01-05 17:30:00,344.563,0
2013-01-05 18:00:00,357.79,1
2013-01-05 18:30:00,392.521,1
2013-01-05 19:00:00,382.064,1
2013-01-05 19:30:00,366.035,1
2013-01-05 20:00:00,342.476,0
2013-01-05 20:30:00,339.203,0
2013-01-05 21:00:00,332.209,0
2013-01-05 21:30:00,316.703,0
2013-01-05 22:00:00,306.364,0
2013-01-05 22:30:00,289.161,0
2013-01-05 23:00:00,273.853,0
2013-01-05 23:30:00,240.123,0
2013-01-06 00:00:00,212.047,0
2013-01-06 00:30:00,184.614,0
2013-01-06 01:00:00,161.036,0
2013-01-06 01:30:00,142.97,0
2013-01-06 02:00:00,124.059,0
2013-01-06 02:30:00,116.569,0
2013-01-06 03:00:00,110.238,0
2013-01-06 03:30:00,106.933,0
2013-01-06 04:00:00,106.01,0
2013-01-06 04:30:00,102.032,0
2013-01-06 05:00:00,106.983,0
2013-01-06 05:30:00,107.747,0
2013-01-06 06:00:00,117.421,0
2013-01-06 06:30:00,122.029,0
2013-01-06 07:00:00,137.132,0
2013-01-06 07:30:00,153.242,0
2013-01-06 08:00:00,170.553,0
2013-01-06 08:30:00,197.9,0
2013-01-06 09:00:00,215.034,0
2013-01-06 09:30:00,231.264,0
2013-01-06 10:00:00,244.55,0
2013-01-06 10:30:00,249.976,0
2013-01-06 11:00:00,252.737,0
2013-01-06 11:30:00,254.009,0
2013-01-06 12:00:00,272.31,0
2013-01-06 12:30:00,297.892,0
2013-01-06 13:00:00,308.995,0
2013-01-06 13:30:00,307.793,0
2013-01-06 14:00:00,309.176,0
2013-01-06 14:30:00,297.777,0
2013-01-06 15:00:00,292.809,0
2013-01-06 15:30:00,308.374,0
2013-01-06 16:00:00,324.089,0
2013-01-06 16:30:00,350.578,0
2013-01-06 17:00:00,366.526,1
2013-01-06 17:30:00,397.714,1
2013-01-06 18:00:00,397.594,1
2013-01-06 18:30:00,402.889,1
2013-01-06 19:00:00,400.652,1
2013-01-06 19:30:00,394.296,1
2013-01-06 20:00:00,365.428,1
2013-01-06 20:30:00,353.844,0
2013-01-06 21:00:00,335.651,0
2013-01-06 21:30:00,326.802,0
2013-01-06 22:00:00,314.427,0
2013-01-06 22:30:00,299.209,0
2013-01-06 23:00:00,258.884,0
2013-01-06 23:30:00,225.404,0
2013-01-07 00:00:00,189.577,0
2013-01-07 00:30:00,166.403,0
2013-01-07 01:00:00,139.948,0
2013-01-07 01:30:00,121.552,0
2013-01-07 02:00:00,111.373,0
2013-01-07 02:30:00,106.559,0
2013-01-07 03:00:00,101.439,0
2013-01-07 03:30:00,100.776,0
2013-01-07 04:00:00,100.685,0
2013-01-07 04:30:00,103.911,0
2013-01-07 05:00:00,106.503,0
2013-01-07 05:30:00,108.806,0
2013-01-07 06:00:00,120.683,0
2013-01-07 06:30:00,139.414,0
2013-01-07 07:00:00,173.806,0
2013-01-07 07:30:00,206.749,0
2013-01-07 08:00:00,225.25,0
2013-01-07 08:30:00,238.256,0
2013-01-07 09:00:00,236.805,0
2013-01-07 09:30:00,226.914,0
2013-01-07 10:00:00,235.523,0
2013-01-07 10:30:00,237.004,0
2013-01-07 11:00:00,234.08,0
2013-01-07 11:30:00,229.626,0
2013-01-07 12:00:00,231.501,0
2013-01-07 12:30:00,230.672,0
2013-01-07 13:00:00,244.132,0
2013-01-07 13:30:00,249.247,0
2013-01-07 14:00:00,241.038,0
2013-01-07 14:30:00,229.41,0
2013-01-07 15:00:00,227.432,0
2013-01-07 15:30:00,233.48,0
2013-01-07 16:00:00,261.544,0
2013-01-07 16:30:00,287.26,0
2013-01-07 17:00:00,321.001,0
2013-01-07 17:30:00,353.216,0
2013-01-07 18:00:00,354.717,1
2013-01-07 18:30:00,383.614,1
2013-01-07 19:00:00,396.507,1
2013-01-07 19:30:00,382.299,1
2013-01-07 20:00:00,374.209,1
2013-01-07 20:30:00,369.218,1
2013-01-07 21:00:00,343.498,0
2013-01-07 21:30:00,328.503,0
2013-01-07 22:00:00,312.941,0
2013-01-07 22:30:00,298.392,0
2013-01-07 23:00:00,265.678,0
2013-01-07 23:30:00,203.127,0
2013-01-08 00:00:00,165.859,0
2013-01-08 00:30:00,144.117,0
2013-01-08 01:00:00,125.846,0
2013-01-08 01:30:00,113.772,0
2013-01-08 02:00:00,107.502,0
2013-01-08 02:30:00,102.54,0
2013-01-08 03:00:00,101.78,0
2013-01-08 03:30:00,100.055,0
2013-01-08 04:00:00,97.615,0
2013-01-08 04:30:00,97.013,0
2013-01-08 05:00:00,103.707,0
2013-01-08 05:30:00,110.88,0
2013-01-08 06:00:00,124.173,0
2013-01-08 06:30:00,144.125,0
2013-01-08 07:00:00,176.597,0
2013-01-08 07:30:00,211.759,0
2013-01-08 08:00:00,235.595,0
2013-01-08 08:30:00,244.247,0
2013-01-08 09:00:00,223.359,0
2013-01-08 09:30:00,225.618,0
2013-01-08 10:00:00,213.873,0
2013-01-08 10:30:00,213.273,0
2013-01-08 11:00:00,208.135,0
2013-01-08 11:30:00,189.876,0
2013-01-08 12:00:00,196.387,0
2013-01-08 12:30:00,199.424,0
2013-01-08 13:00:00,208.532,0
2013-01-08 13:30:00,212.895,0
2013-01-08 14:00:00,212.443,0
2013-01-08 14:30:00,218.959,0
2013-01-08 15:00:00,223.471,0
2013-01-08 15:30:00,229.247,0
2013-01-08 16:00:00,246.365,0
2013-01-08 16:30:00,282.436,0
2013-01-08 17:00:00,320.478,0
2013-01-08 17:30:00,347.294,0
2013-01-08 18:00:00,361.236,1
2013-01-08 18:30:00,385.009,1
2013-01-08 19:00:00,376.536,1
2013-01-08 19:30:00,381.156,1
2013-01-08 20:00:00,367.191,1
2013-01-08 20:30:00,350.45,0
2013-01-08 21:00:00,327.7,0
2013-01-08 21:30:00,323.252,0
2013-01-08 22:00:00,307.607,0
2013-01-08 22:30:00,292.205,0
2013-01-08 23:00:00,259.793,0
2013-01-08 23:30:00,226.86,0
2013-01-09 00:00:00,187.162,0
2013-01-09 00:30:00,155.043,0
2013-01-09 01:00:00,137.403,0
2013-01-09 01:30:00,119.267,0
2013-01-09 02:00:00,113.597,0
2013-01-09 02:30:00,106.487,0
2013-01-09 03:00:00,102.044,0
2013-01-09 03:30:00,103.445,0
2013-01-09 04:00:00,103.78,0
2013-01-09 04:30:00,100.841,0
2013-01-09 05:00:00,104.723,0
2013-01-09 05:30:00,112.457,0
2013-01-09 06:00:00,123.036,0
2013-01-09 06:30:00,142.037,0
2013-01-09 07:00:00,173.341,0
2013-01-09 07:30:00,216.138,0
2013-01-09 08:00:00,245.528,0
2013-01-09 08:30:00,247.617,0
2013-01-09 09:00:00,241.473,0
2013-01-09 09:30:00,234.898,0
2013-01-09 10:00:00,233.121,0
2013-01-09 10:30:00,227.884,0
2013-01-09 11:00:00,226.606,0
2013-01-09 11:30:00,215.471,0
2013-01-09 12:00:00,214.28,0
2013-01-09 12:30:00,207.12,0
2013-01-09 13:00:00,204.026,0
2013-01-09 13:30:00,211.199,0
2013-01-09 14:00:00,213.742,0
2013-01-09 14:30:00,209.842,0
2013-01-09 15:00:00,203.694,0
2013-01-09 15:30:00,211.906,0
2013-01-09 16:00:00,233.632,0
2013-01-09 16:30:00,264.557,0
2013-01-09 17:00:00,305.744,0
2013-01-09 17:30:00,350.852,0
2013-01-09 18:00:00,361.72,1
2013-01-09 18:30:00,380.834,1
2013-01-09 19:00:00,390.27,1
2013-01-09 19:30:00,387.475,1
2013-01-09 20:00:00,379.747,1
2013-01-09 20:30:00,361.942,1
2013-01-09 21:00:00,349.904,0
2013-01-09 21:30:00,322.434,0
2013-01-09 22:00:00,315.98,0
2013-01-09 22:30:00,302.537,0
2013-01-09 23:00:00,276.312,0
2013-01-09 23:30:00,231.675,0
2013-01-10 00:00:00,193.393,0
2013-01-10 00:30:00,164.156,0
2013-01-10 01:00:00,141.056,0
2013-01-10 01:30:00,126.083,0
2013-01-10 02:00:00,120.47,0
2013-01-10 02:30:00,128.855,0
2013-01-10 03:00:00,129.848,0
2013-01-10 03:30:00,126.246,0
2013-01-10 04:00:00,117.869,0
2013-01-10 04:30:00,117.981,0
2013-01-10 05:00:00,119.324,0
2013-01-10 05:30:00,123.063,0
2013-01-10 06:00:00,127.611,0
2013-01-10 06:30:00,153.327,0
2013-01-10 07:00:00,186.486,0
2013-01-10 07:30:00,226.508,0
2013-01-10 08:00:00,261.089,0
2013-01-10 08:30:00,265.284,0
2013-01-10 09:00:00,250.919,0
2013-01-10 09:30:00,238.473,0
2013-01-10 10:00:00,232.379,0
2013-01-10 10:30:00,228.203,0
2013-01-10 11:00:00,216.096,0
2013-01-10 11:30:00,210.604,0
2013-01-10 12:00:00,224.917,0
2013-01-10 12:30:00,225.112,0
2013-01-10 13:00:00,231.23,0
2013-01-10 13:30:00,228.414,0
2013-01-10 14:00:00,224.523,0
2013-01-10 14:30:00,247.298,0
2013-01-10 15:00:00,245.998,0
2013-01-10 15:30:00,238.618,0
2013-01-10 16:00:00,269.848,0
2013-01-10 16:30:00,328.424,0
2013-01-10 17:00:00,352.753,0
2013-01-10 17:30:00,379.699,1
2013-01-10 18:00:00,394.279,1
2013-01-10 18:30:00,405.589,1
2013-01-10 19:00:00,420.972,1
2013-01-10 19:30:00,405.638,1
2013-01-10 20:00:00,388.889,1
2013-01-10 20:30:00,376.628,1
2013-01-10 21:00:00,369.946,1
2013-01-10 21:30:00,345.453,0
2013-01-10 22:00:00,327.408,0
2013-01-10 22:30:00,312.012,0
2013-01-10 23:00:00,287.676,0
2013-01-10 23:30:00,247.531,0
2013-01-11 00:00:00,207.395,0
2013-01-11 00:30:00,170.412,0
2013-01-11 01:00:00,149.248,0
2013-01-11 01:30:00,132.334,0
2013-01-11 02:00:00,121.155,0
2013-01-11 02:30:00,119.213,0
2013-01-11 03:00:00,115.083,0
2013-01-11 03:30:00,112.207,0
2013-01-11 04:00:00,109.528,0
2013-01-11 04:30:00,111.923,0
2013-01-11 05:00:00,119.27,0
2013-01-11 05:30:00,124.044,0
2013-01-11 06:00:00,134.481,0
2013-01-11 06:30:00,159.501,0
2013-01-11 07:00:00,187.949,0
2013-01-11 07:30:00,222.801,0
2013-01-11 08:00:00,261.556,0
2013-01-11 08:30:00,268.039,0
2013-01-11 09:00:00,259.975,0
2013-01-11 09:30:00,248.509,0
2013-01-11 10:00:00,263.244,0
2013-01-11 10:30:00,246.393,0
2013-01-11 11:00:00,233.874,0
2013-01-11 11:30:00,200.03,0
2013-01-11 12:00:00,199.78,0
2013-01-11 12:30:00,194.779,0
2013-01-11 13:00:00,196.349,0
2013-01-11 13:30:00,193.148,0
2013-01-11 14:00:00,183.523,0
2013-01-11 14:30:00,214.486,0
2013-01-11 15:00:00,220.235,0
2013-01-11 15:30:00,239.929,0
2013-01-11 16:00:00,258.094,0
2013-01-11 16:30:00,296.08,0
2013-01-11 17:00:00,331.668,0
2013-01-11 17:30:00,359.358,1
2013-01-11 18:00:00,393.103,1
2013-01-11 18:30:00,401.817,1
2013-01-11 19:00:00,397.893,1
2013-01-11 19:30:00,401.786,1
2013-01-11 20:00:00,376.152,1
2013-01-11 20:30:00,360.389,1
2013-01-11 21:00:00,346.275,0
2013-01-11 21:30:00,333.957,0
2013-01-11 22:00:00,308.683,0
2013-01-11 22:30:00,314.671,0
2013-01-11 23:00:00,285.754,0
2013-01-11 23:30:00,247.256,0
2013-01-12 00:00:00,213.461,0
2013-01-12 00:30:00,197.792,0
2013-01-12 01:00:00,166.596,0
2013-01-12 01:30:00,148.524,0
2013-01-12 02:00:00,133.937,0
2013-01-12 02:30:00,133.368,0
2013-01-12 03:00:00,125.842,0
2013-01-12 03:30:00,115.978,0
2013-01-12 04:00:00,110.721,0
2013-01-12 04:30:00,110.438,0
2013-01-12 05:00:00,112.72,0
2013-01-12 05:30:00,113.675,0
2013-01-12 06:00:00,122.866,0
2013-01-12 06:30:00,135.206,0
2013-01-12 07:00:00,163.896,0
2013-01-12 07:30:00,183.398,0
2013-01-12 08:00:00,214.161,0
2013-01-12 08:30:00,242.775,0
2013-01-12 09:00:00,259.002,0
2013-01-12 09:30:00,267.26,0
2013-01-12 10:00:00,277.315,0
2013-01-12 10:30:00,277.277,0
2013-01-12 11:00:00,272.863,0
2013-01-12 11:30:00,274.322,0
2013-01-12 12:00:00,288.249,0
2013-01-12 12:30:00,283.608,0
2013-01-12 13:00:00,301.436,0
2013-01-12 13:30:00,303.952,0
2013-01-12 14:00:00,287.236,0
2013-01-12 14:30:00,283.064,0
2013-01-12 15:00:00,279.821,0
2013-01-12 15:30:00,298.692,0
2013-01-12 16:00:00,307.452,0
2013-01-12 16:30:00,331.642,0
2013-01-12 17:00:00,354.808,1
2013-01-12 17:30:00,394.947,1
2013-01-12 18:00:00,402.78,1
2013-01-12 18:30:00,424.311,1
2013-01-12 19:00:00,412.561,1
2013-01-12 19:30:00,399.644,1
2013-01-12 20:00:00,391.211,1
2013-01-12 20:30:00,369.059,1
2013-01-12 21:00:00,350.635,0
2013-01-12 21:30:00,342.332,0
2013-01-12 22:00:00,336.18,0
2013-01-12 22:30:00,317.675,0
2013-01-12 23:00:00,293.952,0
2013-01-12 23:30:00,265.568,0
2013-01-13 00:00:00,231.489,0
2013-01-13 00:30:00,194.634,0
2013-01-13 01:00:00,170.874,0
2013-01-13 01:30:00,153.021,0
2013-01-13 02:00:00,137.218,0
2013-01-13 02:30:00,125.995,0
2013-01-13 03:00:00,125.011,0
2013-01-13 03:30:00,119.335,0
2013-01-13 04:00:00,114.892,0
2013-01-13 04:30:00,114.553,0
2013-01-13 05:00:00,115.731,0
2013-01-13 05:30:00,115.805,0
2013-01-13 06:00:00,119.92,0
2013-01-13 06:30:00,129.434,0
2013-01-13 07:00:00,142.097,0
2013-01-13 07:30:00,160.012,0
2013-01-13 08:00:00,178.464,0
2013-01-13 08:30:00,208.642,0
2013-01-13 09:00:00,223.105,0
2013-01-13 09:30:00,239.83,0
2013-01-13 10:00:00,241.122,0
2013-01-13 10:30:00,250.968,0
2013-01-13 11:00:00,256.343,0
2013-01-13 11:30:00,290.095,0
2013-01-13 12:00:00,308.692,0
2013-01-13 12:30:00,315.36,0
2013-01-13 13:00:00,331.279,0
2013-01-13 13:30:00,328.225,0
2013-01-13 14:00:00,324.585,0
2013-01-13 14:30:00,316.225,0
2013-01-13 15:00:00,315.599,0
2013-01-13 15:30:00,332.027,0
2013-01-13 16:00:00,349.477,0
2013-01-13 16:30:00,371.609,1
2013-01-13 17:00:00,397.054,1
2013-01-13 17:30:00,426.645,1
2013-01-13 18:00:00,445.909,1
2013-01-13 18:30:00,440.197,1
2013-01-13 19:00:00,435.428,1
2013-01-13 19:30:00,427.445,1
2013-01-13 20:00:00,414.698,1
2013-01-13 20:30:00,407.306,1
2013-01-13 21:00:00,397.163,1
2013-01-13 21:30:00,373.775,1
2013-01-13 22:00:00,346.708,0
2013-01-13 22:30:00,326.834,0
2013-01-13 23:00:00,289.297,0
2013-01-13 23:30:00,241.972,0
2013-01-14 00:00:00,196.129,0
2013-01-14 00:30:00,175.44,0
2013-01-14 01:00:00,153.396,0
2013-01-14 01:30:00,139.234,0
2013-01-14 02:00:00,129.821,0
2013-01-14 02:30:00,128.538,0
2013-01-14 03:00:00,121.045,0
2013-01-14 03:30:00,122.609,0
2013-01-14 04:00:00,118.998,0
2013-01-14 04:30:00,120.642,0
2013-01-14 05:00:00,126.324,0
2013-01-14 05:30:00,134.818,0
2013-01-14 06:00:00,144.107,0
2013-01-14 06:30:00,161.219,0
2013-01-14 07:00:00,205.757,0
2013-01-14 07:30:00,250.227,0
2013-01-14 08:00:00,281.728,0
2013-01-14 08:30:00,277.596,0
2013-01-14 09:00:00,265.29,0
2013-01-14 09:30:00,265.721,0
2013-01-14 10:00:00,263.632,0
2013-01-14 10:30:00,271.949,0
2013-01-14 11:00:00,259.005,0
2013-01-14 11:30:00,242.717,0
2013-01-14 12:00:00,252.283,0
2013-01-14 12:30:00,274.249,0
2013-01-14 13:00:00,275.819,0
2013-01-14 13:30:00,272.872,0
2013-01-14 14:00:00,277.387,0
2013-01-14 14:30:00,274.617,0
2013-01-14 15:00:00,278.267,0
2013-01-14 15:30:00,280.784,0
2013-01-14 16:00:00,284.276,0
2013-01-14 16:30:00,317.245,0
2013-01-14 17:00:00,347.17,0
2013-01-14 17:30:00,384.001,1
2013-01-14 18:00:00,400.439,1
2013-01-14 18:30:00,415.822,1
2013-01-14 19:00:00,431.883,1
2013-01-14 19:30:00,427.12,1
2013-01-14 20:00:00,425.487,1
2013-01-14 20:30:00,410.646,1
2013-01-14 21:00:00,399.92,1
2013-01-14 21:30:00,370.568,1
2013-01-14 22:00:00,354.861,1
2013-01-14 22:30:00,332.778,0
2013-01-14 23:00:00,302.497,0
2013-01-14 23:30:00,249.054,0
2013-01-15 00:00:00,205.45,0
2013-01-15 00:30:00,174.055,0
2013-01-15 01:00:00,157.076,0
2013-01-15 01:30:00,140.493,0
2013-01-15 02:00:00,131.579,0
2013-01-15 02:30:00,127.819,0
2013-01-15 03:00:00,124.974,0
2013-01-15 03:30:00,118.279,0
2013-01-15 04:00:00,116.068,0
2013-01-15 04:30:00,119.039,0
2013-01-15 05:00:00,122.944,0
2013-01-15 05:30:00,132.159,0
2013-01-15 06:00:00,144.52,0
2013-01-15 06:30:00,165.295,0
2013-01-15 07:00:00,204.551,0
2013-01-15 07:30:00,247.291,0
2013-01-15 08:00:00,273.639,0
2013-01-15 08:30:00,286.447,0
2013-01-15 09:00:00,283.711,0
2013-01-15 09:30:00,261.897,0
2013-01-15 10:00:00,252.711,0
2013-01-15 10:30:00,258.378,0
2013-01-15 11:00:00,252.303,0
2013-01-15 11:30:00,244.257,0
2013-01-15 12:00:00,242.166,0
2013-01-15 12:30:00,256.28,0
2013-01-15 13:00:00,261.293,0
2013-01-15 13:30:00,271.706,0
2013-01-15 14:00:00,261.209,0
2013-01-15 14:30:00,250.687,0
2013-01-15 15:00:00,248.244,0
2013-01-15 15:30:00,260.467,0
2013-01-15 16:00:00,278.183,0
2013-01-15 16:30:00,309.478,0
2013-01-15 17:00:00,342.923,0
2013-01-15 17:30:00,374.197,1
2013-01-15 18:00:00,399.931,1
2013-01-15 18:30:00,424.398,1
2013-01-15 19:00:00,438.314,1
2013-01-15 19:30:00,427.621,1
2013-01-15 20:00:00,404.991,1
2013-01-15 20:30:00,402.935,1
2013-01-15 21:00:00,392.091,1
2013-01-15 21:30:00,375.929,1
2013-01-15 22:00:00,362.095,1
2013-01-15 22:30:00,344.514,0
2013-01-15 23:00:00,294.318,0
2013-01-15 23:30:00,252.286,0
2013-01-16 00:00:00,207.675,0
2013-01-16 00:30:00,176.887,0
2013-01-16 01:00:00,156.37,0
2013-01-16 01:30:00,142.478,0
2013-01-16 02:00:00,127.844,0
2013-01-16 02:30:00,127.971,0
2013-01-16 03:00:00,124.525,0
2013-01-16 03:30:00,121.388,0
2013-01-16 04:00:00,119.505,0
2013-01-16 04:30:00,121.021,0
2013-01-16 05:00:00,127.884,0
2013-01-16 05:30:00,138.001,0
2013-01-16 06:00:00,148.138,0
2013-01-16 06:30:00,174.251,0
2013-01-16 07:00:00,206.388,0
2013-01-16 07:30:00,249.266,0
2013-01-16 08:00:00,285.683,0
2013-01-16 08:30:00,292.404,0
2013-01-16 09:00:00,284.385,0
2013-01-16 09:30:00,267.155,0
2013-01-16 10:00:00,250.531,0
2013-01-16 10:30:00,248.399,0
2013-01-16 11:00:00,248.835,0
2013-01-16 11:30:00,240.627,0
2013-01-16 12:00:00,249.72,0
2013-01-16 12:30:00,248.274,0
2013-01-16 13:00:00,263.311,0
2013-01-16 13:30:00,270.809,0
2013-01-16 14:00:00,262.243,0
2013-01-16 14:30:00,254.621,0
2013-01-16 15:00:00,257.599,0
2013-01-16 15:30:00,252.672,0
2013-01-16 16:00:00,273.167,0
2013-01-16 16:30:00,298.962,0
2013-01-16 17:00:00,343.139,0
2013-01-16 17:30:00,392.031,1
2013-01-16 18:00:00,414.404,1
2013-01-16 18:30:00,432.44,1
2013-01-16 19:00:00,427.706,1
2013-01-16 19:30:00,429.114,1
2013-01-16 20:00:00,409.788,1
2013-01-16 20:30:00,413.728,1
2013-01-16 21:00:00,401.785,1
2013-01-16 21:30:00,382.338,1
2013-01-16 22:00:00,375.585,1
2013-01-16 22:30:00,356.897,1
2013-01-16 23:00:00,308.679,0
2013-01-16 23:30:00,245.273,0
2013-01-17 00:00:00,213.965,0
2013-01-17 00:30:00,174.825,0
2013-01-17 01:00:00,155.726,0
2013-01-17 01:30:00,135.703,0
2013-01-17 02:00:00,130.993,0
2013-01-17 02:30:00,129.101,0
2013-01-17 03:00:00,125.961,0
2013-01-17 03:30:00,128.205,0
2013-01-17 04:00:00,128.531,0
2013-01-17 04:30:00,124.285,0
2013-01-17 05:00:00,131.559,0
2013-01-17 05:30:00,141.722,0
2013-01-17 06:00:00,155.88,0
2013-01-17 06:30:00,179.534,0
2013-01-17 07:00:00,212.867,0
2013-01-17 07:30:00,257.058,0
2013-01-17 08:00:00,296.788,0
2013-01-17 08:30:00,304.154,0
2013-01-17 09:00:00,275.91,0
2013-01-17 09:30:00,262.53,0
2013-01-17 10:00:00,256.029,0
2013-01-17 10:30:00,250.504,0
2013-01-17 11:00:00,240.073,0
2013-01-17 11:30:00,235.807,0
2013-01-17 12:00:00,242.166,0
2013-01-17 12:30:00,250.964,0
2013-01-17 13:00:00,252.878,0
2013-01-17 13:30:00,244.205,0
2013-01-17 14:00:00,247.576,0
2013-01-17 14:30:00,252.127,0
2013-01-17 15:00:00,254.482,0
2013-01-17 15:30:00,263.77,0
2013-01-17 16:00:00,285.806,0
2013-01-17 16:30:00,317.263,0
2013-01-17 17:00:00,353.968,0
2013-01-17 17:30:00,402.703,1
2013-01-17 18:00:00,409.661,1
2013-01-17 18:30:00,426.489,1
2013-01-17 19:00:00,445.821,1
2013-01-17 19:30:00,454.107,1
2013-01-17 20:00:00,426.614,1
2013-01-17 20:30:00,419.619,1
2013-01-17 21:00:00,406.551,1
2013-01-17 21:30:00,388.856,1
2013-01-17 22:00:00,376.66,1
2013-01-17 22:30:00,356.913,1
2013-01-17 23:00:00,308.015,0
2013-01-17 23:30:00,264.023,0
2013-01-18 00:00:00,221.479,0
2013-01-18 00:30:00,185.374,0
2013-01-18 01:00:00,158.293,0
2013-01-18 01:30:00,142.144,0
2013-01-18 02:00:00,135.402,0
2013-01-18 02:30:00,128.491,0
2013-01-18 03:00:00,126.102,0
2013-01-18 03:30:00,129.889,0
2013-01-18 04:00:00,131.955,0
2013-01-18 04:30:00,126.735,0
2013-01-18 05:00:00,130.713,0
2013-01-18 05:30:00,141.909,0
2013-01-18 06:00:00,154.808,0
2013-01-18 06:30:00,176.235,0
2013-01-18 07:00:00,220.1,0
2013-01-18 07:30:00,255.016,0
2013-01-18 08:00:00,278.845,0
2013-01-18 08:30:00,289.45,0
2013-01-18 09:00:00,290.473,0
2013-01-18 09:30:00,288.708,0
2013-01-18 10:00:00,287.471,0
2013-01-18 10:30:00,280.977,0
2013-01-18 11:00:00,281.558,0
2013-01-18 11:30:00,278.39,0
2013-01-18 12:00:00,285.037,0
2013-01-18 12:30:00,293.679,0
2013-01-18 13:00:00,285.997,0
2013-01-18 13:30:00,296.873,0
2013-01-18 14:00:00,287.207,0
2013-01-18 14:30:00,292.109,0
2013-01-18 15:00:00,299.188,0
2013-01-18 15:30:00,308.517,0
2013-01-18 16:00:00,320.392,0
2013-01-18 16:30:00,354.581,1
2013-01-18 17:00:00,404.724,1
2013-01-18 17:30:00,421.986,1
2013-01-18 18:00:00,427.579,1
2013-01-18 18:30:00,457.741,1
2013-01-18 19:00:00,464.916,1
2013-01-18 19:30:00,452.529,1
2013-01-18 20:00:00,419.576,1
2013-01-18 20:30:00,402.47,1
2013-01-18 21:00:00,374.142,1
2013-01-18 21:30:00,363.376,1
2013-01-18 22:00:00,342.039,0
2013-01-18 22:30:00,338.499,0
2013-01-18 23:00:00,307.205,0
2013-01-18 23:30:00,271.495,0
2013-01-19 00:00:00,233.793,0
2013-01-19 00:30:00,207.981,0
2013-01-19 01:00:00,180.267,0
2013-01-19 01:30:00,160.839,0
2013-01-19 02:00:00,146.967,0
2013-01-19 02:30:00,140.311,0
2013-01-19 03:00:00,131.675,0
2013-01-19 03:30:00,131.524,0
2013-01-19 04:00:00,129.502,0
2013-01-19 04:30:00,127.799,0
2013-01-19 05:00:00,133.366,0
2013-01-19 05:30:00,139.099,0
2013-01-19 06:00:00,148.349,0
2013-01-19 06:30:00,166.59,0
2013-01-19 07:00:00,183.801,0
2013-01-19 07:30:00,199.67,0
2013-01-19 08:00:00,233.085,0
2013-01-19 08:30:00,292.892,0
2013-01-19 09:00:00,320.839,0
2013-01-19 09:30:00,350.848,0
2013-01-19 10:00:00,364.143,1
2013-01-19 10:30:00,367.338,1
2013-01-19 11:00:00,375.387,1
2013-01-19 11:30:00,386.636,1
2013-01-19 12:00:00,377.714,1
2013-01-19 12:30:00,375.736,1
2013-01-19 13:00:00,380.16,1
2013-01-19 13:30:00,387.502,1
2013-01-19 14:00:00,418.919,1
2013-01-19 14:30:00,394.063,1
2013-01-19 15:00:00,392.214,1
2013-01-19 15:30:00,400.112,1
2013-01-19 16:00:00,403.598,1
2013-01-19 16:30:00,423.077,1
2013-01-19 17:00:00,434.335,1
2013-01-19 17:30:00,397.785,1
2013-01-19 18:00:00,411.185,1
2013-01-19 18:30:00,400.059,1
2013-01-19 19:00:00,403.107,1
2013-01-19 19:30:00,403.54,1
2013-01-19 20:00:00,377.547,1
2013-01-19 20:30:00,361.782,1
2013-01-19 21:00:00,348.251,0
2013-01-19 21:30:00,332.822,0
2013-01-19 22:00:00,315.618,0
2013-01-19 22:30:00,304.029,0
2013-01-19 23:00:00,277.581,0
2013-01-19 23:30:00,268.283,0
2013-01-20 00:00:00,238.442,0
2013-01-20 00:30:00,215.676,0
2013-01-20 01:00:00,188.06,0
2013-01-20 01:30:00,165.656,0
2013-01-20 02:00:00,147.372,0
2013-01-20 02:30:00,140.33,0
2013-01-20 03:00:00,135.914,0
2013-01-20 03:30:00,131.825,0
2013-01-20 04:00:00,125.332,0
2013-01-20 04:30:00,124.123,0
2013-01-20 05:00:00,123.638,0
2013-01-20 05:30:00,132.849,0
2013-01-20 06:00:00,140.817,0
2013-01-20 06:30:00,154.909,0
2013-01-20 07:00:00,167.849,0
2013-01-20 07:30:00,187.394,0
2013-01-20 08:00:00,217.07,0
2013-01-20 08:30:00,264.789,0
2013-01-20 09:00:00,293.067,0
2013-01-20 09:30:00,326.828,0
2013-01-20 10:00:00,351.002,0
2013-01-20 10:30:00,356.381,1
2013-01-20 11:00:00,367.859,1
2013-01-20 11:30:00,367.643,1
2013-01-20 12:00:00,375.147,1
2013-01-20 12:30:00,397.853,1
2013-01-20 13:00:00,425.94,1
2013-01-20 13:30:00,423.027,1
2013-01-20 14:00:00,406.306,1
2013-01-20 14:30:00,389.455,1
2013-01-20 15:00:00,389.097,1
2013-01-20 15:30:00,408.451,1
2013-01-20 16:00:00,424.558,1
2013-01-20 16:30:00,419.374,1
2013-01-20 17:00:00,440.915,1
2013-01-20 17:30:00,411.935,1
2013-01-20 18:00:00,418.297,1
2013-01-20 18:30:00,434.653,1
2013-01-20 19:00:00,429.073,1
2013-01-20 19:30:00,411.648,1
2013-01-20 20:00:00,397.784,1
2013-01-20 20:30:00,387.121,1
2013-01-20 21:00:00,371.451,1
2013-01-20 21:30:00,364.547,1
2013-01-20 22:00:00,348.362,0
2013-01-20 22:30:00,320.505,0
2013-01-20 23:00:00,279.504,0
2013-01-20 23:30:00,269.988,0
2013-01-21 00:00:00,241.272,0
2013-01-21 00:30:00,209.082,0
2013-01-21 01:00:00,185.525,0
2013-01-21 01:30:00,159.255,0
2013-01-21 02:00:00,144.291,0
2013-01-21 02:30:00,132.961,0
2013-01-21 03:00:00,131.421,0
2013-01-21 03:30:00,133.041,0
2013-01-21 04:00:00,129.978,0
2013-01-21 04:30:00,128.753,0
2013-01-21 05:00:00,130.034,0
2013-01-21 05:30:00,139.924,0
2013-01-21 06:00:00,147.08,0
2013-01-21 06:30:00,175.464,0
2013-01-21 07:00:00,218.209,0
2013-01-21 07:30:00,250.917,0
2013-01-21 08:00:00,281.307,0
2013-01-21 08:30:00,297.875,0
2013-01-21 09:00:00,296.896,0
2013-01-21 09:30:00,286.493,0
2013-01-21 10:00:00,281.733,0
2013-01-21 10:30:00,278.326,0
2013-01-21 11:00:00,269.737,0
2013-01-21 11:30:00,265.654,0
2013-01-21 12:00:00,272.496,0
2013-01-21 12:30:00,273.559,0
2013-01-21 13:00:00,271.536,0
2013-01-21 13:30:00,273.404,0
2013-01-21 14:00:00,256.403,0
2013-01-21 14:30:00,262.319,0
2013-01-21 15:00:00,272.924,0
2013-01-21 15:30:00,276.634,0
2013-01-21 16:00:00,289.237,0
2013-01-21 16:30:00,317.862,0
2013-01-21 17:00:00,361.728,1
2013-01-21 17:30:00,400.974,1
2013-01-21 18:00:00,426.381,1
2013-01-21 18:30:00,431.597,1
2013-01-21 19:00:00,443.979,1
2013-01-21 19:30:00,443.365,1
2013-01-21 20:00:00,429.403,1
2013-01-21 20:30:00,404.175,1
2013-01-21 21:00:00,401.215,1
2013-01-21 21:30:00,379.827,1
2013-01-21 22:00:00,362.935,1
2013-01-21 22:30:00,336.88,0
2013-01-21 23:00:00,296.958,0
2013-01-21 23:30:00,248.43,0
2013-01-22 00:00:00,220.927,0
2013-01-22 00:30:00,192.983,0
2013-01-22 01:00:00,163.062,0
2013-01-22 01:30:00,147.445,0
2013-01-22 02:00:00,141.812,0
2013-01-22 02:30:00,132.924,0
2013-01-22 03:00:00,130.04,0
2013-01-22 03:30:00,136.268,0
2013-01-22 04:00:00,132.685,0
2013-01-22 04:30:00,132.166,0
2013-01-22 05:00:00,130.727,0
2013-01-22 05:30:00,139.42,0
2013-01-22 06:00:00,156.749,0
2013-01-22 06:30:00,182.127,0
2013-01-22 07:00:00,221.589,0
2013-01-22 07:30:00,252.028,0
2013-01-22 08:00:00,284.495,0
2013-01-22 08:30:00,296.763,0
2013-01-22 09:00:00,290.737,0
2013-01-22 09:30:00,279.939,0
2013-01-22 10:00:00,280.76,0
2013-01-22 10:30:00,277.819,0
2013-01-22 11:00:00,284.691,0
2013-01-22 11:30:00,274.882,0
2013-01-22 12:00:00,280.797,0
2013-01-22 12:30:00,282.628,0
2013-01-22 13:00:00,278.913,0
2013-01-22 13:30:00,276.0,0
2013-01-22 14:00:00,268.024,0
2013-01-22 14:30:00,272.598,0
2013-01-22 15:00:00,271.928,0
2013-01-22 15:30:00,279.65500000000003,0
2013-01-22 16:00:00,294.062,0
2013-01-22 16:30:00,342.117,0
2013-01-22 17:00:00,372.124,1
2013-01-22 17:30:00,388.382,1
2013-01-22 18:00:00,402.002,1
2013-01-22 18:30:00,438.194,1
2013-01-22 19:00:00,442.193,1
2013-01-22 19:30:00,432.699,1
2013-01-22 20:00:00,412.972,1
2013-01-22 20:30:00,413.554,1
2013-01-22 21:00:00,398.479,1
2013-01-22 21:30:00,386.386,1
2013-01-22 22:00:00,364.677,1
2013-01-22 22:30:00,345.322,0
2013-01-22 23:00:00,309.638,0
2013-01-22 23:30:00,268.67,0
2013-01-23 00:00:00,229.937,0
2013-01-23 00:30:00,192.523,0
2013-01-23 01:00:00,165.805,0
2013-01-23 01:30:00,147.378,0
2013-01-23 02:00:00,137.742,0
2013-01-23 02:30:00,131.4,0
2013-01-23 03:00:00,126.793,0
2013-01-23 03:30:00,127.814,0
2013-01-23 04:00:00,129.563,0
2013-01-23 04:30:00,128.222,0
2013-01-23 05:00:00,130.873,0
2013-01-23 05:30:00,137.354,0
2013-01-23 06:00:00,151.455,0
2013-01-23 06:30:00,180.321,0
2013-01-23 07:00:00,218.57,0
2013-01-23 07:30:00,263.63,0
2013-01-23 08:00:00,289.044,0
2013-01-23 08:30:00,298.272,0
2013-01-23 09:00:00,284.378,0
2013-01-23 09:30:00,284.483,0
2013-01-23 10:00:00,276.859,0
2013-01-23 10:30:00,269.53,0
2013-01-23 11:00:00,270.176,0
2013-01-23 11:30:00,257.701,0
2013-01-23 12:00:00,267.818,0
2013-01-23 12:30:00,265.394,0
2013-01-23 13:00:00,276.427,0
2013-01-23 13:30:00,279.78,0
2013-01-23 14:00:00,268.705,0
2013-01-23 14:30:00,275.762,0
2013-01-23 15:00:00,260.991,0
2013-01-23 15:30:00,275.352,0
2013-01-23 16:00:00,290.6,0
2013-01-23 16:30:00,319.262,0
2013-01-23 17:00:00,361.797,1
2013-01-23 17:30:00,388.829,1
2013-01-23 18:00:00,410.649,1
2013-01-23 18:30:00,438.815,1
2013-01-23 19:00:00,438.405,1
2013-01-23 19:30:00,429.381,1
2013-01-23 20:00:00,412.651,1
2013-01-23 20:30:00,398.335,1
2013-01-23 21:00:00,382.413,1
2013-01-23 21:30:00,366.018,1
2013-01-23 22:00:00,361.878,1
2013-01-23 22:30:00,344.204,0
2013-01-23 23:00:00,304.246,0
2013-01-23 23:30:00,262.18,0
2013-01-24 00:00:00,219.079,0
2013-01-24 00:30:00,185.511,0
2013-01-24 01:00:00,161.361,0
2013-01-24 01:30:00,149.945,0
2013-01-24 02:00:00,138.681,0
2013-01-24 02:30:00,131.334,0
2013-01-24 03:00:00,129.238,0
2013-01-24 03:30:00,132.933,0
2013-01-24 04:00:00,130.682,0
2013-01-24 04:30:00,130.409,0
2013-01-24 05:00:00,133.227,0
2013-01-24 05:30:00,139.936,0
2013-01-24 06:00:00,150.689,0
2013-01-24 06:30:00,180.773,0
2013-01-24 07:00:00,212.922,0
2013-01-24 07:30:00,253.905,0
2013-01-24 08:00:00,284.838,0
2013-01-24 08:30:00,303.995,0
2013-01-24 09:00:00,294.945,0
2013-01-24 09:30:00,269.845,0
2013-01-24 10:00:00,277.323,0
2013-01-24 10:30:00,260.641,0
2013-01-24 11:00:00,253.334,0
2013-01-24 11:30:00,257.339,0
2013-01-24 12:00:00,256.147,0
2013-01-24 12:30:00,267.658,0
2013-01-24 13:00:00,261.436,0
2013-01-24 13:30:00,267.476,0
2013-01-24 14:00:00,255.998,0
2013-01-24 14:30:00,256.729,0
2013-01-24 15:00:00,259.135,0
2013-01-24 15:30:00,267.403,0
2013-01-24 16:00:00,283.559,0
2013-01-24 16:30:00,320.639,0
2013-01-24 17:00:00,366.847,1
2013-01-24 17:30:00,393.178,1
2013-01-24 18:00:00,395.633,1
2013-01-24 18:30:00,431.04,1
2013-01-24 19:00:00,434.842,1
2013-01-24 19:30:00,417.897,1
2013-01-24 20:00:00,405.655,1
2013-01-24 20:30:00,394.443,1
2013-01-24 21:00:00,377.066,1
2013-01-24 21:30:00,368.659,1
2013-01-24 22:00:00,358.922,1
2013-01-24 22:30:00,344.765,0
2013-01-24 23:00:00,308.101,0
2013-01-24 23:30:00,271.06,0
2013-01-25 00:00:00,225.897,0
2013-01-25 00:30:00,191.596,0
2013-01-25 01:00:00,164.699,0
2013-01-25 01:30:00,150.463,0
2013-01-25 02:00:00,143.355,0
2013-01-25 02:30:00,138.011,0
2013-01-25 03:00:00,135.514,0
2013-01-25 03:30:00,134.501,0
2013-01-25 04:00:00,133.603,0
2013-01-25 04:30:00,134.768,0
2013-01-25 05:00:00,136.721,0
2013-01-25 05:30:00,149.307,0
2013-01-25 06:00:00,159.046,0
2013-01-25 06:30:00,197.279,0
2013-01-25 07:00:00,227.378,0
2013-01-25 07:30:00,272.416,0
2013-01-25 08:00:00,326.746,0
2013-01-25 08:30:00,345.8,0
2013-01-25 09:00:00,355.559,1
2013-01-25 09:30:00,339.78,0
2013-01-25 10:00:00,351.492,0
2013-01-25 10:30:00,357.201,1
2013-01-25 11:00:00,337.591,0
2013-01-25 11:30:00,305.041,0
2013-01-25 12:00:00,293.998,0
2013-01-25 12:30:00,281.821,0
2013-01-25 13:00:00,283.988,0
2013-01-25 13:30:00,276.495,0
2013-01-25 14:00:00,276.882,0
2013-01-25 14:30:00,271.635,0
2013-01-25 15:00:00,273.848,0
2013-01-25 15:30:00,281.287,0
2013-01-25 16:00:00,288.494,0
2013-01-25 16:30:00,325.199,0
2013-01-25 17:00:00,354.639,1
2013-01-25 17:30:00,380.009,1
2013-01-25 18:00:00,402.91,1
2013-01-25 18:30:00,415.978,1
2013-01-25 19:00:00,428.795,1
2013-01-25 19:30:00,430.488,1
2013-01-25 20:00:00,419.286,1
2013-01-25 20:30:00,402.619,1
2013-01-25 21:00:00,380.849,1
2013-01-25 21:30:00,378.022,1
2013-01-25 22:00:00,364.932,1
2013-01-25 22:30:00,341.801,0
2013-01-25 23:00:00,321.917,0
2013-01-25 23:30:00,282.566,0
2013-01-26 00:00:00,241.2,0
2013-01-26 00:30:00,206.955,0
2013-01-26 01:00:00,179.414,0
2013-01-26 01:30:00,162.886,0
2013-01-26 02:00:00,152.784,0
2013-01-26 02:30:00,144.425,0
2013-01-26 03:00:00,137.487,0
2013-01-26 03:30:00,133.573,0
2013-01-26 04:00:00,134.734,0
2013-01-26 04:30:00,134.394,0
2013-01-26 05:00:00,134.618,0
2013-01-26 05:30:00,135.993,0
2013-01-26 06:00:00,143.026,0
2013-01-26 06:30:00,157.298,0
2013-01-26 07:00:00,175.678,0
2013-01-26 07:30:00,198.917,0
2013-01-26 08:00:00,234.537,0
2013-01-26 08:30:00,259.697,0
2013-01-26 09:00:00,268.007,0
2013-01-26 09:30:00,272.883,0
2013-01-26 10:00:00,284.154,0
2013-01-26 10:30:00,260.916,0
2013-01-26 11:00:00,271.287,0
2013-01-26 11:30:00,266.328,0
2013-01-26 12:00:00,261.478,0
2013-01-26 12:30:00,277.805,0
2013-01-26 13:00:00,277.682,0
2013-01-26 13:30:00,263.02,0
2013-01-26 14:00:00,268.912,0
2013-01-26 14:30:00,259.411,0
2013-01-26 15:00:00,252.114,0
2013-01-26 15:30:00,260.891,0
2013-01-26 16:00:00,277.179,0
2013-01-26 16:30:00,297.517,0
2013-01-26 17:00:00,326.622,0
2013-01-26 17:30:00,376.652,1
2013-01-26 18:00:00,390.686,1
2013-01-26 18:30:00,407.909,1
2013-01-26 19:00:00,412.105,1
2013-01-26 19:30:00,402.41,1
2013-01-26 20:00:00,383.905,1
2013-01-26 20:30:00,363.222,1
2013-01-26 21:00:00,350.791,0
2013-01-26 21:30:00,334.576,0
2013-01-26 22:00:00,330.952,0
2013-01-26 22:30:00,315.531,0
2013-01-26 23:00:00,286.325,0
2013-01-26 23:30:00,257.218,0
2013-01-27 00:00:00,236.795,0
2013-01-27 00:30:00,207.003,0
2013-01-27 01:00:00,176.993,0
2013-01-27 01:30:00,157.962,0
2013-01-27 02:00:00,144.86,0
2013-01-27 02:30:00,135.717,0
2013-01-27 03:00:00,126.532,0
2013-01-27 03:30:00,123.796,0
2013-01-27 04:00:00,121.209,0
2013-01-27 04:30:00,123.01,0
2013-01-27 05:00:00,122.62,0
2013-01-27 05:30:00,125.847,0
2013-01-27 06:00:00,130.753,0
2013-01-27 06:30:00,146.092,0
2013-01-27 07:00:00,157.36,0
2013-01-27 07:30:00,177.82,0
2013-01-27 08:00:00,200.135,0
2013-01-27 08:30:00,230.608,0
2013-01-27 09:00:00,265.931,0
2013-01-27 09:30:00,278.735,0
2013-01-27 10:00:00,270.515,0
2013-01-27 10:30:00,286.621,0
2013-01-27 11:00:00,290.715,0
2013-01-27 11:30:00,282.315,0
2013-01-27 12:00:00,285.579,0
2013-01-27 12:30:00,299.336,0
2013-01-27 13:00:00,308.245,0
2013-01-27 13:30:00,306.723,0
2013-01-27 14:00:00,305.016,0
2013-01-27 14:30:00,294.863,0
2013-01-27 15:00:00,281.328,0
2013-01-27 15:30:00,276.144,0
2013-01-27 16:00:00,294.606,0
2013-01-27 16:30:00,318.219,0
2013-01-27 17:00:00,348.209,0
2013-01-27 17:30:00,367.048,1
2013-01-27 18:00:00,381.967,1
2013-01-27 18:30:00,400.423,1
2013-01-27 19:00:00,391.101,1
2013-01-27 19:30:00,399.447,1
2013-01-27 20:00:00,395.055,1
2013-01-27 20:30:00,378.794,1
2013-01-27 21:00:00,348.556,0
2013-01-27 21:30:00,340.314,0
2013-01-27 22:00:00,328.682,0
2013-01-27 22:30:00,307.762,0
2013-01-27 23:00:00,271.406,0
2013-01-27 23:30:00,231.446,0
2013-01-28 00:00:00,193.802,0
2013-01-28 00:30:00,167.787,0
2013-01-28 01:00:00,147.23,0
2013-01-28 01:30:00,129.994,0
2013-01-28 02:00:00,130.479,0
2013-01-28 02:30:00,119.494,0
2013-01-28 03:00:00,117.889,0
2013-01-28 03:30:00,118.652,0
2013-01-28 04:00:00,117.363,0
2013-01-28 04:30:00,118.572,0
2013-01-28 05:00:00,122.67,0
2013-01-28 05:30:00,128.917,0
2013-01-28 06:00:00,136.162,0
2013-01-28 06:30:00,169.826,0
2013-01-28 07:00:00,206.186,0
2013-01-28 07:30:00,233.599,0
2013-01-28 08:00:00,252.936,0
2013-01-28 08:30:00,254.884,0
2013-01-28 09:00:00,249.978,0
2013-01-28 09:30:00,231.205,0
2013-01-28 10:00:00,226.681,0
2013-01-28 10:30:00,214.526,0
2013-01-28 11:00:00,220.904,0
2013-01-28 11:30:00,279.53,0
2013-01-28 12:00:00,277.177,0
2013-01-28 12:30:00,280.796,0
2013-01-28 13:00:00,293.426,0
2013-01-28 13:30:00,289.619,0
2013-01-28 14:00:00,298.26800000000003,0
2013-01-28 14:30:00,289.405,0
2013-01-28 15:00:00,282.468,0
2013-01-28 15:30:00,295.286,0
2013-01-28 16:00:00,307.803,0
2013-01-28 16:30:00,332.792,0
2013-01-28 17:00:00,356.205,1
2013-01-28 17:30:00,381.433,1
2013-01-28 18:00:00,398.149,1
2013-01-28 18:30:00,411.849,1
2013-01-28 19:00:00,419.958,1
2013-01-28 19:30:00,428.06,1
2013-01-28 20:00:00,403.699,1
2013-01-28 20:30:00,376.269,1
2013-01-28 21:00:00,391.188,1
2013-01-28 21:30:00,376.693,1
2013-01-28 22:00:00,347.185,0
2013-01-28 22:30:00,338.554,0
2013-01-28 23:00:00,288.368,0
2013-01-28 23:30:00,233.547,0
2013-01-29 00:00:00,194.961,0
2013-01-29 00:30:00,166.138,0
2013-01-29 01:00:00,144.564,0
2013-01-29 01:30:00,132.011,0
2013-01-29 02:00:00,120.165,0
2013-01-29 02:30:00,114.526,0
2013-01-29 03:00:00,112.258,0
2013-01-29 03:30:00,112.846,0
2013-01-29 04:00:00,114.728,0
2013-01-29 04:30:00,117.899,0
2013-01-29 05:00:00,119.317,0
2013-01-29 05:30:00,129.728,0
2013-01-29 06:00:00,137.027,0
2013-01-29 06:30:00,167.151,0
2013-01-29 07:00:00,199.458,0
2013-01-29 07:30:00,221.239,0
2013-01-29 08:00:00,238.073,0
2013-01-29 08:30:00,237.936,0
2013-01-29 09:00:00,221.377,0
2013-01-29 09:30:00,207.356,0
2013-01-29 10:00:00,206.944,0
2013-01-29 10:30:00,237.978,0
2013-01-29 11:00:00,237.981,0
2013-01-29 11:30:00,247.999,0
2013-01-29 12:00:00,243.899,0
2013-01-29 12:30:00,253.798,0
2013-01-29 13:00:00,251.12,0
2013-01-29 13:30:00,246.932,0
2013-01-29 14:00:00,250.242,0
2013-01-29 14:30:00,251.429,0
2013-01-29 15:00:00,234.121,0
2013-01-29 15:30:00,246.264,0
2013-01-29 16:00:00,258.72,0
2013-01-29 16:30:00,283.697,0
2013-01-29 17:00:00,323.382,0
2013-01-29 17:30:00,354.438,1
2013-01-29 18:00:00,357.92,1
2013-01-29 18:30:00,381.021,1
2013-01-29 19:00:00,399.042,1
2013-01-29 19:30:00,390.421,1
2013-01-29 20:00:00,361.319,1
2013-01-29 20:30:00,357.84,1
2013-01-29 21:00:00,339.674,0
2013-01-29 21:30:00,340.56,0
2013-01-29 22:00:00,328.4,0
2013-01-29 22:30:00,316.011,0
2013-01-29 23:00:00,274.608,0
2013-01-29 23:30:00,235.474,0
2013-01-30 00:00:00,197.774,0
2013-01-30 00:30:00,169.618,0
2013-01-30 01:00:00,146.076,0
2013-01-30 01:30:00,126.069,0
2013-01-30 02:00:00,119.62,0
2013-01-30 02:30:00,113.51,0
2013-01-30 03:00:00,114.304,0
2013-01-30 03:30:00,114.064,0
2013-01-30 04:00:00,109.569,0
2013-01-30 04:30:00,109.036,0
2013-01-30 05:00:00,112.862,0
2013-01-30 05:30:00,119.712,0
2013-01-30 06:00:00,128.968,0
2013-01-30 06:30:00,152.178,0
2013-01-30 07:00:00,187.35,0
2013-01-30 07:30:00,222.258,0
2013-01-30 08:00:00,240.617,0
2013-01-30 08:30:00,231.958,0
2013-01-30 09:00:00,222.056,0
2013-01-30 09:30:00,214.089,0
2013-01-30 10:00:00,199.806,0
2013-01-30 10:30:00,205.908,0
2013-01-30 11:00:00,194.959,0
2013-01-30 11:30:00,192.628,0
2013-01-30 12:00:00,198.225,0
2013-01-30 12:30:00,207.383,0
2013-01-30 13:00:00,207.295,0
2013-01-30 13:30:00,211.401,0
2013-01-30 14:00:00,201.928,0
2013-01-30 14:30:00,205.288,0
2013-01-30 15:00:00,194.755,0
2013-01-30 15:30:00,205.473,0
2013-01-30 16:00:00,213.16,0
2013-01-30 16:30:00,244.124,0
2013-01-30 17:00:00,273.369,0
2013-01-30 17:30:00,317.996,0
2013-01-30 18:00:00,339.535,0
2013-01-30 18:30:00,374.375,1
2013-01-30 19:00:00,375.461,1
2013-01-30 19:30:00,368.746,1
2013-01-30 20:00:00,355.541,1
2013-01-30 20:30:00,338.498,0
2013-01-30 21:00:00,337.124,0
2013-01-30 21:30:00,332.718,0
2013-01-30 22:00:00,320.227,0
2013-01-30 22:30:00,303.831,0
2013-01-30 23:00:00,269.831,0
2013-01-30 23:30:00,224.195,0
2013-01-31 00:00:00,194.132,0
2013-01-31 00:30:00,167.107,0
2013-01-31 01:00:00,144.969,0
2013-01-31 01:30:00,130.768,0
2013-01-31 02:00:00,123.909,0
2013-01-31 02:30:00,116.615,0
2013-01-31 03:00:00,114.475,0
2013-01-31 03:30:00,116.848,0
2013-01-31 04:00:00,115.175,0
2013-01-31 04:30:00,115.261,0
2013-01-31 05:00:00,117.952,0
2013-01-31 05:30:00,123.969,0
2013-01-31 06:00:00,136.593,0
2013-01-31 06:30:00,164.078,0
2013-01-31 07:00:00,196.649,0
2013-01-31 07:30:00,229.894,0
2013-01-31 08:00:00,244.382,0
2013-01-31 08:30:00,245.338,0
2013-01-31 09:00:00,231.384,0
2013-01-31 09:30:00,215.512,0
2013-01-31 10:00:00,207.085,0
2013-01-31 10:30:00,218.797,0
2013-01-31 11:00:00,213.932,0
2013-01-31 11:30:00,207.179,0
2013-01-31 12:00:00,206.351,0
2013-01-31 12:30:00,215.881,0
2013-01-31 13:00:00,220.56,0
2013-01-31 13:30:00,207.189,0
2013-01-31 14:00:00,202.341,0
2013-01-31 14:30:00,205.348,0
2013-01-31 15:00:00,208.208,0
2013-01-31 15:30:00,202.835,0
2013-01-31 16:00:00,213.997,0
2013-01-31 16:30:00,241.003,0
2013-01-31 17:00:00,274.855,0
2013-01-31 17:30:00,333.445,0
2013-01-31 18:00:00,351.472,0
2013-01-31 18:30:00,369.802,1
2013-01-31 19:00:00,369.928,1
2013-01-31 19:30:00,373.154,1
2013-01-31 20:00:00,361.122,1
2013-01-31 20:30:00,344.867,0
2013-01-31 21:00:00,325.643,0
2013-01-31 21:30:00,320.835,0
2013-01-31 22:00:00,303.599,0
2013-01-31 22:30:00,295.434,0
2013-01-31 23:00:00,262.41,0
2013-01-31 23:30:00,223.877,0
2013-02-01 00:00:00,196.909,0
2013-02-01 00:30:00,169.841,0
2013-02-01 01:00:00,145.866,0
2013-02-01 01:30:00,130.345,0
2013-02-01 02:00:00,125.305,0
2013-02-01 02:30:00,118.808,0
2013-02-01 03:00:00,118.959,0
2013-02-01 03:30:00,116.663,0
2013-02-01 04:00:00,112.014,0
2013-02-01 04:30:00,113.049,0
2013-02-01 05:00:00,116.528,0
2013-02-01 05:30:00,123.529,0
2013-02-01 06:00:00,138.908,0
2013-02-01 06:30:00,160.071,0
2013-02-01 07:00:00,187.894,0
2013-02-01 07:30:00,222.809,0
2013-02-01 08:00:00,242.47,0
2013-02-01 08:30:00,251.896,0
2013-02-01 09:00:00,256.079,0
2013-02-01 09:30:00,253.95,0
2013-02-01 10:00:00,247.125,0
2013-02-01 10:30:00,238.108,0
2013-02-01 11:00:00,227.536,0
2013-02-01 11:30:00,227.328,0
2013-02-01 12:00:00,228.825,0
2013-02-01 12:30:00,230.391,0
2013-02-01 13:00:00,235.845,0
2013-02-01 13:30:00,234.251,0
2013-02-01 14:00:00,224.882,0
2013-02-01 14:30:00,222.717,0
2013-02-01 15:00:00,221.281,0
2013-02-01 15:30:00,215.877,0
2013-02-01 16:00:00,230.291,0
2013-02-01 16:30:00,252.62,0
2013-02-01 17:00:00,284.174,0
2013-02-01 17:30:00,323.011,0
2013-02-01 18:00:00,354.857,1
2013-02-01 18:30:00,374.767,1
2013-02-01 19:00:00,382.072,1
2013-02-01 19:30:00,387.266,1
2013-02-01 20:00:00,367.738,1
2013-02-01 20:30:00,345.407,0
2013-02-01 21:00:00,336.563,0
2013-02-01 21:30:00,335.974,0
2013-02-01 22:00:00,315.024,0
2013-02-01 22:30:00,301.459,0
2013-02-01 23:00:00,271.244,0
2013-02-01 23:30:00,239.12,0
2013-02-02 00:00:00,212.933,0
2013-02-02 00:30:00,183.077,0
2013-02-02 01:00:00,159.382,0
2013-02-02 01:30:00,142.699,0
2013-02-02 02:00:00,133.686,0
2013-02-02 02:30:00,131.295,0
2013-02-02 03:00:00,124.016,0
2013-02-02 03:30:00,123.429,0
2013-02-02 04:00:00,118.045,0
2013-02-02 04:30:00,117.314,0
2013-02-02 05:00:00,119.036,0
2013-02-02 05:30:00,122.17,0
2013-02-02 06:00:00,126.98,0
2013-02-02 06:30:00,136.966,0
2013-02-02 07:00:00,154.859,0
2013-02-02 07:30:00,180.793,0
2013-02-02 08:00:00,223.76,0
2013-02-02 08:30:00,249.706,0
2013-02-02 09:00:00,256.683,0
2013-02-02 09:30:00,267.225,0
2013-02-02 10:00:00,270.021,0
2013-02-02 10:30:00,266.674,0
2013-02-02 11:00:00,259.409,0
2013-02-02 11:30:00,255.052,0
2013-02-02 12:00:00,263.858,0
2013-02-02 12:30:00,285.47,0
2013-02-02 13:00:00,277.903,0
2013-02-02 13:30:00,262.767,0
2013-02-02 14:00:00,278.441,0
2013-02-02 14:30:00,257.749,0
2013-02-02 15:00:00,268.684,0
2013-02-02 15:30:00,269.699,0
2013-02-02 16:00:00,279.363,0
2013-02-02 16:30:00,290.33,0
2013-02-02 17:00:00,316.465,0
2013-02-02 17:30:00,355.803,1
2013-02-02 18:00:00,386.915,1
2013-02-02 18:30:00,390.308,1
2013-02-02 19:00:00,392.28,1
2013-02-02 19:30:00,383.194,1
2013-02-02 20:00:00,364.07,1
2013-02-02 20:30:00,345.864,0
2013-02-02 21:00:00,344.484,0
2013-02-02 21:30:00,330.444,0
2013-02-02 22:00:00,312.041,0
2013-02-02 22:30:00,305.725,0
2013-02-02 23:00:00,282.828,0
2013-02-02 23:30:00,248.668,0
2013-02-03 00:00:00,227.014,0
2013-02-03 00:30:00,198.61,0
2013-02-03 01:00:00,171.669,0
2013-02-03 01:30:00,152.749,0
2013-02-03 02:00:00,140.817,0
2013-02-03 02:30:00,129.572,0
2013-02-03 03:00:00,128.778,0
2013-02-03 03:30:00,120.066,0
2013-02-03 04:00:00,117.916,0
2013-02-03 04:30:00,117.129,0
2013-02-03 05:00:00,118.818,0
2013-02-03 05:30:00,121.06,0
2013-02-03 06:00:00,129.691,0
2013-02-03 06:30:00,138.963,0
2013-02-03 07:00:00,152.809,0
2013-02-03 07:30:00,178.731,0
2013-02-03 08:00:00,210.197,0
2013-02-03 08:30:00,249.873,0
2013-02-03 09:00:00,282.428,0
2013-02-03 09:30:00,280.528,0
2013-02-03 10:00:00,311.255,0
2013-02-03 10:30:00,303.778,0
2013-02-03 11:00:00,291.111,0
2013-02-03 11:30:00,257.254,0
2013-02-03 12:00:00,256.747,0
2013-02-03 12:30:00,263.098,0
2013-02-03 13:00:00,280.933,0
2013-02-03 13:30:00,276.427,0
2013-02-03 14:00:00,276.697,0
2013-02-03 14:30:00,332.948,0
2013-02-03 15:00:00,339.288,0
2013-02-03 15:30:00,331.844,0
2013-02-03 16:00:00,344.36,0
2013-02-03 16:30:00,354.93,1
2013-02-03 17:00:00,371.138,1
2013-02-03 17:30:00,410.403,1
2013-02-03 18:00:00,416.888,1
2013-02-03 18:30:00,413.72,1
2013-02-03 19:00:00,413.231,1
2013-02-03 19:30:00,422.431,1
2013-02-03 20:00:00,394.009,1
2013-02-03 20:30:00,372.968,1
2013-02-03 21:00:00,359.828,1
2013-02-03 21:30:00,347.679,0
2013-02-03 22:00:00,326.066,0
2013-02-03 22:30:00,305.75600000000003,0
2013-02-03 23:00:00,281.984,0
2013-02-03 23:30:00,237.603,0
2013-02-04 00:00:00,194.948,0
2013-02-04 00:30:00,170.698,0
2013-02-04 01:00:00,151.231,0
2013-02-04 01:30:00,143.263,0
2013-02-04 02:00:00,129.75,0
2013-02-04 02:30:00,128.516,0
2013-02-04 03:00:00,123.283,0
2013-02-04 03:30:00,119.996,0
2013-02-04 04:00:00,115.908,0
2013-02-04 04:30:00,121.492,0
2013-02-04 05:00:00,124.22,0
2013-02-04 05:30:00,130.336,0
2013-02-04 06:00:00,139.545,0
2013-02-04 06:30:00,168.081,0
2013-02-04 07:00:00,200.177,0
2013-02-04 07:30:00,227.756,0
2013-02-04 08:00:00,257.963,0
2013-02-04 08:30:00,259.326,0
2013-02-04 09:00:00,247.626,0
2013-02-04 09:30:00,236.442,0
2013-02-04 10:00:00,225.672,0
2013-02-04 10:30:00,225.989,0
2013-02-04 11:00:00,228.286,0
2013-02-04 11:30:00,223.663,0
2013-02-04 12:00:00,222.73,0
2013-02-04 12:30:00,228.33,0
2013-02-04 13:00:00,215.85,0
2013-02-04 13:30:00,211.564,0
2013-02-04 14:00:00,214.575,0
2013-02-04 14:30:00,215.941,0
2013-02-04 15:00:00,216.469,0
2013-02-04 15:30:00,235.151,0
2013-02-04 16:00:00,236.133,0
2013-02-04 16:30:00,264.306,0
2013-02-04 17:00:00,296.317,0
2013-02-04 17:30:00,342.578,0
2013-02-04 18:00:00,361.006,1
2013-02-04 18:30:00,396.81,1
2013-02-04 19:00:00,405.172,1
2013-02-04 19:30:00,398.762,1
2013-02-04 20:00:00,371.539,1
2013-02-04 20:30:00,365.407,1
2013-02-04 21:00:00,352.347,0
2013-02-04 21:30:00,335.994,0
2013-02-04 22:00:00,324.356,0
2013-02-04 22:30:00,309.882,0
2013-02-04 23:00:00,271.605,0
2013-02-04 23:30:00,229.439,0
2013-02-05 00:00:00,194.044,0
2013-02-05 00:30:00,169.632,0
2013-02-05 01:00:00,148.911,0
2013-02-05 01:30:00,136.013,0
2013-02-05 02:00:00,123.047,0
2013-02-05 02:30:00,118.614,0
2013-02-05 03:00:00,117.644,0
2013-02-05 03:30:00,120.191,0
2013-02-05 04:00:00,118.316,0
2013-02-05 04:30:00,119.487,0
2013-02-05 05:00:00,121.628,0
2013-02-05 05:30:00,128.786,0
2013-02-05 06:00:00,144.287,0
2013-02-05 06:30:00,175.8,0
2013-02-05 07:00:00,210.45,0
2013-02-05 07:30:00,230.229,0
2013-02-05 08:00:00,250.025,0
2013-02-05 08:30:00,249.925,0
2013-02-05 09:00:00,242.644,0
2013-02-05 09:30:00,233.304,0
2013-02-05 10:00:00,233.142,0
2013-02-05 10:30:00,236.073,0
2013-02-05 11:00:00,229.17,0
2013-02-05 11:30:00,220.332,0
2013-02-05 12:00:00,220.88,0
2013-02-05 12:30:00,219.149,0
2013-02-05 13:00:00,221.784,0
2013-02-05 13:30:00,223.711,0
2013-02-05 14:00:00,226.033,0
2013-02-05 14:30:00,211.782,0
2013-02-05 15:00:00,208.314,0
2013-02-05 15:30:00,217.174,0
2013-02-05 16:00:00,234.758,0
2013-02-05 16:30:00,267.938,0
2013-02-05 17:00:00,299.176,0
2013-02-05 17:30:00,415.89,1
2013-02-05 18:00:00,438.898,1
2013-02-05 18:30:00,445.888,1
2013-02-05 19:00:00,458.238,1
2013-02-05 19:30:00,457.803,1
2013-02-05 20:00:00,446.926,1
2013-02-05 20:30:00,428.095,1
2013-02-05 21:00:00,403.14,1
2013-02-05 21:30:00,389.713,1
2013-02-05 22:00:00,367.936,1
2013-02-05 22:30:00,352.788,0
2013-02-05 23:00:00,314.925,0
2013-02-05 23:30:00,255.696,0
2013-02-06 00:00:00,212.491,0
2013-02-06 00:30:00,174.991,0
2013-02-06 01:00:00,153.451,0
2013-02-06 01:30:00,138.422,0
2013-02-06 02:00:00,128.394,0
2013-02-06 02:30:00,120.942,0
2013-02-06 03:00:00,119.448,0
2013-02-06 03:30:00,122.398,0
2013-02-06 04:00:00,121.18,0
2013-02-06 04:30:00,122.455,0
2013-02-06 05:00:00,123.698,0
2013-02-06 05:30:00,128.475,0
2013-02-06 06:00:00,146.384,0
2013-02-06 06:30:00,180.657,0
2013-02-06 07:00:00,208.076,0
2013-02-06 07:30:00,251.798,0
2013-02-06 08:00:00,264.304,0
2013-02-06 08:30:00,258.145,0
2013-02-06 09:00:00,256.733,0
2013-02-06 09:30:00,230.954,0
2013-02-06 10:00:00,235.108,0
2013-02-06 10:30:00,229.254,0
2013-02-06 11:00:00,227.123,0
2013-02-06 11:30:00,226.428,0
2013-02-06 12:00:00,226.655,0
2013-02-06 12:30:00,234.298,0
2013-02-06 13:00:00,241.43,0
2013-02-06 13:30:00,237.626,0
2013-02-06 14:00:00,241.792,0
2013-02-06 14:30:00,236.69,0
2013-02-06 15:00:00,236.097,0
2013-02-06 15:30:00,237.409,0
2013-02-06 16:00:00,253.788,0
2013-02-06 16:30:00,292.948,0
2013-02-06 17:00:00,315.301,0
2013-02-06 17:30:00,353.534,0
2013-02-06 18:00:00,381.494,1
2013-02-06 18:30:00,408.77,1
2013-02-06 19:00:00,402.374,1
2013-02-06 19:30:00,414.789,1
2013-02-06 20:00:00,397.387,1
2013-02-06 20:30:00,374.319,1
2013-02-06 21:00:00,367.888,1
2013-02-06 21:30:00,365.969,1
2013-02-06 22:00:00,341.07,0
2013-02-06 22:30:00,311.515,0
2013-02-06 23:00:00,277.15,0
2013-02-06 23:30:00,232.188,0
2013-02-07 00:00:00,205.934,0
2013-02-07 00:30:00,171.551,0
2013-02-07 01:00:00,151.91,0
2013-02-07 01:30:00,143.094,0
2013-02-07 02:00:00,130.035,0
2013-02-07 02:30:00,125.027,0
2013-02-07 03:00:00,121.194,0
2013-02-07 03:30:00,122.532,0
2013-02-07 04:00:00,124.039,0
2013-02-07 04:30:00,122.73,0
2013-02-07 05:00:00,124.998,0
2013-02-07 05:30:00,133.424,0
2013-02-07 06:00:00,153.371,0
2013-02-07 06:30:00,192.319,0
2013-02-07 07:00:00,218.056,0
2013-02-07 07:30:00,262.606,0
2013-02-07 08:00:00,271.402,0
2013-02-07 08:30:00,297.841,0
2013-02-07 09:00:00,289.943,0
2013-02-07 09:30:00,285.664,0
2013-02-07 10:00:00,273.205,0
2013-02-07 10:30:00,272.735,0
2013-02-07 11:00:00,275.743,0
2013-02-07 11:30:00,247.105,0
2013-02-07 12:00:00,247.351,0
2013-02-07 12:30:00,257.675,0
2013-02-07 13:00:00,258.548,0
2013-02-07 13:30:00,251.719,0
2013-02-07 14:00:00,255.17,0
2013-02-07 14:30:00,252.968,0
2013-02-07 15:00:00,254.892,0
2013-02-07 15:30:00,261.61,0
2013-02-07 16:00:00,278.38100000000003,0
2013-02-07 16:30:00,308.523,0
2013-02-07 17:00:00,342.854,0
2013-02-07 17:30:00,381.034,1
2013-02-07 18:00:00,391.5,1
2013-02-07 18:30:00,420.964,1
2013-02-07 19:00:00,428.108,1
2013-02-07 19:30:00,427.036,1
2013-02-07 20:00:00,407.75,1
2013-02-07 20:30:00,398.785,1
2013-02-07 21:00:00,393.654,1
2013-02-07 21:30:00,368.661,1
2013-02-07 22:00:00,350.574,0
2013-02-07 22:30:00,329.387,0
2013-02-07 23:00:00,298.359,0
2013-02-07 23:30:00,258.493,0
2013-02-08 00:00:00,211.301,0
2013-02-08 00:30:00,183.514,0
2013-02-08 01:00:00,165.331,0
2013-02-08 01:30:00,151.227,0
2013-02-08 02:00:00,139.23,0
2013-02-08 02:30:00,129.53,0
2013-02-08 03:00:00,122.282,0
2013-02-08 03:30:00,124.462,0
2013-02-08 04:00:00,127.25,0
2013-02-08 04:30:00,122.382,0
2013-02-08 05:00:00,126.828,0
2013-02-08 05:30:00,135.517,0
2013-02-08 06:00:00,146.795,0
2013-02-08 06:30:00,179.641,0
2013-02-08 07:00:00,204.996,0
2013-02-08 07:30:00,251.807,0
2013-02-08 08:00:00,265.091,0
2013-02-08 08:30:00,277.705,0
2013-02-08 09:00:00,256.082,0
2013-02-08 09:30:00,238.595,0
2013-02-08 10:00:00,228.401,0
2013-02-08 10:30:00,239.124,0
2013-02-08 11:00:00,222.98,0
2013-02-08 11:30:00,218.846,0
2013-02-08 12:00:00,217.068,0
2013-02-08 12:30:00,223.916,0
2013-02-08 13:00:00,228.679,0
2013-02-08 13:30:00,227.082,0
2013-02-08 14:00:00,226.205,0
2013-02-08 14:30:00,226.213,0
2013-02-08 15:00:00,235.871,0
2013-02-08 15:30:00,236.048,0
2013-02-08 16:00:00,248.183,0
2013-02-08 16:30:00,287.645,0
2013-02-08 17:00:00,313.61,0
2013-02-08 17:30:00,348.766,0
2013-02-08 18:00:00,367.696,1
2013-02-08 18:30:00,384.229,1
2013-02-08 19:00:00,386.245,1
2013-02-08 19:30:00,402.382,1
2013-02-08 20:00:00,372.678,1
2013-02-08 20:30:00,349.601,0
2013-02-08 21:00:00,336.912,0
2013-02-08 21:30:00,338.372,0
2013-02-08 22:00:00,320.647,0
2013-02-08 22:30:00,310.723,0
2013-02-08 23:00:00,292.678,0
2013-02-08 23:30:00,249.033,0
2013-02-09 00:00:00,208.072,0
2013-02-09 00:30:00,181.134,0
2013-02-09 01:00:00,166.439,0
2013-02-09 01:30:00,147.107,0
2013-02-09 02:00:00,135.602,0
2013-02-09 02:30:00,131.922,0
2013-02-09 03:00:00,124.871,0
2013-02-09 03:30:00,125.004,0
2013-02-09 04:00:00,121.492,0
2013-02-09 04:30:00,124.142,0
2013-02-09 05:00:00,123.824,0
2013-02-09 05:30:00,127.46,0
2013-02-09 06:00:00,137.045,0
2013-02-09 06:30:00,150.139,0
2013-02-09 07:00:00,167.935,0
2013-02-09 07:30:00,199.898,0
2013-02-09 08:00:00,235.712,0
2013-02-09 08:30:00,261.99,0
2013-02-09 09:00:00,287.088,0
2013-02-09 09:30:00,299.044,0
2013-02-09 10:00:00,293.061,0
2013-02-09 10:30:00,252.461,0
2013-02-09 11:00:00,256.548,0
2013-02-09 11:30:00,256.675,0
2013-02-09 12:00:00,255.761,0
2013-02-09 12:30:00,262.434,0
2013-02-09 13:00:00,251.86,0
2013-02-09 13:30:00,265.222,0
2013-02-09 14:00:00,261.127,0
2013-02-09 14:30:00,314.899,0
2013-02-09 15:00:00,316.814,0
2013-02-09 15:30:00,319.251,0
2013-02-09 16:00:00,325.956,0
2013-02-09 16:30:00,346.694,0
2013-02-09 17:00:00,358.296,1
2013-02-09 17:30:00,385.925,1
2013-02-09 18:00:00,416.111,1
2013-02-09 18:30:00,423.784,1
2013-02-09 19:00:00,429.418,1
2013-02-09 19:30:00,412.304,1
2013-02-09 20:00:00,393.223,1
2013-02-09 20:30:00,381.294,1
2013-02-09 21:00:00,360.648,1
2013-02-09 21:30:00,354.554,1
2013-02-09 22:00:00,333.892,0
2013-02-09 22:30:00,324.898,0
2013-02-09 23:00:00,290.571,0
2013-02-09 23:30:00,259.533,0
2013-02-10 00:00:00,234.152,0
2013-02-10 00:30:00,203.796,0
2013-02-10 01:00:00,180.434,0
2013-02-10 01:30:00,157.797,0
2013-02-10 02:00:00,147.115,0
2013-02-10 02:30:00,136.998,0
2013-02-10 03:00:00,127.896,0
2013-02-10 03:30:00,127.036,0
2013-02-10 04:00:00,121.326,0
2013-02-10 04:30:00,120.459,0
2013-02-10 05:00:00,118.693,0
2013-02-10 05:30:00,121.136,0
2013-02-10 06:00:00,127.199,0
2013-02-10 06:30:00,137.236,0
2013-02-10 07:00:00,153.139,0
2013-02-10 07:30:00,188.11,0
2013-02-10 08:00:00,206.265,0
2013-02-10 08:30:00,237.659,0
2013-02-10 09:00:00,256.279,0
2013-02-10 09:30:00,292.707,0
2013-02-10 10:00:00,285.627,0
2013-02-10 10:30:00,291.326,0
2013-02-10 11:00:00,298.411,0
2013-02-10 11:30:00,298.301,0
2013-02-10 12:00:00,308.119,0
2013-02-10 12:30:00,319.603,0
2013-02-10 13:00:00,333.136,0
2013-02-10 13:30:00,356.12,1
2013-02-10 14:00:00,349.183,0
2013-02-10 14:30:00,340.458,0
2013-02-10 15:00:00,356.8,1
2013-02-10 15:30:00,354.234,1
2013-02-10 16:00:00,366.063,1
2013-02-10 16:30:00,363.325,1
2013-02-10 17:00:00,370.212,1
2013-02-10 17:30:00,401.097,1
2013-02-10 18:00:00,418.729,1
2013-02-10 18:30:00,430.057,1
2013-02-10 19:00:00,426.632,1
2013-02-10 19:30:00,421.111,1
2013-02-10 20:00:00,404.269,1
2013-02-10 20:30:00,387.702,1
2013-02-10 21:00:00,373.628,1
2013-02-10 21:30:00,362.586,1
2013-02-10 22:00:00,344.083,0
2013-02-10 22:30:00,323.021,0
2013-02-10 23:00:00,284.401,0
2013-02-10 23:30:00,250.232,0
2013-02-11 00:00:00,212.01,0
2013-02-11 00:30:00,179.855,0
2013-02-11 01:00:00,159.971,0
2013-02-11 01:30:00,144.278,0
2013-02-11 02:00:00,132.942,0
2013-02-11 02:30:00,126.78,0
2013-02-11 03:00:00,123.286,0
2013-02-11 03:30:00,123.593,0
2013-02-11 04:00:00,126.015,0
2013-02-11 04:30:00,124.378,0
2013-02-11 05:00:00,129.562,0
2013-02-11 05:30:00,137.356,0
2013-02-11 06:00:00,150.767,0
2013-02-11 06:30:00,172.756,0
2013-02-11 07:00:00,215.841,0
2013-02-11 07:30:00,256.835,0
2013-02-11 08:00:00,277.897,0
2013-02-11 08:30:00,292.725,0
2013-02-11 09:00:00,283.026,0
2013-02-11 09:30:00,273.4,0
2013-02-11 10:00:00,271.518,0
2013-02-11 10:30:00,276.689,0
2013-02-11 11:00:00,257.013,0
2013-02-11 11:30:00,258.644,0
2013-02-11 12:00:00,268.198,0
2013-02-11 12:30:00,278.158,0
2013-02-11 13:00:00,275.95,0
2013-02-11 13:30:00,272.597,0
2013-02-11 14:00:00,265.883,0
2013-02-11 14:30:00,268.793,0
2013-02-11 15:00:00,276.281,0
2013-02-11 15:30:00,273.638,0
2013-02-11 16:00:00,281.489,0
2013-02-11 16:30:00,306.557,0
2013-02-11 17:00:00,345.07,0
2013-02-11 17:30:00,344.541,0
2013-02-11 18:00:00,365.241,1
2013-02-11 18:30:00,379.461,1
2013-02-11 19:00:00,379.675,1
2013-02-11 19:30:00,385.879,1
2013-02-11 20:00:00,376.412,1
2013-02-11 20:30:00,401.128,1
2013-02-11 21:00:00,394.49,1
2013-02-11 21:30:00,380.563,1
2013-02-11 22:00:00,364.815,1
2013-02-11 22:30:00,345.451,0
2013-02-11 23:00:00,297.584,0
2013-02-11 23:30:00,260.281,0
2013-02-12 00:00:00,208.683,0
2013-02-12 00:30:00,177.382,0
2013-02-12 01:00:00,156.021,0
2013-02-12 01:30:00,140.008,0
2013-02-12 02:00:00,129.962,0
2013-02-12 02:30:00,129.149,0
2013-02-12 03:00:00,125.876,0
2013-02-12 03:30:00,123.807,0
2013-02-12 04:00:00,121.664,0
2013-02-12 04:30:00,122.773,0
2013-02-12 05:00:00,124.108,0
2013-02-12 05:30:00,134.855,0
2013-02-12 06:00:00,152.109,0
2013-02-12 06:30:00,174.081,0
2013-02-12 07:00:00,217.03,0
2013-02-12 07:30:00,264.289,0
2013-02-12 08:00:00,271.35,0
2013-02-12 08:30:00,285.092,0
2013-02-12 09:00:00,275.467,0
2013-02-12 09:30:00,268.423,0
2013-02-12 10:00:00,269.426,0
2013-02-12 10:30:00,254.623,0
2013-02-12 11:00:00,260.594,0
2013-02-12 11:30:00,251.92,0
2013-02-12 12:00:00,263.118,0
2013-02-12 12:30:00,266.606,0
2013-02-12 13:00:00,270.225,0
2013-02-12 13:30:00,268.714,0
2013-02-12 14:00:00,260.993,0
2013-02-12 14:30:00,266.893,0
2013-02-12 15:00:00,263.411,0
2013-02-12 15:30:00,263.901,0
2013-02-12 16:00:00,283.836,0
2013-02-12 16:30:00,316.696,0
2013-02-12 17:00:00,336.672,0
2013-02-12 17:30:00,364.762,1
2013-02-12 18:00:00,385.833,1
2013-02-12 18:30:00,411.442,1
2013-02-12 19:00:00,427.792,1
2013-02-12 19:30:00,416.73,1
2013-02-12 20:00:00,416.653,1
2013-02-12 20:30:00,399.859,1
2013-02-12 21:00:00,395.121,1
2013-02-12 21:30:00,378.999,1
2013-02-12 22:00:00,360.085,1
2013-02-12 22:30:00,336.365,0
2013-02-12 23:00:00,286.687,0
2013-02-12 23:30:00,255.175,0
2013-02-13 00:00:00,207.318,0
2013-02-13 00:30:00,178.883,0
2013-02-13 01:00:00,154.678,0
2013-02-13 01:30:00,139.118,0
2013-02-13 02:00:00,128.559,0
2013-02-13 02:30:00,126.234,0
2013-02-13 03:00:00,125.653,0
2013-02-13 03:30:00,122.679,0
2013-02-13 04:00:00,124.485,0
2013-02-13 04:30:00,126.075,0
2013-02-13 05:00:00,126.803,0
2013-02-13 05:30:00,136.799,0
2013-02-13 06:00:00,151.631,0
2013-02-13 06:30:00,170.061,0
2013-02-13 07:00:00,204.967,0
2013-02-13 07:30:00,245.615,0
2013-02-13 08:00:00,275.696,0
2013-02-13 08:30:00,265.674,0
2013-02-13 09:00:00,259.69,0
2013-02-13 09:30:00,252.913,0
2013-02-13 10:00:00,242.732,0
2013-02-13 10:30:00,233.289,0
2013-02-13 11:00:00,233.065,0
2013-02-13 11:30:00,229.616,0
2013-02-13 12:00:00,232.422,0
2013-02-13 12:30:00,245.807,0
2013-02-13 13:00:00,246.742,0
2013-02-13 13:30:00,239.505,0
2013-02-13 14:00:00,242.166,0
2013-02-13 14:30:00,240.185,0
2013-02-13 15:00:00,239.625,0
2013-02-13 15:30:00,241.071,0
2013-02-13 16:00:00,264.086,0
2013-02-13 16:30:00,302.021,0
2013-02-13 17:00:00,334.73,0
2013-02-13 17:30:00,363.362,1
2013-02-13 18:00:00,388.827,1
2013-02-13 18:30:00,406.792,1
2013-02-13 19:00:00,411.451,1
2013-02-13 19:30:00,406.493,1
2013-02-13 20:00:00,392.368,1
2013-02-13 20:30:00,376.718,1
2013-02-13 21:00:00,361.968,1
2013-02-13 21:30:00,355.194,1
2013-02-13 22:00:00,347.194,0
2013-02-13 22:30:00,328.483,0
2013-02-13 23:00:00,298.263,0
2013-02-13 23:30:00,256.426,0
2013-02-14 00:00:00,214.617,0
2013-02-14 00:30:00,181.679,0
2013-02-14 01:00:00,156.272,0
2013-02-14 01:30:00,140.027,0
2013-02-14 02:00:00,134.358,0
2013-02-14 02:30:00,130.567,0
2013-02-14 03:00:00,125.824,0
2013-02-14 03:30:00,125.36,0
2013-02-14 04:00:00,124.212,0
2013-02-14 04:30:00,125.673,0
2013-02-14 05:00:00,128.705,0
2013-02-14 05:30:00,138.595,0
2013-02-14 06:00:00,150.204,0
2013-02-14 06:30:00,174.799,0
2013-02-14 07:00:00,200.309,0
2013-02-14 07:30:00,243.13,0
2013-02-14 08:00:00,263.564,0
2013-02-14 08:30:00,271.767,0
2013-02-14 09:00:00,258.523,0
2013-02-14 09:30:00,246.968,0
2013-02-14 10:00:00,241.151,0
2013-02-14 10:30:00,232.338,0
2013-02-14 11:00:00,226.147,0
2013-02-14 11:30:00,221.016,0
2013-02-14 12:00:00,218.929,0
2013-02-14 12:30:00,221.407,0
2013-02-14 13:00:00,228.641,0
2013-02-14 13:30:00,225.649,0
2013-02-14 14:00:00,222.831,0
2013-02-14 14:30:00,218.93,0
2013-02-14 15:00:00,217.621,0
2013-02-14 15:30:00,224.663,0
2013-02-14 16:00:00,232.239,0
2013-02-14 16:30:00,253.766,0
2013-02-14 17:00:00,267.192,0
2013-02-14 17:30:00,308.705,0
2013-02-14 18:00:00,333.317,0
2013-02-14 18:30:00,367.364,1
2013-02-14 19:00:00,389.529,1
2013-02-14 19:30:00,380.639,1
2013-02-14 20:00:00,373.454,1
2013-02-14 20:30:00,367.155,1
2013-02-14 21:00:00,361.026,1
2013-02-14 21:30:00,348.629,0
2013-02-14 22:00:00,330.957,0
2013-02-14 22:30:00,311.113,0
2013-02-14 23:00:00,280.521,0
2013-02-14 23:30:00,231.704,0
2013-02-15 00:00:00,194.144,0
2013-02-15 00:30:00,163.783,0
2013-02-15 01:00:00,153.167,0
2013-02-15 01:30:00,138.963,0
2013-02-15 02:00:00,128.863,0
2013-02-15 02:30:00,125.345,0
2013-02-15 03:00:00,120.348,0
2013-02-15 03:30:00,119.49,0
2013-02-15 04:00:00,117.629,0
2013-02-15 04:30:00,117.172,0
2013-02-15 05:00:00,118.989,0
2013-02-15 05:30:00,124.835,0
2013-02-15 06:00:00,131.477,0
2013-02-15 06:30:00,160.955,0
2013-02-15 07:00:00,186.205,0
2013-02-15 07:30:00,219.418,0
2013-02-15 08:00:00,235.238,0
2013-02-15 08:30:00,253.093,0
2013-02-15 09:00:00,251.231,0
2013-02-15 09:30:00,248.059,0
2013-02-15 10:00:00,247.233,0
2013-02-15 10:30:00,241.809,0
2013-02-15 11:00:00,234.478,0
2013-02-15 11:30:00,222.307,0
2013-02-15 12:00:00,221.291,0
2013-02-15 12:30:00,223.94,0
2013-02-15 13:00:00,233.909,0
2013-02-15 13:30:00,226.396,0
2013-02-15 14:00:00,228.317,0
2013-02-15 14:30:00,234.176,0
2013-02-15 15:00:00,224.358,0
2013-02-15 15:30:00,241.99,0
2013-02-15 16:00:00,250.208,0
2013-02-15 16:30:00,271.879,0
2013-02-15 17:00:00,283.027,0
2013-02-15 17:30:00,315.367,0
2013-02-15 18:00:00,353.86,0
2013-02-15 18:30:00,386.869,1
2013-02-15 19:00:00,395.722,1
2013-02-15 19:30:00,382.503,1
2013-02-15 20:00:00,366.551,1
2013-02-15 20:30:00,365.737,1
2013-02-15 21:00:00,342.866,0
2013-02-15 21:30:00,332.612,0
2013-02-15 22:00:00,310.292,0
2013-02-15 22:30:00,292.791,0
2013-02-15 23:00:00,266.91,0
2013-02-15 23:30:00,232.858,0
2013-02-16 00:00:00,196.81,0
2013-02-16 00:30:00,177.78,0
2013-02-16 01:00:00,160.177,0
2013-02-16 01:30:00,143.237,0
2013-02-16 02:00:00,131.794,0
2013-02-16 02:30:00,126.096,0
2013-02-16 03:00:00,118.704,0
2013-02-16 03:30:00,120.907,0
2013-02-16 04:00:00,117.64,0
2013-02-16 04:30:00,113.992,0
2013-02-16 05:00:00,115.581,0
2013-02-16 05:30:00,115.507,0
2013-02-16 06:00:00,123.705,0
2013-02-16 06:30:00,140.155,0
2013-02-16 07:00:00,161.832,0
2013-02-16 07:30:00,184.708,0
2013-02-16 08:00:00,216.572,0
2013-02-16 08:30:00,234.7,0
2013-02-16 09:00:00,249.178,0
2013-02-16 09:30:00,253.156,0
2013-02-16 10:00:00,252.67,0
2013-02-16 10:30:00,253.815,0
2013-02-16 11:00:00,256.053,0
2013-02-16 11:30:00,239.17,0
2013-02-16 12:00:00,249.761,0
2013-02-16 12:30:00,259.834,0
2013-02-16 13:00:00,257.232,0
2013-02-16 13:30:00,257.249,0
2013-02-16 14:00:00,251.051,0
2013-02-16 14:30:00,244.151,0
2013-02-16 15:00:00,245.533,0
2013-02-16 15:30:00,244.381,0
2013-02-16 16:00:00,237.488,0
2013-02-16 16:30:00,242.666,0
2013-02-16 17:00:00,268.792,0
2013-02-16 17:30:00,316.66,0
2013-02-16 18:00:00,355.109,1
2013-02-16 18:30:00,374.408,1
2013-02-16 19:00:00,377.561,1
2013-02-16 19:30:00,366.846,1
2013-02-16 20:00:00,341.594,0
2013-02-16 20:30:00,325.848,0
2013-02-16 21:00:00,315.849,0
2013-02-16 21:30:00,303.694,0
2013-02-16 22:00:00,288.755,0
2013-02-16 22:30:00,269.79,0
2013-02-16 23:00:00,247.759,0
2013-02-16 23:30:00,226.711,0
2013-02-17 00:00:00,199.177,0
2013-02-17 00:30:00,177.408,0
2013-02-17 01:00:00,157.07,0
2013-02-17 01:30:00,141.761,0
2013-02-17 02:00:00,133.115,0
2013-02-17 02:30:00,127.331,0
2013-02-17 03:00:00,123.946,0
2013-02-17 03:30:00,123.978,0
2013-02-17 04:00:00,120.25,0
2013-02-17 04:30:00,115.194,0
2013-02-17 05:00:00,115.474,0
2013-02-17 05:30:00,117.404,0
2013-02-17 06:00:00,125.752,0
2013-02-17 06:30:00,133.491,0
2013-02-17 07:00:00,157.558,0
2013-02-17 07:30:00,180.162,0
2013-02-17 08:00:00,205.025,0
2013-02-17 08:30:00,230.62,0
2013-02-17 09:00:00,240.597,0
2013-02-17 09:30:00,253.348,0
2013-02-17 10:00:00,263.364,0
2013-02-17 10:30:00,270.215,0
2013-02-17 11:00:00,275.67,0
2013-02-17 11:30:00,264.308,0
2013-02-17 12:00:00,261.592,0
2013-02-17 12:30:00,275.958,0
2013-02-17 13:00:00,283.37,0
2013-02-17 13:30:00,274.135,0
2013-02-17 14:00:00,274.36,0
2013-02-17 14:30:00,264.003,0
2013-02-17 15:00:00,261.606,0
2013-02-17 15:30:00,264.707,0
2013-02-17 16:00:00,266.952,0
2013-02-17 16:30:00,278.491,0
2013-02-17 17:00:00,292.045,0
2013-02-17 17:30:00,331.3,0
2013-02-17 18:00:00,359.355,1
2013-02-17 18:30:00,371.412,1
2013-02-17 19:00:00,394.466,1
2013-02-17 19:30:00,397.831,1
2013-02-17 20:00:00,378.129,1
2013-02-17 20:30:00,353.641,0
2013-02-17 21:00:00,339.611,0
2013-02-17 21:30:00,340.37,0
2013-02-17 22:00:00,318.415,0
2013-02-17 22:30:00,296.843,0
2013-02-17 23:00:00,265.148,0
2013-02-17 23:30:00,218.879,0
2013-02-18 00:00:00,181.664,0
2013-02-18 00:30:00,154.611,0
2013-02-18 01:00:00,143.824,0
2013-02-18 01:30:00,132.067,0
2013-02-18 02:00:00,121.168,0
2013-02-18 02:30:00,117.895,0
2013-02-18 03:00:00,115.242,0
2013-02-18 03:30:00,113.991,0
2013-02-18 04:00:00,111.431,0
2013-02-18 04:30:00,117.878,0
2013-02-18 05:00:00,116.299,0
2013-02-18 05:30:00,122.722,0
2013-02-18 06:00:00,130.232,0
2013-02-18 06:30:00,155.995,0
2013-02-18 07:00:00,182.653,0
2013-02-18 07:30:00,208.547,0
2013-02-18 08:00:00,227.632,0
2013-02-18 08:30:00,246.406,0
2013-02-18 09:00:00,241.898,0
2013-02-18 09:30:00,242.946,0
2013-02-18 10:00:00,241.746,0
2013-02-18 10:30:00,238.446,0
2013-02-18 11:00:00,221.077,0
2013-02-18 11:30:00,212.146,0
2013-02-18 12:00:00,219.341,0
2013-02-18 12:30:00,225.141,0
2013-02-18 13:00:00,224.047,0
2013-02-18 13:30:00,218.258,0
2013-02-18 14:00:00,218.685,0
2013-02-18 14:30:00,208.4,0
2013-02-18 15:00:00,212.999,0
2013-02-18 15:30:00,220.055,0
2013-02-18 16:00:00,220.448,0
2013-02-18 16:30:00,247.868,0
2013-02-18 17:00:00,254.85,0
2013-02-18 17:30:00,299.614,0
2013-02-18 18:00:00,350.67,0
2013-02-18 18:30:00,375.979,1
2013-02-18 19:00:00,382.093,1
2013-02-18 19:30:00,384.277,1
2013-02-18 20:00:00,373.212,1
2013-02-18 20:30:00,364.148,1
2013-02-18 21:00:00,337.856,0
2013-02-18 21:30:00,329.376,0
2013-02-18 22:00:00,310.411,0
2013-02-18 22:30:00,299.83,0
2013-02-18 23:00:00,268.87,0
2013-02-18 23:30:00,223.59,0
2013-02-19 00:00:00,185.886,0
2013-02-19 00:30:00,167.766,0
2013-02-19 01:00:00,144.769,0
2013-02-19 01:30:00,136.698,0
2013-02-19 02:00:00,124.916,0
2013-02-19 02:30:00,119.972,0
2013-02-19 03:00:00,116.597,0
2013-02-19 03:30:00,116.039,0
2013-02-19 04:00:00,118.975,0
2013-02-19 04:30:00,118.787,0
2013-02-19 05:00:00,120.263,0
2013-02-19 05:30:00,131.553,0
2013-02-19 06:00:00,145.071,0
2013-02-19 06:30:00,162.321,0
2013-02-19 07:00:00,186.069,0
2013-02-19 07:30:00,217.319,0
2013-02-19 08:00:00,245.627,0
2013-02-19 08:30:00,261.847,0
2013-02-19 09:00:00,262.053,0
2013-02-19 09:30:00,247.259,0
2013-02-19 10:00:00,242.56,0
2013-02-19 10:30:00,244.657,0
2013-02-19 11:00:00,251.45,0
2013-02-19 11:30:00,231.029,0
2013-02-19 12:00:00,233.063,0
2013-02-19 12:30:00,232.095,0
2013-02-19 13:00:00,226.115,0
2013-02-19 13:30:00,218.96,0
2013-02-19 14:00:00,213.757,0
2013-02-19 14:30:00,212.749,0
2013-02-19 15:00:00,206.229,0
2013-02-19 15:30:00,211.018,0
2013-02-19 16:00:00,209.44,0
2013-02-19 16:30:00,237.72,0
2013-02-19 17:00:00,268.925,0
2013-02-19 17:30:00,307.04,0
2013-02-19 18:00:00,325.068,0
2013-02-19 18:30:00,356.869,1
2013-02-19 19:00:00,372.979,1
2013-02-19 19:30:00,368.324,1
2013-02-19 20:00:00,352.61,0
2013-02-19 20:30:00,341.972,0
2013-02-19 21:00:00,340.414,0
2013-02-19 21:30:00,336.841,0
2013-02-19 22:00:00,311.266,0
2013-02-19 22:30:00,297.329,0
2013-02-19 23:00:00,262.253,0
2013-02-19 23:30:00,230.78,0
2013-02-20 00:00:00,185.514,0
2013-02-20 00:30:00,166.679,0
2013-02-20 01:00:00,144.691,0
2013-02-20 01:30:00,132.811,0
2013-02-20 02:00:00,126.088,0
2013-02-20 02:30:00,123.466,0
2013-02-20 03:00:00,119.55,0
2013-02-20 03:30:00,116.716,0
2013-02-20 04:00:00,118.3,0
2013-02-20 04:30:00,117.206,0
2013-02-20 05:00:00,118.953,0
2013-02-20 05:30:00,128.474,0
2013-02-20 06:00:00,142.273,0
2013-02-20 06:30:00,162.13,0
2013-02-20 07:00:00,194.223,0
2013-02-20 07:30:00,234.119,0
2013-02-20 08:00:00,263.187,0
2013-02-20 08:30:00,284.241,0
2013-02-20 09:00:00,280.182,0
2013-02-20 09:30:00,272.467,0
2013-02-20 10:00:00,277.932,0
2013-02-20 10:30:00,282.861,0
2013-02-20 11:00:00,264.314,0
2013-02-20 11:30:00,270.581,0
2013-02-20 12:00:00,270.651,0
2013-02-20 12:30:00,274.972,0
2013-02-20 13:00:00,264.646,0
2013-02-20 13:30:00,257.476,0
2013-02-20 14:00:00,250.426,0
2013-02-20 14:30:00,246.735,0
2013-02-20 15:00:00,257.759,0
2013-02-20 15:30:00,261.238,0
2013-02-20 16:00:00,256.051,0
2013-02-20 16:30:00,266.00600000000003,0
2013-02-20 17:00:00,273.801,0
2013-02-20 17:30:00,279.758,0
2013-02-20 18:00:00,314.24,0
2013-02-20 18:30:00,342.455,0
2013-02-20 19:00:00,354.66,1
2013-02-20 19:30:00,352.645,0
2013-02-20 20:00:00,344.787,0
2013-02-20 20:30:00,337.678,0
2013-02-20 21:00:00,320.862,0
2013-02-20 21:30:00,313.032,0
2013-02-20 22:00:00,293.086,0
2013-02-20 22:30:00,283.971,0
2013-02-20 23:00:00,259.997,0
2013-02-20 23:30:00,234.083,0
2013-02-21 00:00:00,193.96,0
2013-02-21 00:30:00,181.734,0
2013-02-21 01:00:00,155.78,0
2013-02-21 01:30:00,137.667,0
2013-02-21 02:00:00,130.398,0
2013-02-21 02:30:00,128.501,0
2013-02-21 03:00:00,126.902,0
2013-02-21 03:30:00,124.097,0
2013-02-21 04:00:00,121.502,0
2013-02-21 04:30:00,121.567,0
2013-02-21 05:00:00,121.752,0
2013-02-21 05:30:00,135.432,0
2013-02-21 06:00:00,142.882,0
2013-02-21 06:30:00,164.732,0
2013-02-21 07:00:00,198.657,0
2013-02-21 07:30:00,232.83,0
2013-02-21 08:00:00,250.709,0
2013-02-21 08:30:00,270.753,0
2013-02-21 09:00:00,278.48,0
2013-02-21 09:30:00,270.891,0
2013-02-21 10:00:00,264.146,0
2013-02-21 10:30:00,262.312,0
2013-02-21 11:00:00,264.035,0
2013-02-21 11:30:00,266.201,0
2013-02-21 12:00:00,263.397,0
2013-02-21 12:30:00,259.787,0
2013-02-21 13:00:00,278.309,0
2013-02-21 13:30:00,257.275,0
2013-02-21 14:00:00,273.427,0
2013-02-21 14:30:00,275.595,0
2013-02-21 15:00:00,265.609,0
2013-02-21 15:30:00,280.399,0
2013-02-21 16:00:00,292.787,0
2013-02-21 16:30:00,304.302,0
2013-02-21 17:00:00,322.284,0
2013-02-21 17:30:00,336.746,0
2013-02-21 18:00:00,348.855,0
2013-02-21 18:30:00,357.561,1
2013-02-21 19:00:00,371.925,1
2013-02-21 19:30:00,365.451,1
2013-02-21 20:00:00,358.74,1
2013-02-21 20:30:00,351.368,0
2013-02-21 21:00:00,340.688,0
2013-02-21 21:30:00,326.813,0
2013-02-21 22:00:00,317.456,0
2013-02-21 22:30:00,301.593,0
2013-02-21 23:00:00,263.405,0
2013-02-21 23:30:00,241.078,0
2013-02-22 00:00:00,219.913,0
2013-02-22 00:30:00,189.242,0
2013-02-22 01:00:00,168.579,0
2013-02-22 01:30:00,151.587,0
2013-02-22 02:00:00,139.429,0
2013-02-22 02:30:00,131.561,0
2013-02-22 03:00:00,126.929,0
2013-02-22 03:30:00,126.758,0
2013-02-22 04:00:00,125.398,0
2013-02-22 04:30:00,124.159,0
2013-02-22 05:00:00,131.499,0
2013-02-22 05:30:00,138.343,0
2013-02-22 06:00:00,146.856,0
2013-02-22 06:30:00,162.717,0
2013-02-22 07:00:00,191.381,0
2013-02-22 07:30:00,233.663,0
2013-02-22 08:00:00,242.241,0
2013-02-22 08:30:00,267.661,0
2013-02-22 09:00:00,281.886,0
2013-02-22 09:30:00,278.613,0
2013-02-22 10:00:00,274.362,0
2013-02-22 10:30:00,266.552,0
2013-02-22 11:00:00,279.207,0
2013-02-22 11:30:00,272.12,0
2013-02-22 12:00:00,271.178,0
2013-02-22 12:30:00,271.732,0
2013-02-22 13:00:00,279.71,0
2013-02-22 13:30:00,276.08,0
2013-02-22 14:00:00,263.08,0
2013-02-22 14:30:00,258.882,0
2013-02-22 15:00:00,260.33,0
2013-02-22 15:30:00,278.771,0
2013-02-22 16:00:00,282.751,0
2013-02-22 16:30:00,288.022,0
2013-02-22 17:00:00,308.698,0
2013-02-22 17:30:00,334.217,0
2013-02-22 18:00:00,361.861,1
2013-02-22 18:30:00,378.952,1
2013-02-22 19:00:00,407.657,1
2013-02-22 19:30:00,401.152,1
2013-02-22 20:00:00,387.377,1
2013-02-22 20:30:00,368.599,1
2013-02-22 21:00:00,358.47,1
2013-02-22 21:30:00,339.896,0
2013-02-22 22:00:00,323.966,0
2013-02-22 22:30:00,320.778,0
2013-02-22 23:00:00,296.304,0
2013-02-22 23:30:00,265.103,0
2013-02-23 00:00:00,226.444,0
2013-02-23 00:30:00,196.0,0
2013-02-23 01:00:00,173.161,0
2013-02-23 01:30:00,158.556,0
2013-02-23 02:00:00,148.945,0
2013-02-23 02:30:00,139.595,0
2013-02-23 03:00:00,135.332,0
2013-02-23 03:30:00,136.136,0
2013-02-23 04:00:00,130.222,0
2013-02-23 04:30:00,127.535,0
2013-02-23 05:00:00,130.551,0
2013-02-23 05:30:00,138.26,0
2013-02-23 06:00:00,143.713,0
2013-02-23 06:30:00,152.094,0
2013-02-23 07:00:00,172.371,0
2013-02-23 07:30:00,203.259,0
2013-02-23 08:00:00,225.477,0
2013-02-23 08:30:00,246.824,0
2013-02-23 09:00:00,260.329,0
2013-02-23 09:30:00,260.643,0
2013-02-23 10:00:00,270.022,0
2013-02-23 10:30:00,281.451,0
2013-02-23 11:00:00,282.949,0
2013-02-23 11:30:00,276.617,0
2013-02-23 12:00:00,292.831,0
2013-02-23 12:30:00,300.246,0
2013-02-23 13:00:00,289.105,0
2013-02-23 13:30:00,305.453,0
2013-02-23 14:00:00,299.896,0
2013-02-23 14:30:00,306.812,0
2013-02-23 15:00:00,306.614,0
2013-02-23 15:30:00,316.657,0
2013-02-23 16:00:00,308.832,0
2013-02-23 16:30:00,313.964,0
2013-02-23 17:00:00,336.659,0
2013-02-23 17:30:00,368.453,1
2013-02-23 18:00:00,395.781,1
2013-02-23 18:30:00,405.987,1
2013-02-23 19:00:00,406.026,1
2013-02-23 19:30:00,399.298,1
2013-02-23 20:00:00,393.291,1
2013-02-23 20:30:00,375.472,1
2013-02-23 21:00:00,363.016,1
2013-02-23 21:30:00,351.602,0
2013-02-23 22:00:00,336.013,0
2013-02-23 22:30:00,315.188,0
2013-02-23 23:00:00,287.913,0
2013-02-23 23:30:00,248.262,0
2013-02-24 00:00:00,223.189,0
2013-02-24 00:30:00,198.212,0
2013-02-24 01:00:00,185.36,0
2013-02-24 01:30:00,166.261,0
2013-02-24 02:00:00,148.452,0
2013-02-24 02:30:00,137.132,0
2013-02-24 03:00:00,132.302,0
2013-02-24 03:30:00,131.955,0
2013-02-24 04:00:00,133.691,0
2013-02-24 04:30:00,131.831,0
2013-02-24 05:00:00,131.979,0
2013-02-24 05:30:00,135.528,0
2013-02-24 06:00:00,134.968,0
2013-02-24 06:30:00,148.962,0
2013-02-24 07:00:00,172.618,0
2013-02-24 07:30:00,188.777,0
2013-02-24 08:00:00,208.563,0
2013-02-24 08:30:00,244.25,0
2013-02-24 09:00:00,279.587,0
2013-02-24 09:30:00,300.931,0
2013-02-24 10:00:00,315.7,0
2013-02-24 10:30:00,331.913,0
2013-02-24 11:00:00,333.081,0
2013-02-24 11:30:00,323.819,0
2013-02-24 12:00:00,325.503,0
2013-02-24 12:30:00,333.881,0
2013-02-24 13:00:00,354.436,1
2013-02-24 13:30:00,356.769,1
2013-02-24 14:00:00,359.398,1
2013-02-24 14:30:00,334.76800000000003,0
2013-02-24 15:00:00,320.387,0
2013-02-24 15:30:00,323.444,0
2013-02-24 16:00:00,332.138,0
2013-02-24 16:30:00,345.562,0
2013-02-24 17:00:00,354.701,1
2013-02-24 17:30:00,374.84,1
2013-02-24 18:00:00,395.253,1
2013-02-24 18:30:00,410.44,1
2013-02-24 19:00:00,419.572,1
2013-02-24 19:30:00,420.455,1
2013-02-24 20:00:00,405.177,1
2013-02-24 20:30:00,393.512,1
2013-02-24 21:00:00,385.954,1
2013-02-24 21:30:00,368.998,1
2013-02-24 22:00:00,345.311,0
2013-02-24 22:30:00,324.16,0
2013-02-24 23:00:00,294.375,0
2013-02-24 23:30:00,246.01,0
2013-02-25 00:00:00,206.396,0
2013-02-25 00:30:00,183.973,0
2013-02-25 01:00:00,162.374,0
2013-02-25 01:30:00,148.533,0
2013-02-25 02:00:00,142.179,0
2013-02-25 02:30:00,130.927,0
2013-02-25 03:00:00,125.716,0
2013-02-25 03:30:00,131.922,0
2013-02-25 04:00:00,129.673,0
2013-02-25 04:30:00,126.058,0
2013-02-25 05:00:00,126.543,0
2013-02-25 05:30:00,139.219,0
2013-02-25 06:00:00,148.962,0
2013-02-25 06:30:00,175.287,0
2013-02-25 07:00:00,214.07,0
2013-02-25 07:30:00,247.549,0
2013-02-25 08:00:00,261.915,0
2013-02-25 08:30:00,269.124,0
2013-02-25 09:00:00,263.894,0
2013-02-25 09:30:00,257.536,0
2013-02-25 10:00:00,256.169,0
2013-02-25 10:30:00,259.532,0
2013-02-25 11:00:00,243.41,0
2013-02-25 11:30:00,248.013,0
2013-02-25 12:00:00,250.02,0
2013-02-25 12:30:00,253.947,0
2013-02-25 13:00:00,261.321,0
2013-02-25 13:30:00,276.663,0
2013-02-25 14:00:00,272.88,0
2013-02-25 14:30:00,271.516,0
2013-02-25 15:00:00,267.855,0
2013-02-25 15:30:00,276.165,0
2013-02-25 16:00:00,287.782,0
2013-02-25 16:30:00,322.915,0
2013-02-25 17:00:00,344.58,0
2013-02-25 17:30:00,366.76,1
2013-02-25 18:00:00,387.28,1
2013-02-25 18:30:00,408.84,1
2013-02-25 19:00:00,414.326,1
2013-02-25 19:30:00,398.295,1
2013-02-25 20:00:00,404.165,1
2013-02-25 20:30:00,399.229,1
2013-02-25 21:00:00,374.324,1
2013-02-25 21:30:00,363.859,1
2013-02-25 22:00:00,350.186,0
2013-02-25 22:30:00,320.955,0
2013-02-25 23:00:00,289.485,0
2013-02-25 23:30:00,254.841,0
2013-02-26 00:00:00,212.922,0
2013-02-26 00:30:00,183.418,0
2013-02-26 01:00:00,162.609,0
2013-02-26 01:30:00,148.492,0
2013-02-26 02:00:00,136.656,0
2013-02-26 02:30:00,129.32,0
2013-02-26 03:00:00,125.502,0
2013-02-26 03:30:00,125.854,0
2013-02-26 04:00:00,123.466,0
2013-02-26 04:30:00,126.5,0
2013-02-26 05:00:00,124.824,0
2013-02-26 05:30:00,130.373,0
2013-02-26 06:00:00,134.637,0
2013-02-26 06:30:00,163.02,0
2013-02-26 07:00:00,204.01,0
2013-02-26 07:30:00,233.857,0
2013-02-26 08:00:00,245.418,0
2013-02-26 08:30:00,249.464,0
2013-02-26 09:00:00,243.196,0
2013-02-26 09:30:00,231.089,0
2013-02-26 10:00:00,221.869,0
2013-02-26 10:30:00,220.307,0
2013-02-26 11:00:00,222.711,0
2013-02-26 11:30:00,220.031,0
2013-02-26 12:00:00,225.957,0
2013-02-26 12:30:00,226.418,0
2013-02-26 13:00:00,230.294,0
2013-02-26 13:30:00,226.297,0
2013-02-26 14:00:00,227.84,0
2013-02-26 14:30:00,233.451,0
2013-02-26 15:00:00,219.747,0
2013-02-26 15:30:00,230.612,0
2013-02-26 16:00:00,244.699,0
2013-02-26 16:30:00,259.689,0
2013-02-26 17:00:00,277.917,0
2013-02-26 17:30:00,337.062,0
2013-02-26 18:00:00,377.373,1
2013-02-26 18:30:00,410.694,1
2013-02-26 19:00:00,413.493,1
2013-02-26 19:30:00,409.753,1
2013-02-26 20:00:00,397.954,1
2013-02-26 20:30:00,392.486,1
2013-02-26 21:00:00,375.569,1
2013-02-26 21:30:00,350.598,0
2013-02-26 22:00:00,327.176,0
2013-02-26 22:30:00,310.146,0
2013-02-26 23:00:00,275.906,0
2013-02-26 23:30:00,252.763,0
2013-02-27 00:00:00,212.28,0
2013-02-27 00:30:00,180.331,0
2013-02-27 01:00:00,152.856,0
2013-02-27 01:30:00,139.036,0
2013-02-27 02:00:00,131.504,0
2013-02-27 02:30:00,126.679,0
2013-02-27 03:00:00,125.81,0
2013-02-27 03:30:00,123.591,0
2013-02-27 04:00:00,121.631,0
2013-02-27 04:30:00,120.969,0
2013-02-27 05:00:00,125.531,0
2013-02-27 05:30:00,128.254,0
2013-02-27 06:00:00,143.709,0
2013-02-27 06:30:00,170.483,0
2013-02-27 07:00:00,204.616,0
2013-02-27 07:30:00,239.373,0
2013-02-27 08:00:00,262.765,0
2013-02-27 08:30:00,276.078,0
2013-02-27 09:00:00,259.664,0
2013-02-27 09:30:00,250.652,0
2013-02-27 10:00:00,236.756,0
2013-02-27 10:30:00,238.66,0
2013-02-27 11:00:00,236.274,0
2013-02-27 11:30:00,245.127,0
2013-02-27 12:00:00,236.362,0
2013-02-27 12:30:00,244.401,0
2013-02-27 13:00:00,238.698,0
2013-02-27 13:30:00,238.514,0
2013-02-27 14:00:00,240.481,0
2013-02-27 14:30:00,229.142,0
2013-02-27 15:00:00,217.49,0
2013-02-27 15:30:00,220.694,0
2013-02-27 16:00:00,240.053,0
2013-02-27 16:30:00,256.761,0
2013-02-27 17:00:00,278.619,0
2013-02-27 17:30:00,286.935,0
2013-02-27 18:00:00,306.063,0
2013-02-27 18:30:00,339.51,0
2013-02-27 19:00:00,360.635,1
2013-02-27 19:30:00,361.399,1
2013-02-27 20:00:00,352.805,0
2013-02-27 20:30:00,342.33,0
2013-02-27 21:00:00,335.433,0
2013-02-27 21:30:00,320.618,0
2013-02-27 22:00:00,306.839,0
2013-02-27 22:30:00,297.98,0
2013-02-27 23:00:00,270.766,0
2013-02-27 23:30:00,239.357,0
2013-02-28 00:00:00,200.91,0
2013-02-28 00:30:00,173.915,0
2013-02-28 01:00:00,152.8,0
2013-02-28 01:30:00,138.514,0
2013-02-28 02:00:00,132.402,0
2013-02-28 02:30:00,125.485,0
2013-02-28 03:00:00,120.51,0
2013-02-28 03:30:00,125.608,0
2013-02-28 04:00:00,121.063,0
2013-02-28 04:30:00,121.45,0
2013-02-28 05:00:00,122.773,0
2013-02-28 05:30:00,133.346,0
2013-02-28 06:00:00,144.183,0
2013-02-28 06:30:00,170.346,0
2013-02-28 07:00:00,203.207,0
2013-02-28 07:30:00,237.661,0
2013-02-28 08:00:00,251.935,0
2013-02-28 08:30:00,311.558,0
2013-02-28 09:00:00,313.259,0
2013-02-28 09:30:00,293.062,0
2013-02-28 10:00:00,282.555,0
2013-02-28 10:30:00,288.211,0
2013-02-28 11:00:00,277.06,0
2013-02-28 11:30:00,237.681,0
2013-02-28 12:00:00,235.388,0
2013-02-28 12:30:00,230.44,0
2013-02-28 13:00:00,231.178,0
2013-02-28 13:30:00,238.493,0
2013-02-28 14:00:00,230.833,0
2013-02-28 14:30:00,219.421,0
2013-02-28 15:00:00,210.664,0
2013-02-28 15:30:00,210.536,0
2013-02-28 16:00:00,223.887,0
2013-02-28 16:30:00,241.879,0
2013-02-28 17:00:00,265.173,0
2013-02-28 17:30:00,291.094,0
2013-02-28 18:00:00,339.286,0
2013-02-28 18:30:00,380.275,1
2013-02-28 19:00:00,389.594,1
2013-02-28 19:30:00,390.956,1
2013-02-28 20:00:00,379.643,1
2013-02-28 20:30:00,362.541,1
2013-02-28 21:00:00,355.622,1
2013-02-28 21:30:00,338.488,0
2013-02-28 22:00:00,326.043,0
2013-02-28 22:30:00,308.285,0
2013-02-28 23:00:00,293.166,0
2013-02-28 23:30:00,257.202,0
2013-03-01 00:00:00,221.366,0
2013-03-01 00:30:00,182.024,0
2013-03-01 01:00:00,163.644,0
2013-03-01 01:30:00,145.585,0
2013-03-01 02:00:00,131.164,0
2013-03-01 02:30:00,131.435,0
2013-03-01 03:00:00,127.395,0
2013-03-01 03:30:00,130.504,0
2013-03-01 04:00:00,123.945,0
2013-03-01 04:30:00,123.647,0
2013-03-01 05:00:00,123.413,0
2013-03-01 05:30:00,127.467,0
2013-03-01 06:00:00,142.322,0
2013-03-01 06:30:00,166.487,0
2013-03-01 07:00:00,198.199,0
2013-03-01 07:30:00,225.711,0
2013-03-01 08:00:00,250.706,0
2013-03-01 08:30:00,260.587,0
2013-03-01 09:00:00,255.374,0
2013-03-01 09:30:00,233.697,0
2013-03-01 10:00:00,240.311,0
2013-03-01 10:30:00,237.095,0
2013-03-01 11:00:00,238.718,0
2013-03-01 11:30:00,233.42,0
2013-03-01 12:00:00,240.199,0
2013-03-01 12:30:00,241.707,0
2013-03-01 13:00:00,241.288,0
2013-03-01 13:30:00,235.964,0
2013-03-01 14:00:00,232.769,0
2013-03-01 14:30:00,235.944,0
2013-03-01 15:00:00,231.995,0
2013-03-01 15:30:00,245.04,0
2013-03-01 16:00:00,260.119,0
2013-03-01 16:30:00,283.384,0
2013-03-01 17:00:00,291.65500000000003,0
2013-03-01 17:30:00,317.247,0
2013-03-01 18:00:00,342.825,0
2013-03-01 18:30:00,375.832,1
2013-03-01 19:00:00,393.613,1
2013-03-01 19:30:00,390.569,1
2013-03-01 20:00:00,367.451,1
2013-03-01 20:30:00,351.88,0
2013-03-01 21:00:00,338.062,0
2013-03-01 21:30:00,335.382,0
2013-03-01 22:00:00,319.448,0
2013-03-01 22:30:00,304.366,0
2013-03-01 23:00:00,286.788,0
2013-03-01 23:30:00,279.584,0
2013-03-02 00:00:00,250.149,0
2013-03-02 00:30:00,213.795,0
2013-03-02 01:00:00,179.449,0
2013-03-02 01:30:00,158.601,0
2013-03-02 02:00:00,140.032,0
2013-03-02 02:30:00,138.152,0
2013-03-02 03:00:00,128.79,0
2013-03-02 03:30:00,125.289,0
2013-03-02 04:00:00,119.194,0
2013-03-02 04:30:00,118.106,0
2013-03-02 05:00:00,119.568,0
2013-03-02 05:30:00,122.461,0
2013-03-02 06:00:00,128.895,0
2013-03-02 06:30:00,143.385,0
2013-03-02 07:00:00,163.293,0
2013-03-02 07:30:00,192.315,0
2013-03-02 08:00:00,231.219,0
2013-03-02 08:30:00,251.43,0
2013-03-02 09:00:00,263.419,0
2013-03-02 09:30:00,283.482,0
2013-03-02 10:00:00,284.71,0
2013-03-02 10:30:00,263.327,0
2013-03-02 11:00:00,258.903,0
2013-03-02 11:30:00,262.026,0
2013-03-02 12:00:00,280.799,0
2013-03-02 12:30:00,274.94,0
2013-03-02 13:00:00,266.067,0
2013-03-02 13:30:00,264.541,0
2013-03-02 14:00:00,258.307,0
2013-03-02 14:30:00,246.362,0
2013-03-02 15:00:00,233.224,0
2013-03-02 15:30:00,251.018,0
2013-03-02 16:00:00,239.398,0
2013-03-02 16:30:00,260.709,0
2013-03-02 17:00:00,270.75600000000003,0
2013-03-02 17:30:00,296.183,0
2013-03-02 18:00:00,321.045,0
2013-03-02 18:30:00,386.549,1
2013-03-02 19:00:00,394.97,1
2013-03-02 19:30:00,388.503,1
2013-03-02 20:00:00,382.034,1
2013-03-02 20:30:00,366.518,1
2013-03-02 21:00:00,360.73,1
2013-03-02 21:30:00,335.591,0
2013-03-02 22:00:00,319.057,0
2013-03-02 22:30:00,306.005,0
2013-03-02 23:00:00,282.663,0
2013-03-02 23:30:00,257.554,0
2013-03-03 00:00:00,230.158,0
2013-03-03 00:30:00,188.555,0
2013-03-03 01:00:00,167.409,0
2013-03-03 01:30:00,151.257,0
2013-03-03 02:00:00,140.678,0
2013-03-03 02:30:00,134.649,0
2013-03-03 03:00:00,131.438,0
2013-03-03 03:30:00,125.767,0
2013-03-03 04:00:00,127.095,0
2013-03-03 04:30:00,122.858,0
2013-03-03 05:00:00,125.393,0
2013-03-03 05:30:00,131.862,0
2013-03-03 06:00:00,133.393,0
2013-03-03 06:30:00,142.343,0
2013-03-03 07:00:00,159.315,0
2013-03-03 07:30:00,184.32,0
2013-03-03 08:00:00,208.673,0
2013-03-03 08:30:00,236.569,0
2013-03-03 09:00:00,263.754,0
2013-03-03 09:30:00,279.224,0
2013-03-03 10:00:00,275.842,0
2013-03-03 10:30:00,277.892,0
2013-03-03 11:00:00,272.755,0
2013-03-03 11:30:00,270.051,0
2013-03-03 12:00:00,274.118,0
2013-03-03 12:30:00,283.93,0
2013-03-03 13:00:00,295.984,0
2013-03-03 13:30:00,292.299,0
2013-03-03 14:00:00,292.785,0
2013-03-03 14:30:00,284.613,0
2013-03-03 15:00:00,275.799,0
2013-03-03 15:30:00,273.728,0
2013-03-03 16:00:00,281.487,0
2013-03-03 16:30:00,281.478,0
2013-03-03 17:00:00,294.975,0
2013-03-03 17:30:00,308.041,0
2013-03-03 18:00:00,342.099,0
2013-03-03 18:30:00,387.294,1
2013-03-03 19:00:00,401.585,1
2013-03-03 19:30:00,414.117,1
2013-03-03 20:00:00,389.272,1
2013-03-03 20:30:00,371.433,1
2013-03-03 21:00:00,361.797,1
2013-03-03 21:30:00,355.133,1
2013-03-03 22:00:00,337.40500000000003,0
2013-03-03 22:30:00,306.865,0
2013-03-03 23:00:00,278.607,0
2013-03-03 23:30:00,241.584,0
2013-03-04 00:00:00,210.37,0
2013-03-04 00:30:00,179.004,0
2013-03-04 01:00:00,158.005,0
2013-03-04 01:30:00,137.987,0
2013-03-04 02:00:00,128.899,0
2013-03-04 02:30:00,122.973,0
2013-03-04 03:00:00,119.327,0
2013-03-04 03:30:00,118.419,0
2013-03-04 04:00:00,118.967,0
2013-03-04 04:30:00,116.45,0
2013-03-04 05:00:00,121.637,0
2013-03-04 05:30:00,130.286,0
2013-03-04 06:00:00,136.219,0
2013-03-04 06:30:00,166.547,0
2013-03-04 07:00:00,200.916,0
2013-03-04 07:30:00,229.905,0
2013-03-04 08:00:00,239.832,0
2013-03-04 08:30:00,242.995,0
2013-03-04 09:00:00,239.6,0
2013-03-04 09:30:00,233.978,0
2013-03-04 10:00:00,222.589,0
2013-03-04 10:30:00,223.072,0
2013-03-04 11:00:00,214.25,0
2013-03-04 11:30:00,212.969,0
2013-03-04 12:00:00,211.306,0
2013-03-04 12:30:00,219.198,0
2013-03-04 13:00:00,216.103,0
2013-03-04 13:30:00,221.29,0
2013-03-04 14:00:00,208.527,0
2013-03-04 14:30:00,210.282,0
2013-03-04 15:00:00,205.564,0
2013-03-04 15:30:00,207.722,0
2013-03-04 16:00:00,216.588,0
2013-03-04 16:30:00,230.539,0
2013-03-04 17:00:00,252.362,0
2013-03-04 17:30:00,282.581,0
2013-03-04 18:00:00,334.319,0
2013-03-04 18:30:00,377.016,1
2013-03-04 19:00:00,400.965,1
2013-03-04 19:30:00,386.243,1
2013-03-04 20:00:00,381.291,1
2013-03-04 20:30:00,359.192,1
2013-03-04 21:00:00,352.019,0
2013-03-04 21:30:00,352.458,0
2013-03-04 22:00:00,335.502,0
2013-03-04 22:30:00,314.738,0
2013-03-04 23:00:00,283.085,0
2013-03-04 23:30:00,239.185,0
2013-03-05 00:00:00,201.71,0
2013-03-05 00:30:00,167.34,0
2013-03-05 01:00:00,150.114,0
2013-03-05 01:30:00,136.612,0
2013-03-05 02:00:00,130.756,0
2013-03-05 02:30:00,124.369,0
2013-03-05 03:00:00,120.452,0
2013-03-05 03:30:00,123.11,0
2013-03-05 04:00:00,118.838,0
2013-03-05 04:30:00,120.711,0
2013-03-05 05:00:00,124.479,0
2013-03-05 05:30:00,131.807,0
2013-03-05 06:00:00,144.913,0
2013-03-05 06:30:00,169.995,0
2013-03-05 07:00:00,203.181,0
2013-03-05 07:30:00,230.953,0
2013-03-05 08:00:00,249.453,0
2013-03-05 08:30:00,244.754,0
2013-03-05 09:00:00,239.136,0
2013-03-05 09:30:00,227.38,0
2013-03-05 10:00:00,219.598,0
2013-03-05 10:30:00,212.797,0
2013-03-05 11:00:00,212.172,0
2013-03-05 11:30:00,206.581,0
2013-03-05 12:00:00,199.605,0
2013-03-05 12:30:00,198.508,0
2013-03-05 13:00:00,195.032,0
2013-03-05 13:30:00,202.434,0
2013-03-05 14:00:00,196.818,0
2013-03-05 14:30:00,193.967,0
2013-03-05 15:00:00,186.941,0
2013-03-05 15:30:00,197.703,0
2013-03-05 16:00:00,203.508,0
2013-03-05 16:30:00,218.014,0
2013-03-05 17:00:00,240.379,0
2013-03-05 17:30:00,265.077,0
2013-03-05 18:00:00,292.846,0
2013-03-05 18:30:00,360.608,1
2013-03-05 19:00:00,376.605,1
2013-03-05 19:30:00,370.374,1
2013-03-05 20:00:00,357.752,1
2013-03-05 20:30:00,348.085,0
2013-03-05 21:00:00,351.998,0
2013-03-05 21:30:00,323.213,0
2013-03-05 22:00:00,306.8,0
2013-03-05 22:30:00,296.531,0
2013-03-05 23:00:00,260.82,0
2013-03-05 23:30:00,226.406,0
2013-03-06 00:00:00,194.631,0
2013-03-06 00:30:00,163.148,0
2013-03-06 01:00:00,145.04,0
2013-03-06 01:30:00,131.545,0
2013-03-06 02:00:00,121.422,0
2013-03-06 02:30:00,114.771,0
2013-03-06 03:00:00,113.547,0
2013-03-06 03:30:00,115.333,0
2013-03-06 04:00:00,110.145,0
2013-03-06 04:30:00,109.251,0
2013-03-06 05:00:00,111.203,0
2013-03-06 05:30:00,118.468,0
2013-03-06 06:00:00,130.977,0
2013-03-06 06:30:00,158.628,0
2013-03-06 07:00:00,197.84,0
2013-03-06 07:30:00,226.514,0
2013-03-06 08:00:00,248.102,0
2013-03-06 08:30:00,246.173,0
2013-03-06 09:00:00,224.083,0
2013-03-06 09:30:00,210.592,0
2013-03-06 10:00:00,200.212,0
2013-03-06 10:30:00,200.898,0
2013-03-06 11:00:00,196.722,0
2013-03-06 11:30:00,192.755,0
2013-03-06 12:00:00,198.313,0
2013-03-06 12:30:00,192.595,0
2013-03-06 13:00:00,192.236,0
2013-03-06 13:30:00,195.547,0
2013-03-06 14:00:00,190.604,0
2013-03-06 14:30:00,189.108,0
2013-03-06 15:00:00,189.161,0
2013-03-06 15:30:00,199.379,0
2013-03-06 16:00:00,202.342,0
2013-03-06 16:30:00,231.249,0
2013-03-06 17:00:00,247.567,0
2013-03-06 17:30:00,280.711,0
2013-03-06 18:00:00,314.453,0
2013-03-06 18:30:00,349.138,0
2013-03-06 19:00:00,364.177,1
2013-03-06 19:30:00,349.944,0
2013-03-06 20:00:00,350.072,0
2013-03-06 20:30:00,329.066,0
2013-03-06 21:00:00,323.676,0
2013-03-06 21:30:00,314.016,0
2013-03-06 22:00:00,298.58,0
2013-03-06 22:30:00,281.209,0
2013-03-06 23:00:00,254.107,0
2013-03-06 23:30:00,215.493,0
2013-03-07 00:00:00,183.086,0
2013-03-07 00:30:00,156.216,0
2013-03-07 01:00:00,136.288,0
2013-03-07 01:30:00,125.784,0
2013-03-07 02:00:00,118.522,0
2013-03-07 02:30:00,117.808,0
2013-03-07 03:00:00,112.194,0
2013-03-07 03:30:00,111.288,0
2013-03-07 04:00:00,111.692,0
2013-03-07 04:30:00,112.536,0
2013-03-07 05:00:00,111.806,0
2013-03-07 05:30:00,137.085,0
2013-03-07 06:00:00,159.937,0
2013-03-07 06:30:00,180.764,0
2013-03-07 07:00:00,222.296,0
2013-03-07 07:30:00,261.41,0
2013-03-07 08:00:00,269.406,0
2013-03-07 08:30:00,254.916,0
2013-03-07 09:00:00,235.205,0
2013-03-07 09:30:00,212.366,0
2013-03-07 10:00:00,211.637,0
2013-03-07 10:30:00,206.584,0
2013-03-07 11:00:00,209.876,0
2013-03-07 11:30:00,212.647,0
2013-03-07 12:00:00,216.785,0
2013-03-07 12:30:00,215.598,0
2013-03-07 13:00:00,218.488,0
2013-03-07 13:30:00,206.684,0
2013-03-07 14:00:00,203.693,0
2013-03-07 14:30:00,196.552,0
2013-03-07 15:00:00,205.119,0
2013-03-07 15:30:00,209.76,0
2013-03-07 16:00:00,219.37,0
2013-03-07 16:30:00,250.85,0
2013-03-07 17:00:00,283.594,0
2013-03-07 17:30:00,300.424,0
2013-03-07 18:00:00,319.713,0
2013-03-07 18:30:00,359.992,1
2013-03-07 19:00:00,375.885,1
2013-03-07 19:30:00,370.363,1
2013-03-07 20:00:00,358.192,1
2013-03-07 20:30:00,360.027,1
2013-03-07 21:00:00,334.851,0
2013-03-07 21:30:00,325.843,0
2013-03-07 22:00:00,313.912,0
2013-03-07 22:30:00,308.627,0
2013-03-07 23:00:00,265.822,0
2013-03-07 23:30:00,227.51,0
2013-03-08 00:00:00,199.743,0
2013-03-08 00:30:00,173.845,0
2013-03-08 01:00:00,148.177,0
2013-03-08 01:30:00,128.535,0
2013-03-08 02:00:00,120.962,0
2013-03-08 02:30:00,115.874,0
2013-03-08 03:00:00,112.834,0
2013-03-08 03:30:00,112.798,0
2013-03-08 04:00:00,109.268,0
2013-03-08 04:30:00,110.985,0
2013-03-08 05:00:00,116.081,0
2013-03-08 05:30:00,126.768,0
2013-03-08 06:00:00,136.332,0
2013-03-08 06:30:00,164.391,0
2013-03-08 07:00:00,182.988,0
2013-03-08 07:30:00,205.586,0
2013-03-08 08:00:00,228.64,0
2013-03-08 08:30:00,232.314,0
2013-03-08 09:00:00,237.61,0
2013-03-08 09:30:00,235.255,0
2013-03-08 10:00:00,240.225,0
2013-03-08 10:30:00,220.195,0
2013-03-08 11:00:00,221.197,0
2013-03-08 11:30:00,220.314,0
2013-03-08 12:00:00,215.484,0
2013-03-08 12:30:00,229.736,0
2013-03-08 13:00:00,228.066,0
2013-03-08 13:30:00,223.555,0
2013-03-08 14:00:00,225.69,0
2013-03-08 14:30:00,205.656,0
2013-03-08 15:00:00,199.567,0
2013-03-08 15:30:00,204.975,0
2013-03-08 16:00:00,218.733,0
2013-03-08 16:30:00,244.465,0
2013-03-08 17:00:00,260.19,0
2013-03-08 17:30:00,308.218,0
2013-03-08 18:00:00,332.71,0
2013-03-08 18:30:00,363.465,1
2013-03-08 19:00:00,376.118,1
2013-03-08 19:30:00,376.247,1
2013-03-08 20:00:00,356.401,1
2013-03-08 20:30:00,339.15500000000003,0
2013-03-08 21:00:00,314.493,0
2013-03-08 21:30:00,306.224,0
2013-03-08 22:00:00,294.154,0
2013-03-08 22:30:00,277.588,0
2013-03-08 23:00:00,255.465,0
2013-03-08 23:30:00,229.708,0
2013-03-09 00:00:00,192.806,0
2013-03-09 00:30:00,173.081,0
2013-03-09 01:00:00,152.01,0
2013-03-09 01:30:00,138.38,0
2013-03-09 02:00:00,128.463,0
2013-03-09 02:30:00,118.963,0
2013-03-09 03:00:00,111.431,0
2013-03-09 03:30:00,111.777,0
2013-03-09 04:00:00,113.22,0
2013-03-09 04:30:00,111.223,0
2013-03-09 05:00:00,110.58,0
2013-03-09 05:30:00,117.759,0
2013-03-09 06:00:00,126.767,0
2013-03-09 06:30:00,134.575,0
2013-03-09 07:00:00,152.132,0
2013-03-09 07:30:00,176.345,0
2013-03-09 08:00:00,203.67,0
2013-03-09 08:30:00,231.97,0
2013-03-09 09:00:00,239.766,0
2013-03-09 09:30:00,255.735,0
2013-03-09 10:00:00,262.07,0
2013-03-09 10:30:00,253.156,0
2013-03-09 11:00:00,246.932,0
2013-03-09 11:30:00,247.771,0
2013-03-09 12:00:00,239.529,0
2013-03-09 12:30:00,247.559,0
2013-03-09 13:00:00,253.513,0
2013-03-09 13:30:00,254.123,0
2013-03-09 14:00:00,248.318,0
2013-03-09 14:30:00,246.696,0
2013-03-09 15:00:00,258.578,0
2013-03-09 15:30:00,257.266,0
2013-03-09 16:00:00,273.636,0
2013-03-09 16:30:00,282.072,0
2013-03-09 17:00:00,289.621,0
2013-03-09 17:30:00,304.782,0
2013-03-09 18:00:00,336.346,0
2013-03-09 18:30:00,368.549,1
2013-03-09 19:00:00,368.838,1
2013-03-09 19:30:00,377.99,1
2013-03-09 20:00:00,369.372,1
2013-03-09 20:30:00,357.894,1
2013-03-09 21:00:00,346.3,0
2013-03-09 21:30:00,336.249,0
2013-03-09 22:00:00,324.036,0
2013-03-09 22:30:00,305.527,0
2013-03-09 23:00:00,280.323,0
2013-03-09 23:30:00,250.761,0
2013-03-10 00:00:00,213.606,0
2013-03-10 00:30:00,185.274,0
2013-03-10 01:00:00,161.089,0
2013-03-10 01:30:00,148.797,0
2013-03-10 02:00:00,136.047,0
2013-03-10 02:30:00,132.357,0
2013-03-10 03:00:00,124.6,0
2013-03-10 03:30:00,120.293,0
2013-03-10 04:00:00,114.871,0
2013-03-10 04:30:00,115.054,0
2013-03-10 05:00:00,116.453,0
2013-03-10 05:30:00,118.57,0
2013-03-10 06:00:00,126.691,0
2013-03-10 06:30:00,138.401,0
2013-03-10 07:00:00,152.188,0
2013-03-10 07:30:00,170.986,0
2013-03-10 08:00:00,204.375,0
2013-03-10 08:30:00,233.574,0
2013-03-10 09:00:00,254.738,0
2013-03-10 09:30:00,275.017,0
2013-03-10 10:00:00,285.331,0
2013-03-10 10:30:00,284.461,0
2013-03-10 11:00:00,280.538,0
2013-03-10 11:30:00,289.199,0
2013-03-10 12:00:00,295.241,0
2013-03-10 12:30:00,301.835,0
2013-03-10 13:00:00,314.261,0
2013-03-10 13:30:00,314.746,0
2013-03-10 14:00:00,320.378,0
2013-03-10 14:30:00,317.213,0
2013-03-10 15:00:00,305.655,0
2013-03-10 15:30:00,309.711,0
2013-03-10 16:00:00,313.283,0
2013-03-10 16:30:00,316.525,0
2013-03-10 17:00:00,331.707,0
2013-03-10 17:30:00,348.611,0
2013-03-10 18:00:00,362.954,1
2013-03-10 18:30:00,387.146,1
2013-03-10 19:00:00,406.327,1
2013-03-10 19:30:00,403.219,1
2013-03-10 20:00:00,385.047,1
2013-03-10 20:30:00,376.336,1
2013-03-10 21:00:00,363.767,1
2013-03-10 21:30:00,355.788,1
2013-03-10 22:00:00,338.691,0
2013-03-10 22:30:00,325.141,0
2013-03-10 23:00:00,289.479,0
2013-03-10 23:30:00,245.731,0
2013-03-11 00:00:00,202.24,0
2013-03-11 00:30:00,171.801,0
2013-03-11 01:00:00,159.622,0
2013-03-11 01:30:00,140.017,0
2013-03-11 02:00:00,135.923,0
2013-03-11 02:30:00,129.692,0
2013-03-11 03:00:00,125.736,0
2013-03-11 03:30:00,121.569,0
2013-03-11 04:00:00,121.242,0
2013-03-11 04:30:00,121.542,0
2013-03-11 05:00:00,123.355,0
2013-03-11 05:30:00,132.181,0
2013-03-11 06:00:00,144.268,0
2013-03-11 06:30:00,169.024,0
2013-03-11 07:00:00,213.199,0
2013-03-11 07:30:00,243.155,0
2013-03-11 08:00:00,260.954,0
2013-03-11 08:30:00,263.738,0
2013-03-11 09:00:00,268.917,0
2013-03-11 09:30:00,257.333,0
2013-03-11 10:00:00,257.094,0
2013-03-11 10:30:00,256.684,0
2013-03-11 11:00:00,264.585,0
2013-03-11 11:30:00,269.754,0
2013-03-11 12:00:00,268.268,0
2013-03-11 12:30:00,276.853,0
2013-03-11 13:00:00,282.706,0
2013-03-11 13:30:00,279.836,0
2013-03-11 14:00:00,281.372,0
2013-03-11 14:30:00,278.089,0
2013-03-11 15:00:00,273.705,0
2013-03-11 15:30:00,271.502,0
2013-03-11 16:00:00,289.381,0
2013-03-11 16:30:00,303.412,0
2013-03-11 17:00:00,332.395,0
2013-03-11 17:30:00,365.328,1
2013-03-11 18:00:00,385.947,1
2013-03-11 18:30:00,421.159,1
2013-03-11 19:00:00,436.664,1
2013-03-11 19:30:00,439.335,1
2013-03-11 20:00:00,438.219,1
2013-03-11 20:30:00,422.902,1
2013-03-11 21:00:00,412.735,1
2013-03-11 21:30:00,396.663,1
2013-03-11 22:00:00,369.743,1
2013-03-11 22:30:00,349.492,0
2013-03-11 23:00:00,311.591,0
2013-03-11 23:30:00,264.604,0
2013-03-12 00:00:00,227.883,0
2013-03-12 00:30:00,195.384,0
2013-03-12 01:00:00,172.9,0
2013-03-12 01:30:00,158.681,0
2013-03-12 02:00:00,147.056,0
2013-03-12 02:30:00,140.187,0
2013-03-12 03:00:00,136.745,0
2013-03-12 03:30:00,132.088,0
2013-03-12 04:00:00,134.417,0
2013-03-12 04:30:00,132.979,0
2013-03-12 05:00:00,137.162,0
2013-03-12 05:30:00,147.735,0
2013-03-12 06:00:00,170.02,0
2013-03-12 06:30:00,193.406,0
2013-03-12 07:00:00,222.727,0
2013-03-12 07:30:00,260.697,0
2013-03-12 08:00:00,279.63100000000003,0
2013-03-12 08:30:00,287.465,0
2013-03-12 09:00:00,276.678,0
2013-03-12 09:30:00,287.016,0
2013-03-12 10:00:00,275.671,0
2013-03-12 10:30:00,262.13,0
2013-03-12 11:00:00,262.525,0
2013-03-12 11:30:00,259.473,0
2013-03-12 12:00:00,254.202,0
2013-03-12 12:30:00,266.965,0
2013-03-12 13:00:00,255.887,0
2013-03-12 13:30:00,254.088,0
2013-03-12 14:00:00,242.824,0
2013-03-12 14:30:00,250.918,0
2013-03-12 15:00:00,241.769,0
2013-03-12 15:30:00,253.905,0
2013-03-12 16:00:00,268.904,0
2013-03-12 16:30:00,292.56,0
2013-03-12 17:00:00,296.214,0
2013-03-12 17:30:00,319.929,0
2013-03-12 18:00:00,343.004,0
2013-03-12 18:30:00,383.324,1
2013-03-12 19:00:00,419.569,1
2013-03-12 19:30:00,420.979,1
2013-03-12 20:00:00,423.68,1
2013-03-12 20:30:00,418.575,1
2013-03-12 21:00:00,395.267,1
2013-03-12 21:30:00,380.571,1
2013-03-12 22:00:00,364.865,1
2013-03-12 22:30:00,336.145,0
2013-03-12 23:00:00,306.125,0
2013-03-12 23:30:00,255.315,0
2013-03-13 00:00:00,207.664,0
2013-03-13 00:30:00,183.382,0
2013-03-13 01:00:00,160.872,0
2013-03-13 01:30:00,147.504,0
2013-03-13 02:00:00,140.437,0
2013-03-13 02:30:00,129.722,0
2013-03-13 03:00:00,128.761,0
2013-03-13 03:30:00,128.56,0
2013-03-13 04:00:00,125.888,0
2013-03-13 04:30:00,125.265,0
2013-03-13 05:00:00,127.322,0
2013-03-13 05:30:00,137.183,0
2013-03-13 06:00:00,155.239,0
2013-03-13 06:30:00,185.765,0
2013-03-13 07:00:00,226.759,0
2013-03-13 07:30:00,254.531,0
2013-03-13 08:00:00,265.904,0
2013-03-13 08:30:00,278.596,0
2013-03-13 09:00:00,264.026,0
2013-03-13 09:30:00,246.747,0
2013-03-13 10:00:00,234.443,0
2013-03-13 10:30:00,246.539,0
2013-03-13 11:00:00,229.096,0
2013-03-13 11:30:00,225.453,0
2013-03-13 12:00:00,237.467,0
2013-03-13 12:30:00,234.115,0
2013-03-13 13:00:00,236.355,0
2013-03-13 13:30:00,234.8,0
2013-03-13 14:00:00,228.695,0
2013-03-13 14:30:00,226.58,0
2013-03-13 15:00:00,233.228,0
2013-03-13 15:30:00,237.796,0
2013-03-13 16:00:00,253.544,0
2013-03-13 16:30:00,263.717,0
2013-03-13 17:00:00,277.123,0
2013-03-13 17:30:00,307.108,0
2013-03-13 18:00:00,342.03,0
2013-03-13 18:30:00,391.535,1
2013-03-13 19:00:00,408.79,1
2013-03-13 19:30:00,408.487,1
2013-03-13 20:00:00,400.775,1
2013-03-13 20:30:00,379.979,1
2013-03-13 21:00:00,368.366,1
2013-03-13 21:30:00,366.419,1
2013-03-13 22:00:00,359.46,1
2013-03-13 22:30:00,336.068,0
2013-03-13 23:00:00,296.529,0
2013-03-13 23:30:00,258.675,0
2013-03-14 00:00:00,208.417,0
2013-03-14 00:30:00,177.469,0
2013-03-14 01:00:00,155.613,0
2013-03-14 01:30:00,140.561,0
2013-03-14 02:00:00,138.722,0
2013-03-14 02:30:00,134.751,0
2013-03-14 03:00:00,127.102,0
2013-03-14 03:30:00,124.145,0
2013-03-14 04:00:00,124.408,0
2013-03-14 04:30:00,123.546,0
2013-03-14 05:00:00,128.23,0
2013-03-14 05:30:00,133.188,0
2013-03-14 06:00:00,143.627,0
2013-03-14 06:30:00,173.272,0
2013-03-14 07:00:00,200.724,0
2013-03-14 07:30:00,232.62,0
2013-03-14 08:00:00,234.23,0
2013-03-14 08:30:00,281.238,0
2013-03-14 09:00:00,268.128,0
2013-03-14 09:30:00,258.58,0
2013-03-14 10:00:00,245.58,0
2013-03-14 10:30:00,242.8,0
2013-03-14 11:00:00,226.433,0
2013-03-14 11:30:00,216.447,0
2013-03-14 12:00:00,218.961,0
2013-03-14 12:30:00,225.956,0
2013-03-14 13:00:00,218.185,0
2013-03-14 13:30:00,219.883,0
2013-03-14 14:00:00,220.579,0
2013-03-14 14:30:00,220.023,0
2013-03-14 15:00:00,220.66,0
2013-03-14 15:30:00,218.435,0
2013-03-14 16:00:00,230.424,0
2013-03-14 16:30:00,257.384,0
2013-03-14 17:00:00,275.939,0
2013-03-14 17:30:00,309.176,0
2013-03-14 18:00:00,327.829,0
2013-03-14 18:30:00,379.997,1
2013-03-14 19:00:00,398.433,1
2013-03-14 19:30:00,404.886,1
2013-03-14 20:00:00,385.406,1
2013-03-14 20:30:00,375.326,1
2013-03-14 21:00:00,360.209,1
2013-03-14 21:30:00,353.066,0
2013-03-14 22:00:00,331.541,0
2013-03-14 22:30:00,312.208,0
2013-03-14 23:00:00,276.502,0
2013-03-14 23:30:00,244.821,0
2013-03-15 00:00:00,214.107,0
2013-03-15 00:30:00,180.055,0
2013-03-15 01:00:00,155.926,0
2013-03-15 01:30:00,141.306,0
2013-03-15 02:00:00,131.394,0
2013-03-15 02:30:00,131.349,0
2013-03-15 03:00:00,127.149,0
2013-03-15 03:30:00,124.668,0
2013-03-15 04:00:00,120.33,0
2013-03-15 04:30:00,122.692,0
2013-03-15 05:00:00,121.732,0
2013-03-15 05:30:00,129.094,0
2013-03-15 06:00:00,139.309,0
2013-03-15 06:30:00,169.247,0
2013-03-15 07:00:00,197.22,0
2013-03-15 07:30:00,235.471,0
2013-03-15 08:00:00,253.579,0
2013-03-15 08:30:00,260.517,0
2013-03-15 09:00:00,251.788,0
2013-03-15 09:30:00,241.362,0
2013-03-15 10:00:00,229.154,0
2013-03-15 10:30:00,231.607,0
2013-03-15 11:00:00,235.308,0
2013-03-15 11:30:00,232.946,0
2013-03-15 12:00:00,239.597,0
2013-03-15 12:30:00,242.971,0
2013-03-15 13:00:00,227.932,0
2013-03-15 13:30:00,222.387,0
2013-03-15 14:00:00,223.399,0
2013-03-15 14:30:00,217.141,0
2013-03-15 15:00:00,212.665,0
2013-03-15 15:30:00,225.395,0
2013-03-15 16:00:00,237.036,0
2013-03-15 16:30:00,264.516,0
2013-03-15 17:00:00,274.858,0
2013-03-15 17:30:00,297.542,0
2013-03-15 18:00:00,332.107,0
2013-03-15 18:30:00,364.883,1
2013-03-15 19:00:00,389.814,1
2013-03-15 19:30:00,388.272,1
2013-03-15 20:00:00,358.475,1
2013-03-15 20:30:00,347.948,0
2013-03-15 21:00:00,340.585,0
2013-03-15 21:30:00,332.609,0
2013-03-15 22:00:00,315.481,0
2013-03-15 22:30:00,292.997,0
2013-03-15 23:00:00,270.789,0
2013-03-15 23:30:00,245.197,0
2013-03-16 00:00:00,208.979,0
2013-03-16 00:30:00,180.012,0
2013-03-16 01:00:00,153.841,0
2013-03-16 01:30:00,147.125,0
2013-03-16 02:00:00,135.315,0
2013-03-16 02:30:00,129.965,0
2013-03-16 03:00:00,128.66,0
2013-03-16 03:30:00,125.918,0
2013-03-16 04:00:00,122.365,0
2013-03-16 04:30:00,122.266,0
2013-03-16 05:00:00,116.08,0
2013-03-16 05:30:00,126.498,0
2013-03-16 06:00:00,139.726,0
2013-03-16 06:30:00,151.537,0
2013-03-16 07:00:00,180.791,0
2013-03-16 07:30:00,216.93,0
2013-03-16 08:00:00,251.387,0
2013-03-16 08:30:00,272.083,0
2013-03-16 09:00:00,288.772,0
2013-03-16 09:30:00,292.21,0
2013-03-16 10:00:00,294.02,0
2013-03-16 10:30:00,301.239,0
2013-03-16 11:00:00,300.353,0
2013-03-16 11:30:00,296.467,0
2013-03-16 12:00:00,296.409,0
2013-03-16 12:30:00,309.097,0
2013-03-16 13:00:00,303.103,0
2013-03-16 13:30:00,306.967,0
2013-03-16 14:00:00,292.0,0
2013-03-16 14:30:00,290.639,0
2013-03-16 15:00:00,292.045,0
2013-03-16 15:30:00,281.729,0
2013-03-16 16:00:00,289.835,0
2013-03-16 16:30:00,297.401,0
2013-03-16 17:00:00,301.31,0
2013-03-16 17:30:00,291.941,0
2013-03-16 18:00:00,304.649,0
2013-03-16 18:30:00,327.14,0
2013-03-16 19:00:00,355.159,1
2013-03-16 19:30:00,349.392,0
2013-03-16 20:00:00,344.32,0
2013-03-16 20:30:00,322.249,0
2013-03-16 21:00:00,312.272,0
2013-03-16 21:30:00,291.223,0
2013-03-16 22:00:00,285.079,0
2013-03-16 22:30:00,269.245,0
2013-03-16 23:00:00,248.891,0
2013-03-16 23:30:00,245.517,0
2013-03-17 00:00:00,225.263,0
2013-03-17 00:30:00,192.866,0
2013-03-17 01:00:00,167.747,0
2013-03-17 01:30:00,146.215,0
2013-03-17 02:00:00,136.755,0
2013-03-17 02:30:00,128.052,0
2013-03-17 03:00:00,125.085,0
2013-03-17 03:30:00,124.539,0
2013-03-17 04:00:00,121.904,0
2013-03-17 04:30:00,118.629,0
2013-03-17 05:00:00,119.068,0
2013-03-17 05:30:00,117.37,0
2013-03-17 06:00:00,129.463,0
2013-03-17 06:30:00,143.114,0
2013-03-17 07:00:00,164.719,0
2013-03-17 07:30:00,177.292,0
2013-03-17 08:00:00,209.976,0
2013-03-17 08:30:00,244.233,0
2013-03-17 09:00:00,274.951,0
2013-03-17 09:30:00,289.518,0
2013-03-17 10:00:00,296.3,0
2013-03-17 10:30:00,294.11,0
2013-03-17 11:00:00,307.61,0
2013-03-17 11:30:00,319.76,0
2013-03-17 12:00:00,315.679,0
2013-03-17 12:30:00,315.105,0
2013-03-17 13:00:00,329.8,0
2013-03-17 13:30:00,336.258,0
2013-03-17 14:00:00,332.082,0
2013-03-17 14:30:00,319.308,0
2013-03-17 15:00:00,325.63,0
2013-03-17 15:30:00,322.753,0
2013-03-17 16:00:00,323.386,0
2013-03-17 16:30:00,331.84,0
2013-03-17 17:00:00,322.944,0
2013-03-17 17:30:00,302.547,0
2013-03-17 18:00:00,307.856,0
2013-03-17 18:30:00,342.188,0
2013-03-17 19:00:00,372.098,1
2013-03-17 19:30:00,374.313,1
2013-03-17 20:00:00,351.716,0
2013-03-17 20:30:00,350.268,0
2013-03-17 21:00:00,332.495,0
2013-03-17 21:30:00,316.114,0
2013-03-17 22:00:00,299.299,0
2013-03-17 22:30:00,289.835,0
2013-03-17 23:00:00,260.096,0
2013-03-17 23:30:00,233.076,0
2013-03-18 00:00:00,206.948,0
2013-03-18 00:30:00,174.098,0
2013-03-18 01:00:00,156.11,0
2013-03-18 01:30:00,131.303,0
2013-03-18 02:00:00,124.726,0
2013-03-18 02:30:00,123.028,0
2013-03-18 03:00:00,121.581,0
2013-03-18 03:30:00,119.369,0
2013-03-18 04:00:00,116.14,0
2013-03-18 04:30:00,121.529,0
2013-03-18 05:00:00,125.985,0
2013-03-18 05:30:00,126.847,0
2013-03-18 06:00:00,135.772,0
2013-03-18 06:30:00,169.75,0
2013-03-18 07:00:00,196.305,0
2013-03-18 07:30:00,231.952,0
2013-03-18 08:00:00,250.554,0
2013-03-18 08:30:00,244.163,0
2013-03-18 09:00:00,241.892,0
2013-03-18 09:30:00,238.284,0
2013-03-18 10:00:00,225.61,0
2013-03-18 10:30:00,229.259,0
2013-03-18 11:00:00,219.431,0
2013-03-18 11:30:00,228.207,0
2013-03-18 12:00:00,227.513,0
2013-03-18 12:30:00,233.963,0
2013-03-18 13:00:00,239.156,0
2013-03-18 13:30:00,242.221,0
2013-03-18 14:00:00,232.292,0
2013-03-18 14:30:00,240.132,0
2013-03-18 15:00:00,233.822,0
2013-03-18 15:30:00,241.995,0
2013-03-18 16:00:00,248.689,0
2013-03-18 16:30:00,265.981,0
2013-03-18 17:00:00,284.828,0
2013-03-18 17:30:00,305.6,0
2013-03-18 18:00:00,330.224,0
2013-03-18 18:30:00,376.551,1
2013-03-18 19:00:00,391.477,1
2013-03-18 19:30:00,387.057,1
2013-03-18 20:00:00,394.193,1
2013-03-18 20:30:00,378.199,1
2013-03-18 21:00:00,355.054,1
2013-03-18 21:30:00,346.827,0
2013-03-18 22:00:00,332.995,0
2013-03-18 22:30:00,311.252,0
2013-03-18 23:00:00,277.977,0
2013-03-18 23:30:00,236.403,0
2013-03-19 00:00:00,198.913,0
2013-03-19 00:30:00,170.121,0
2013-03-19 01:00:00,147.786,0
2013-03-19 01:30:00,133.114,0
2013-03-19 02:00:00,125.859,0
2013-03-19 02:30:00,120.697,0
2013-03-19 03:00:00,117.932,0
2013-03-19 03:30:00,117.539,0
2013-03-19 04:00:00,115.415,0
2013-03-19 04:30:00,116.91,0
2013-03-19 05:00:00,118.895,0
2013-03-19 05:30:00,125.384,0
2013-03-19 06:00:00,135.204,0
2013-03-19 06:30:00,158.95,0
2013-03-19 07:00:00,184.37,0
2013-03-19 07:30:00,220.953,0
2013-03-19 08:00:00,244.875,0
2013-03-19 08:30:00,258.73,0
2013-03-19 09:00:00,250.464,0
2013-03-19 09:30:00,241.895,0
2013-03-19 10:00:00,234.191,0
2013-03-19 10:30:00,230.182,0
2013-03-19 11:00:00,224.742,0
2013-03-19 11:30:00,226.521,0
2013-03-19 12:00:00,231.825,0
2013-03-19 12:30:00,226.077,0
2013-03-19 13:00:00,235.233,0
2013-03-19 13:30:00,224.318,0
2013-03-19 14:00:00,222.934,0
2013-03-19 14:30:00,208.456,0
2013-03-19 15:00:00,196.316,0
2013-03-19 15:30:00,204.699,0
2013-03-19 16:00:00,202.295,0
2013-03-19 16:30:00,228.221,0
2013-03-19 17:00:00,241.745,0
2013-03-19 17:30:00,286.989,0
2013-03-19 18:00:00,297.554,0
2013-03-19 18:30:00,335.295,0
2013-03-19 19:00:00,377.022,1
2013-03-19 19:30:00,391.723,1
2013-03-19 20:00:00,377.016,1
2013-03-19 20:30:00,361.828,1
2013-03-19 21:00:00,348.925,0
2013-03-19 21:30:00,337.856,0
2013-03-19 22:00:00,327.52,0
2013-03-19 22:30:00,312.003,0
2013-03-19 23:00:00,266.736,0
2013-03-19 23:30:00,236.664,0
2013-03-20 00:00:00,191.256,0
2013-03-20 00:30:00,166.598,0
2013-03-20 01:00:00,146.301,0
2013-03-20 01:30:00,136.406,0
2013-03-20 02:00:00,126.573,0
2013-03-20 02:30:00,121.068,0
2013-03-20 03:00:00,120.735,0
2013-03-20 03:30:00,118.281,0
2013-03-20 04:00:00,118.678,0
2013-03-20 04:30:00,115.769,0
2013-03-20 05:00:00,117.044,0
2013-03-20 05:30:00,125.539,0
2013-03-20 06:00:00,138.57,0
2013-03-20 06:30:00,161.394,0
2013-03-20 07:00:00,192.282,0
2013-03-20 07:30:00,222.924,0
2013-03-20 08:00:00,235.957,0
2013-03-20 08:30:00,252.995,0
2013-03-20 09:00:00,244.753,0
2013-03-20 09:30:00,231.087,0
2013-03-20 10:00:00,236.522,0
2013-03-20 10:30:00,216.382,0
2013-03-20 11:00:00,212.119,0
2013-03-20 11:30:00,208.55,0
2013-03-20 12:00:00,213.169,0
2013-03-20 12:30:00,226.713,0
2013-03-20 13:00:00,215.083,0
2013-03-20 13:30:00,228.736,0
2013-03-20 14:00:00,225.129,0
2013-03-20 14:30:00,234.983,0
2013-03-20 15:00:00,221.76,0
2013-03-20 15:30:00,228.462,0
2013-03-20 16:00:00,243.701,0
2013-03-20 16:30:00,261.066,0
2013-03-20 17:00:00,277.508,0
2013-03-20 17:30:00,306.644,0
2013-03-20 18:00:00,340.539,0
2013-03-20 18:30:00,358.768,1
2013-03-20 19:00:00,383.818,1
2013-03-20 19:30:00,377.409,1
2013-03-20 20:00:00,370.044,1
2013-03-20 20:30:00,357.837,1
2013-03-20 21:00:00,353.258,0
2013-03-20 21:30:00,335.377,0
2013-03-20 22:00:00,318.007,0
2013-03-20 22:30:00,306.428,0
2013-03-20 23:00:00,276.267,0
2013-03-20 23:30:00,229.314,0
2013-03-21 00:00:00,191.584,0
2013-03-21 00:30:00,159.148,0
2013-03-21 01:00:00,142.544,0
2013-03-21 01:30:00,131.746,0
2013-03-21 02:00:00,125.62,0
2013-03-21 02:30:00,119.915,0
2013-03-21 03:00:00,118.314,0
2013-03-21 03:30:00,118.52,0
2013-03-21 04:00:00,116.078,0
2013-03-21 04:30:00,117.583,0
2013-03-21 05:00:00,118.675,0
2013-03-21 05:30:00,129.593,0
2013-03-21 06:00:00,137.746,0
2013-03-21 06:30:00,176.444,0
2013-03-21 07:00:00,207.07,0
2013-03-21 07:30:00,210.983,0
2013-03-21 08:00:00,214.602,0
2013-03-21 08:30:00,225.677,0
2013-03-21 09:00:00,209.248,0
2013-03-21 09:30:00,208.059,0
2013-03-21 10:00:00,201.905,0
2013-03-21 10:30:00,229.597,0
2013-03-21 11:00:00,242.124,0
2013-03-21 11:30:00,245.93,0
2013-03-21 12:00:00,244.539,0
2013-03-21 12:30:00,234.889,0
2013-03-21 13:00:00,242.533,0
2013-03-21 13:30:00,242.613,0
2013-03-21 14:00:00,233.666,0
2013-03-21 14:30:00,230.857,0
2013-03-21 15:00:00,224.028,0
2013-03-21 15:30:00,233.112,0
2013-03-21 16:00:00,252.545,0
2013-03-21 16:30:00,274.714,0
2013-03-21 17:00:00,282.383,0
2013-03-21 17:30:00,310.428,0
2013-03-21 18:00:00,328.349,0
2013-03-21 18:30:00,351.876,0
2013-03-21 19:00:00,380.264,1
2013-03-21 19:30:00,386.066,1
2013-03-21 20:00:00,380.794,1
2013-03-21 20:30:00,377.573,1
2013-03-21 21:00:00,369.636,1
2013-03-21 21:30:00,352.948,0
2013-03-21 22:00:00,345.376,0
2013-03-21 22:30:00,326.863,0
2013-03-21 23:00:00,292.564,0
2013-03-21 23:30:00,249.109,0
2013-03-22 00:00:00,210.554,0
2013-03-22 00:30:00,179.46,0
2013-03-22 01:00:00,152.793,0
2013-03-22 01:30:00,137.187,0
2013-03-22 02:00:00,128.952,0
2013-03-22 02:30:00,120.337,0
2013-03-22 03:00:00,121.083,0
2013-03-22 03:30:00,120.167,0
2013-03-22 04:00:00,118.629,0
2013-03-22 04:30:00,121.947,0
2013-03-22 05:00:00,121.04,0
2013-03-22 05:30:00,129.849,0
2013-03-22 06:00:00,135.476,0
2013-03-22 06:30:00,164.773,0
2013-03-22 07:00:00,198.907,0
2013-03-22 07:30:00,230.268,0
2013-03-22 08:00:00,238.01,0
2013-03-22 08:30:00,252.041,0
2013-03-22 09:00:00,253.635,0
2013-03-22 09:30:00,250.065,0
2013-03-22 10:00:00,238.971,0
2013-03-22 10:30:00,240.697,0
2013-03-22 11:00:00,231.205,0
2013-03-22 11:30:00,222.494,0
2013-03-22 12:00:00,235.893,0
2013-03-22 12:30:00,238.563,0
2013-03-22 13:00:00,242.266,0
2013-03-22 13:30:00,234.81,0
2013-03-22 14:00:00,233.25,0
2013-03-22 14:30:00,229.926,0
2013-03-22 15:00:00,217.692,0
2013-03-22 15:30:00,229.301,0
2013-03-22 16:00:00,232.951,0
2013-03-22 16:30:00,259.782,0
2013-03-22 17:00:00,278.934,0
2013-03-22 17:30:00,306.43,0
2013-03-22 18:00:00,349.432,0
2013-03-22 18:30:00,376.201,1
2013-03-22 19:00:00,394.35,1
2013-03-22 19:30:00,396.82,1
2013-03-22 20:00:00,386.114,1
2013-03-22 20:30:00,365.53,1
2013-03-22 21:00:00,367.755,1
2013-03-22 21:30:00,336.192,0
2013-03-22 22:00:00,325.174,0
2013-03-22 22:30:00,307.916,0
2013-03-22 23:00:00,283.804,0
2013-03-22 23:30:00,251.68,0
2013-03-23 00:00:00,219.314,0
2013-03-23 00:30:00,189.2,0
2013-03-23 01:00:00,170.064,0
2013-03-23 01:30:00,157.559,0
2013-03-23 02:00:00,141.687,0
2013-03-23 02:30:00,132.655,0
2013-03-23 03:00:00,128.718,0
2013-03-23 03:30:00,127.208,0
2013-03-23 04:00:00,127.037,0
2013-03-23 04:30:00,122.904,0
2013-03-23 05:00:00,122.895,0
2013-03-23 05:30:00,131.673,0
2013-03-23 06:00:00,135.671,0
2013-03-23 06:30:00,149.538,0
2013-03-23 07:00:00,167.067,0
2013-03-23 07:30:00,194.718,0
2013-03-23 08:00:00,236.155,0
2013-03-23 08:30:00,263.019,0
2013-03-23 09:00:00,270.318,0
2013-03-23 09:30:00,289.214,0
2013-03-23 10:00:00,294.246,0
2013-03-23 10:30:00,300.019,0
2013-03-23 11:00:00,305.231,0
2013-03-23 11:30:00,296.811,0
2013-03-23 12:00:00,286.601,0
2013-03-23 12:30:00,324.191,0
2013-03-23 13:00:00,330.858,0
2013-03-23 13:30:00,326.827,0
2013-03-23 14:00:00,321.984,0
2013-03-23 14:30:00,322.059,0
2013-03-23 15:00:00,301.955,0
2013-03-23 15:30:00,304.245,0
2013-03-23 16:00:00,305.605,0
2013-03-23 16:30:00,308.678,0
2013-03-23 17:00:00,335.934,0
2013-03-23 17:30:00,355.672,1
2013-03-23 18:00:00,374.355,1
2013-03-23 18:30:00,386.663,1
2013-03-23 19:00:00,401.703,1
2013-03-23 19:30:00,414.017,1
2013-03-23 20:00:00,399.266,1
2013-03-23 20:30:00,374.229,1
2013-03-23 21:00:00,351.926,0
2013-03-23 21:30:00,328.425,0
2013-03-23 22:00:00,324.00600000000003,0
2013-03-23 22:30:00,304.198,0
2013-03-23 23:00:00,286.087,0
2013-03-23 23:30:00,255.263,0
2013-03-24 00:00:00,228.643,0
2013-03-24 00:30:00,205.275,0
2013-03-24 01:00:00,186.594,0
2013-03-24 01:30:00,164.812,0
2013-03-24 02:00:00,154.278,0
2013-03-24 02:30:00,143.705,0
2013-03-24 03:00:00,135.146,0
2013-03-24 03:30:00,128.001,0
2013-03-24 04:00:00,125.381,0
2013-03-24 04:30:00,125.27,0
2013-03-24 05:00:00,119.85,0
2013-03-24 05:30:00,120.794,0
2013-03-24 06:00:00,130.171,0
2013-03-24 06:30:00,146.021,0
2013-03-24 07:00:00,162.695,0
2013-03-24 07:30:00,189.048,0
2013-03-24 08:00:00,213.18,0
2013-03-24 08:30:00,255.937,0
2013-03-24 09:00:00,277.264,0
2013-03-24 09:30:00,286.087,0
2013-03-24 10:00:00,304.194,0
2013-03-24 10:30:00,323.294,0
2013-03-24 11:00:00,334.023,0
2013-03-24 11:30:00,323.167,0
2013-03-24 12:00:00,317.43,0
2013-03-24 12:30:00,334.862,0
2013-03-24 13:00:00,355.743,1
2013-03-24 13:30:00,361.508,1
2013-03-24 14:00:00,361.988,1
2013-03-24 14:30:00,336.548,0
2013-03-24 15:00:00,335.412,0
2013-03-24 15:30:00,334.286,0
2013-03-24 16:00:00,332.896,0
2013-03-24 16:30:00,330.736,0
2013-03-24 17:00:00,350.781,0
2013-03-24 17:30:00,371.08,1
2013-03-24 18:00:00,388.665,1
2013-03-24 18:30:00,405.177,1
2013-03-24 19:00:00,436.343,1
2013-03-24 19:30:00,436.213,1
2013-03-24 20:00:00,414.719,1
2013-03-24 20:30:00,405.917,1
2013-03-24 21:00:00,391.44,1
2013-03-24 21:30:00,393.198,1
2013-03-24 22:00:00,367.007,1
2013-03-24 22:30:00,348.02,0
2013-03-24 23:00:00,307.743,0
2013-03-24 23:30:00,261.711,0
2013-03-25 00:00:00,218.709,0
2013-03-25 00:30:00,186.972,0
2013-03-25 01:00:00,161.826,0
2013-03-25 01:30:00,142.778,0
2013-03-25 02:00:00,136.732,0
2013-03-25 02:30:00,130.916,0
2013-03-25 03:00:00,127.345,0
2013-03-25 03:30:00,126.537,0
2013-03-25 04:00:00,128.203,0
2013-03-25 04:30:00,126.492,0
2013-03-25 05:00:00,131.226,0
2013-03-25 05:30:00,142.03,0
2013-03-25 06:00:00,148.088,0
2013-03-25 06:30:00,180.869,0
2013-03-25 07:00:00,207.998,0
2013-03-25 07:30:00,238.166,0
2013-03-25 08:00:00,265.82,0
2013-03-25 08:30:00,275.735,0
2013-03-25 09:00:00,282.24,0
2013-03-25 09:30:00,274.884,0
2013-03-25 10:00:00,263.185,0
2013-03-25 10:30:00,268.364,0
2013-03-25 11:00:00,247.997,0
2013-03-25 11:30:00,252.798,0
2013-03-25 12:00:00,257.438,0
2013-03-25 12:30:00,259.821,0
2013-03-25 13:00:00,276.745,0
2013-03-25 13:30:00,266.404,0
2013-03-25 14:00:00,274.141,0
2013-03-25 14:30:00,266.984,0
2013-03-25 15:00:00,268.299,0
2013-03-25 15:30:00,272.843,0
2013-03-25 16:00:00,275.816,0
2013-03-25 16:30:00,292.862,0
2013-03-25 17:00:00,317.025,0
2013-03-25 17:30:00,344.782,0
2013-03-25 18:00:00,363.416,1
2013-03-25 18:30:00,397.955,1
2013-03-25 19:00:00,414.791,1
2013-03-25 19:30:00,435.857,1
2013-03-25 20:00:00,410.129,1
2013-03-25 20:30:00,400.005,1
2013-03-25 21:00:00,396.879,1
2013-03-25 21:30:00,393.875,1
2013-03-25 22:00:00,364.844,1
2013-03-25 22:30:00,346.182,0
2013-03-25 23:00:00,317.504,0
2013-03-25 23:30:00,270.601,0
2013-03-26 00:00:00,221.082,0
2013-03-26 00:30:00,190.219,0
2013-03-26 01:00:00,167.615,0
2013-03-26 01:30:00,151.103,0
2013-03-26 02:00:00,137.861,0
2013-03-26 02:30:00,133.329,0
2013-03-26 03:00:00,129.207,0
2013-03-26 03:30:00,129.558,0
2013-03-26 04:00:00,131.969,0
2013-03-26 04:30:00,136.415,0
2013-03-26 05:00:00,136.086,0
2013-03-26 05:30:00,142.055,0
2013-03-26 06:00:00,154.87,0
2013-03-26 06:30:00,174.234,0
2013-03-26 07:00:00,215.93,0
2013-03-26 07:30:00,243.72,0
2013-03-26 08:00:00,261.918,0
2013-03-26 08:30:00,277.543,0
2013-03-26 09:00:00,269.689,0
2013-03-26 09:30:00,257.749,0
2013-03-26 10:00:00,240.233,0
2013-03-26 10:30:00,252.659,0
2013-03-26 11:00:00,239.018,0
2013-03-26 11:30:00,250.265,0
2013-03-26 12:00:00,252.028,0
2013-03-26 12:30:00,262.238,0
2013-03-26 13:00:00,257.767,0
2013-03-26 13:30:00,249.477,0
2013-03-26 14:00:00,243.896,0
2013-03-26 14:30:00,241.151,0
2013-03-26 15:00:00,241.392,0
2013-03-26 15:30:00,248.021,0
2013-03-26 16:00:00,266.487,0
2013-03-26 16:30:00,288.575,0
2013-03-26 17:00:00,304.792,0
2013-03-26 17:30:00,315.515,0
2013-03-26 18:00:00,344.721,0
2013-03-26 18:30:00,377.585,1
2013-03-26 19:00:00,404.717,1
2013-03-26 19:30:00,424.886,1
2013-03-26 20:00:00,401.609,1
2013-03-26 20:30:00,378.593,1
2013-03-26 21:00:00,371.025,1
2013-03-26 21:30:00,369.093,1
2013-03-26 22:00:00,347.406,0
2013-03-26 22:30:00,338.114,0
2013-03-26 23:00:00,300.389,0
2013-03-26 23:30:00,261.2,0
2013-03-27 00:00:00,217.387,0
2013-03-27 00:30:00,182.954,0
2013-03-27 01:00:00,162.374,0
2013-03-27 01:30:00,146.696,0
2013-03-27 02:00:00,141.765,0
2013-03-27 02:30:00,138.725,0
2013-03-27 03:00:00,133.205,0
2013-03-27 03:30:00,131.039,0
2013-03-27 04:00:00,130.523,0
2013-03-27 04:30:00,127.854,0
2013-03-27 05:00:00,132.281,0
2013-03-27 05:30:00,145.386,0
2013-03-27 06:00:00,159.868,0
2013-03-27 06:30:00,190.034,0
2013-03-27 07:00:00,220.649,0
2013-03-27 07:30:00,244.144,0
2013-03-27 08:00:00,271.89,0
2013-03-27 08:30:00,283.71,0
2013-03-27 09:00:00,270.655,0
2013-03-27 09:30:00,263.624,0
2013-03-27 10:00:00,264.72,0
2013-03-27 10:30:00,262.226,0
2013-03-27 11:00:00,247.328,0
2013-03-27 11:30:00,256.04,0
2013-03-27 12:00:00,252.422,0
2013-03-27 12:30:00,254.939,0
2013-03-27 13:00:00,255.023,0
2013-03-27 13:30:00,252.029,0
2013-03-27 14:00:00,245.101,0
2013-03-27 14:30:00,249.457,0
2013-03-27 15:00:00,246.683,0
2013-03-27 15:30:00,252.865,0
2013-03-27 16:00:00,265.953,0
2013-03-27 16:30:00,275.752,0
2013-03-27 17:00:00,299.12,0
2013-03-27 17:30:00,284.497,0
2013-03-27 18:00:00,298.149,0
2013-03-27 18:30:00,332.952,0
2013-03-27 19:00:00,370.508,1
2013-03-27 19:30:00,386.458,1
2013-03-27 20:00:00,365.983,1
2013-03-27 20:30:00,349.767,0
2013-03-27 21:00:00,338.343,0
2013-03-27 21:30:00,334.041,0
2013-03-27 22:00:00,331.76800000000003,0
2013-03-27 22:30:00,316.331,0
2013-03-27 23:00:00,271.918,0
2013-03-27 23:30:00,252.569,0
2013-03-28 00:00:00,215.36,0
2013-03-28 00:30:00,184.621,0
2013-03-28 01:00:00,167.512,0
2013-03-28 01:30:00,151.196,0
2013-03-28 02:00:00,141.463,0
2013-03-28 02:30:00,132.33,0
2013-03-28 03:00:00,125.776,0
2013-03-28 03:30:00,122.43,0
2013-03-28 04:00:00,125.292,0
2013-03-28 04:30:00,124.946,0
2013-03-28 05:00:00,122.202,0
2013-03-28 05:30:00,132.844,0
2013-03-28 06:00:00,146.105,0
2013-03-28 06:30:00,173.125,0
2013-03-28 07:00:00,210.98,0
2013-03-28 07:30:00,219.477,0
2013-03-28 08:00:00,245.81,0
2013-03-28 08:30:00,262.575,0
2013-03-28 09:00:00,265.055,0
2013-03-28 09:30:00,251.134,0
2013-03-28 10:00:00,241.89,0
2013-03-28 10:30:00,250.916,0
2013-03-28 11:00:00,244.859,0
2013-03-28 11:30:00,237.553,0
2013-03-28 12:00:00,241.187,0
2013-03-28 12:30:00,244.281,0
2013-03-28 13:00:00,249.709,0
2013-03-28 13:30:00,257.47,0
2013-03-28 14:00:00,253.952,0
2013-03-28 14:30:00,265.664,0
2013-03-28 15:00:00,255.004,0
2013-03-28 15:30:00,257.102,0
2013-03-28 16:00:00,259.34,0
2013-03-28 16:30:00,274.566,0
2013-03-28 17:00:00,273.53,0
2013-03-28 17:30:00,269.889,0
2013-03-28 18:00:00,290.464,0
2013-03-28 18:30:00,312.452,0
2013-03-28 19:00:00,341.128,0
2013-03-28 19:30:00,347.303,0
2013-03-28 20:00:00,340.738,0
2013-03-28 20:30:00,324.04,0
2013-03-28 21:00:00,313.783,0
2013-03-28 21:30:00,304.453,0
2013-03-28 22:00:00,293.883,0
2013-03-28 22:30:00,279.716,0
2013-03-28 23:00:00,258.846,0
2013-03-28 23:30:00,253.85,0
2013-03-29 00:00:00,223.68,0
2013-03-29 00:30:00,202.078,0
2013-03-29 01:00:00,176.791,0
2013-03-29 01:30:00,152.236,0
2013-03-29 02:00:00,142.998,0
2013-03-29 02:30:00,132.003,0
2013-03-29 03:00:00,125.17,0
2013-03-29 03:30:00,126.714,0
2013-03-29 04:00:00,122.27,0
2013-03-29 04:30:00,122.525,0
2013-03-29 05:00:00,122.249,0
2013-03-29 05:30:00,130.627,0
2013-03-29 06:00:00,141.674,0
2013-03-29 06:30:00,153.187,0
2013-03-29 07:00:00,176.046,0
2013-03-29 07:30:00,198.575,0
2013-03-29 08:00:00,227.998,0
2013-03-29 08:30:00,255.444,0
2013-03-29 09:00:00,275.991,0
2013-03-29 09:30:00,280.915,0
2013-03-29 10:00:00,282.939,0
2013-03-29 10:30:00,272.517,0
2013-03-29 11:00:00,285.531,0
2013-03-29 11:30:00,268.139,0
2013-03-29 12:00:00,276.465,0
2013-03-29 12:30:00,281.911,0
2013-03-29 13:00:00,280.633,0
2013-03-29 13:30:00,271.051,0
2013-03-29 14:00:00,272.685,0
2013-03-29 14:30:00,273.866,0
2013-03-29 15:00:00,276.847,0
2013-03-29 15:30:00,270.332,0
2013-03-29 16:00:00,281.069,0
2013-03-29 16:30:00,292.206,0
2013-03-29 17:00:00,298.021,0
2013-03-29 17:30:00,272.368,0
2013-03-29 18:00:00,291.839,0
2013-03-29 18:30:00,319.557,0
2013-03-29 19:00:00,345.693,0
2013-03-29 19:30:00,361.368,1
2013-03-29 20:00:00,327.836,0
2013-03-29 20:30:00,318.2,0
2013-03-29 21:00:00,306.408,0
2013-03-29 21:30:00,288.795,0
2013-03-29 22:00:00,287.036,0
2013-03-29 22:30:00,280.37,0
2013-03-29 23:00:00,249.762,0
2013-03-29 23:30:00,233.977,0
2013-03-30 00:00:00,217.256,0
2013-03-30 00:30:00,189.131,0
2013-03-30 01:00:00,167.254,0
2013-03-30 01:30:00,147.467,0
2013-03-30 02:00:00,134.496,0
2013-03-30 02:30:00,129.077,0
2013-03-30 03:00:00,124.211,0
2013-03-30 03:30:00,125.327,0
2013-03-30 04:00:00,123.369,0
2013-03-30 04:30:00,123.537,0
2013-03-30 05:00:00,122.099,0
2013-03-30 05:30:00,124.508,0
2013-03-30 06:00:00,131.642,0
2013-03-30 06:30:00,142.615,0
2013-03-30 07:00:00,161.536,0
2013-03-30 07:30:00,183.198,0
2013-03-30 08:00:00,205.886,0
2013-03-30 08:30:00,229.369,0
2013-03-30 09:00:00,248.951,0
2013-03-30 09:30:00,245.833,0
2013-03-30 10:00:00,239.467,0
2013-03-30 10:30:00,245.252,0
2013-03-30 11:00:00,254.67,0
2013-03-30 11:30:00,268.181,0
2013-03-30 12:00:00,269.732,0
2013-03-30 12:30:00,254.637,0
2013-03-30 13:00:00,260.248,0
2013-03-30 13:30:00,251.305,0
2013-03-30 14:00:00,244.097,0
2013-03-30 14:30:00,251.531,0
2013-03-30 15:00:00,239.959,0
2013-03-30 15:30:00,245.899,0
2013-03-30 16:00:00,247.021,0
2013-03-30 16:30:00,259.095,0
2013-03-30 17:00:00,275.144,0
2013-03-30 17:30:00,284.481,0
2013-03-30 18:00:00,299.566,0
2013-03-30 18:30:00,331.112,0
2013-03-30 19:00:00,351.779,0
2013-03-30 19:30:00,350.664,0
2013-03-30 20:00:00,349.948,0
2013-03-30 20:30:00,335.55,0
2013-03-30 21:00:00,313.078,0
2013-03-30 21:30:00,294.762,0
2013-03-30 22:00:00,290.736,0
2013-03-30 22:30:00,282.391,0
2013-03-30 23:00:00,258.029,0
2013-03-30 23:30:00,234.035,0
2013-03-31 00:00:00,208.474,0
2013-03-31 00:30:00,179.828,0
2013-03-31 01:00:00,157.253,0
2013-03-31 01:30:00,140.916,0
2013-03-31 02:00:00,129.585,0
2013-03-31 02:30:00,124.713,0
2013-03-31 03:00:00,119.173,0
2013-03-31 03:30:00,119.079,0
2013-03-31 04:00:00,117.845,0
2013-03-31 04:30:00,117.4,0
2013-03-31 05:00:00,119.744,0
2013-03-31 05:30:00,126.253,0
2013-03-31 06:00:00,138.472,0
2013-03-31 06:30:00,157.746,0
2013-03-31 07:00:00,185.141,0
2013-03-31 07:30:00,216.303,0
2013-03-31 08:00:00,223.682,0
2013-03-31 08:30:00,240.678,0
2013-03-31 09:00:00,258.355,0
2013-03-31 09:30:00,241.689,0
2013-03-31 10:00:00,254.218,0
2013-03-31 10:30:00,272.007,0
2013-03-31 11:00:00,273.399,0
2013-03-31 11:30:00,277.526,0
2013-03-31 12:00:00,300.007,0
2013-03-31 12:30:00,281.399,0
2013-03-31 13:00:00,284.457,0
2013-03-31 13:30:00,272.548,0
2013-03-31 14:00:00,267.786,0
2013-03-31 14:30:00,263.597,0
2013-03-31 15:00:00,267.192,0
2013-03-31 15:30:00,268.378,0
2013-03-31 16:00:00,273.553,0
2013-03-31 16:30:00,279.472,0
2013-03-31 17:00:00,283.53,0
2013-03-31 17:30:00,291.492,0
2013-03-31 18:00:00,301.013,0
2013-03-31 18:30:00,310.166,0
2013-03-31 19:00:00,319.931,0
2013-03-31 19:30:00,337.524,0
2013-03-31 20:00:00,336.543,0
2013-03-31 20:30:00,318.775,0
2013-03-31 21:00:00,305.438,0
2013-03-31 21:30:00,295.116,0
2013-03-31 22:00:00,273.355,0
2013-03-31 22:30:00,246.882,0
2013-03-31 23:00:00,219.812,0
2013-03-31 23:30:00,188.532,0
2013-04-01 00:00:00,167.03,0
2013-04-01 00:30:00,145.63,0
2013-04-01 01:00:00,135.566,0
2013-04-01 01:30:00,128.247,0
2013-04-01 02:00:00,122.723,0
2013-04-01 02:30:00,118.349,0
2013-04-01 03:00:00,116.238,0
2013-04-01 03:30:00,116.924,0
2013-04-01 04:00:00,119.598,0
2013-04-01 04:30:00,120.287,0
2013-04-01 05:00:00,122.689,0
2013-04-01 05:30:00,130.18,0
2013-04-01 06:00:00,141.41,0
2013-04-01 06:30:00,154.164,0
2013-04-01 07:00:00,180.521,0
2013-04-01 07:30:00,209.901,0
2013-04-01 08:00:00,229.5,0
2013-04-01 08:30:00,230.069,0
2013-04-01 09:00:00,242.003,0
2013-04-01 09:30:00,259.736,0
2013-04-01 10:00:00,268.148,0
2013-04-01 10:30:00,272.789,0
2013-04-01 11:00:00,271.382,0
2013-04-01 11:30:00,275.509,0
2013-04-01 12:00:00,280.886,0
2013-04-01 12:30:00,277.404,0
2013-04-01 13:00:00,270.866,0
2013-04-01 13:30:00,266.412,0
2013-04-01 14:00:00,264.207,0
2013-04-01 14:30:00,248.43,0
2013-04-01 15:00:00,245.41,0
2013-04-01 15:30:00,254.9,0
2013-04-01 16:00:00,250.833,0
2013-04-01 16:30:00,274.54,0
2013-04-01 17:00:00,273.891,0
2013-04-01 17:30:00,294.224,0
2013-04-01 18:00:00,303.193,0
2013-04-01 18:30:00,314.555,0
2013-04-01 19:00:00,335.396,0
2013-04-01 19:30:00,354.541,1
2013-04-01 20:00:00,345.206,0
2013-04-01 20:30:00,340.943,0
2013-04-01 21:00:00,314.031,0
2013-04-01 21:30:00,305.652,0
2013-04-01 22:00:00,288.182,0
2013-04-01 22:30:00,261.744,0
2013-04-01 23:00:00,225.663,0
2013-04-01 23:30:00,184.385,0
2013-04-02 00:00:00,155.966,0
2013-04-02 00:30:00,146.378,0
2013-04-02 01:00:00,132.176,0
2013-04-02 01:30:00,125.054,0
2013-04-02 02:00:00,121.099,0
2013-04-02 02:30:00,118.938,0
2013-04-02 03:00:00,119.606,0
2013-04-02 03:30:00,122.426,0
2013-04-02 04:00:00,126.35,0
2013-04-02 04:30:00,130.407,0
2013-04-02 05:00:00,138.841,0
2013-04-02 05:30:00,155.109,0
2013-04-02 06:00:00,174.953,0
2013-04-02 06:30:00,194.408,0
2013-04-02 07:00:00,224.14,0
2013-04-02 07:30:00,237.655,0
2013-04-02 08:00:00,234.253,0
2013-04-02 08:30:00,243.94,0
2013-04-02 09:00:00,233.543,0
2013-04-02 09:30:00,239.496,0
2013-04-02 10:00:00,231.839,0
2013-04-02 10:30:00,224.06,0
2013-04-02 11:00:00,223.707,0
2013-04-02 11:30:00,226.363,0
2013-04-02 12:00:00,225.228,0
2013-04-02 12:30:00,217.235,0
2013-04-02 13:00:00,211.797,0
2013-04-02 13:30:00,215.645,0
2013-04-02 14:00:00,209.39,0
2013-04-02 14:30:00,206.212,0
2013-04-02 15:00:00,210.401,0
2013-04-02 15:30:00,231.301,0
2013-04-02 16:00:00,238.001,0
2013-04-02 16:30:00,260.198,0
2013-04-02 17:00:00,270.987,0
2013-04-02 17:30:00,289.442,0
2013-04-02 18:00:00,305.965,0
2013-04-02 18:30:00,311.449,0
2013-04-02 19:00:00,326.968,0
2013-04-02 19:30:00,348.183,0
2013-04-02 20:00:00,343.558,0
2013-04-02 20:30:00,341.435,0
2013-04-02 21:00:00,316.352,0
2013-04-02 21:30:00,317.124,0
2013-04-02 22:00:00,286.75,0
2013-04-02 22:30:00,255.266,0
2013-04-02 23:00:00,231.178,0
2013-04-02 23:30:00,187.012,0
2013-04-03 00:00:00,162.702,0
2013-04-03 00:30:00,146.905,0
2013-04-03 01:00:00,133.671,0
2013-04-03 01:30:00,123.59,0
2013-04-03 02:00:00,118.012,0
2013-04-03 02:30:00,117.95,0
2013-04-03 03:00:00,115.735,0
2013-04-03 03:30:00,117.39,0
2013-04-03 04:00:00,119.333,0
2013-04-03 04:30:00,125.516,0
2013-04-03 05:00:00,136.57,0
2013-04-03 05:30:00,149.116,0
2013-04-03 06:00:00,175.028,0
2013-04-03 06:30:00,196.849,0
2013-04-03 07:00:00,230.819,0
2013-04-03 07:30:00,236.698,0
2013-04-03 08:00:00,247.791,0
2013-04-03 08:30:00,242.289,0
2013-04-03 09:00:00,242.479,0
2013-04-03 09:30:00,245.826,0
2013-04-03 10:00:00,238.918,0
2013-04-03 10:30:00,251.725,0
2013-04-03 11:00:00,249.014,0
2013-04-03 11:30:00,249.411,0
2013-04-03 12:00:00,234.688,0
2013-04-03 12:30:00,238.445,0
2013-04-03 13:00:00,238.644,0
2013-04-03 13:30:00,233.068,0
2013-04-03 14:00:00,232.669,0
2013-04-03 14:30:00,231.217,0
2013-04-03 15:00:00,239.078,0
2013-04-03 15:30:00,258.389,0
2013-04-03 16:00:00,264.894,0
2013-04-03 16:30:00,298.008,0
2013-04-03 17:00:00,304.234,0
2013-04-03 17:30:00,325.147,0
2013-04-03 18:00:00,334.897,0
2013-04-03 18:30:00,361.796,1
2013-04-03 19:00:00,357.404,1
2013-04-03 19:30:00,369.213,1
2013-04-03 20:00:00,347.813,0
2013-04-03 20:30:00,341.553,0
2013-04-03 21:00:00,322.843,0
2013-04-03 21:30:00,308.583,0
2013-04-03 22:00:00,279.632,0
2013-04-03 22:30:00,251.236,0
2013-04-03 23:00:00,217.615,0
2013-04-03 23:30:00,179.442,0
2013-04-04 00:00:00,156.032,0
2013-04-04 00:30:00,141.838,0
2013-04-04 01:00:00,134.881,0
2013-04-04 01:30:00,126.763,0
2013-04-04 02:00:00,122.85,0
2013-04-04 02:30:00,117.27,0
2013-04-04 03:00:00,120.989,0
2013-04-04 03:30:00,120.62,0
2013-04-04 04:00:00,123.11,0
2013-04-04 04:30:00,125.306,0
2013-04-04 05:00:00,137.044,0
2013-04-04 05:30:00,154.572,0
2013-04-04 06:00:00,168.324,0
2013-04-04 06:30:00,203.363,0
2013-04-04 07:00:00,225.449,0
2013-04-04 07:30:00,244.025,0
2013-04-04 08:00:00,255.8,0
2013-04-04 08:30:00,258.307,0
2013-04-04 09:00:00,226.578,0
2013-04-04 09:30:00,240.068,0
2013-04-04 10:00:00,239.587,0
2013-04-04 10:30:00,240.558,0
2013-04-04 11:00:00,239.219,0
2013-04-04 11:30:00,260.007,0
2013-04-04 12:00:00,257.799,0
2013-04-04 12:30:00,257.344,0
2013-04-04 13:00:00,260.914,0
2013-04-04 13:30:00,246.447,0
2013-04-04 14:00:00,247.719,0
2013-04-04 14:30:00,248.118,0
2013-04-04 15:00:00,258.677,0
2013-04-04 15:30:00,264.874,0
2013-04-04 16:00:00,285.555,0
2013-04-04 16:30:00,306.436,0
2013-04-04 17:00:00,317.807,0
2013-04-04 17:30:00,329.009,0
2013-04-04 18:00:00,345.046,0
2013-04-04 18:30:00,363.068,1
2013-04-04 19:00:00,360.205,1
2013-04-04 19:30:00,358.39,1
2013-04-04 20:00:00,358.908,1
2013-04-04 20:30:00,359.933,1
2013-04-04 21:00:00,339.417,0
2013-04-04 21:30:00,319.918,0
2013-04-04 22:00:00,291.6,0
2013-04-04 22:30:00,250.21,0
2013-04-04 23:00:00,213.56,0
2013-04-04 23:30:00,183.919,0
2013-04-05 00:00:00,159.736,0
2013-04-05 00:30:00,149.683,0
2013-04-05 01:00:00,139.269,0
2013-04-05 01:30:00,132.913,0
2013-04-05 02:00:00,127.156,0
2013-04-05 02:30:00,123.832,0
2013-04-05 03:00:00,118.808,0
2013-04-05 03:30:00,125.239,0
2013-04-05 04:00:00,122.316,0
2013-04-05 04:30:00,127.507,0
2013-04-05 05:00:00,138.589,0
2013-04-05 05:30:00,152.474,0
2013-04-05 06:00:00,172.553,0
2013-04-05 06:30:00,203.736,0
2013-04-05 07:00:00,240.383,0
2013-04-05 07:30:00,250.749,0
2013-04-05 08:00:00,261.506,0
2013-04-05 08:30:00,271.399,0
2013-04-05 09:00:00,269.365,0
2013-04-05 09:30:00,247.987,0
2013-04-05 10:00:00,252.45,0
2013-04-05 10:30:00,255.861,0
2013-04-05 11:00:00,258.529,0
2013-04-05 11:30:00,266.003,0
2013-04-05 12:00:00,263.242,0
2013-04-05 12:30:00,251.229,0
2013-04-05 13:00:00,257.548,0
2013-04-05 13:30:00,257.086,0
2013-04-05 14:00:00,231.979,0
2013-04-05 14:30:00,248.619,0
2013-04-05 15:00:00,243.51,0
2013-04-05 15:30:00,254.348,0
2013-04-05 16:00:00,254.198,0
2013-04-05 16:30:00,267.023,0
2013-04-05 17:00:00,277.391,0
2013-04-05 17:30:00,296.927,0
2013-04-05 18:00:00,317.802,0
2013-04-05 18:30:00,321.402,0
2013-04-05 19:00:00,323.672,0
2013-04-05 19:30:00,326.517,0
2013-04-05 20:00:00,310.834,0
2013-04-05 20:30:00,306.666,0
2013-04-05 21:00:00,295.767,0
2013-04-05 21:30:00,278.196,0
2013-04-05 22:00:00,261.444,0
2013-04-05 22:30:00,240.59,0
2013-04-05 23:00:00,213.279,0
2013-04-05 23:30:00,183.466,0
2013-04-06 00:00:00,162.463,0
2013-04-06 00:30:00,147.824,0
2013-04-06 01:00:00,141.067,0
2013-04-06 01:30:00,130.927,0
2013-04-06 02:00:00,124.602,0
2013-04-06 02:30:00,122.71,0
2013-04-06 03:00:00,119.269,0
2013-04-06 03:30:00,120.718,0
2013-04-06 04:00:00,122.426,0
2013-04-06 04:30:00,130.252,0
2013-04-06 05:00:00,129.977,0
2013-04-06 05:30:00,139.93,0
2013-04-06 06:00:00,151.72,0
2013-04-06 06:30:00,183.825,0
2013-04-06 07:00:00,212.531,0
2013-04-06 07:30:00,225.782,0
2013-04-06 08:00:00,241.061,0
2013-04-06 08:30:00,252.531,0
2013-04-06 09:00:00,242.123,0
2013-04-06 09:30:00,253.635,0
2013-04-06 10:00:00,244.758,0
2013-04-06 10:30:00,238.986,0
2013-04-06 11:00:00,228.686,0
2013-04-06 11:30:00,242.036,0
2013-04-06 12:00:00,237.084,0
2013-04-06 12:30:00,239.348,0
2013-04-06 13:00:00,226.545,0
2013-04-06 13:30:00,228.165,0
2013-04-06 14:00:00,220.344,0
2013-04-06 14:30:00,217.8,0
2013-04-06 15:00:00,220.598,0
2013-04-06 15:30:00,222.241,0
2013-04-06 16:00:00,231.163,0
2013-04-06 16:30:00,251.745,0
2013-04-06 17:00:00,261.814,0
2013-04-06 17:30:00,264.947,0
2013-04-06 18:00:00,271.872,0
2013-04-06 18:30:00,272.166,0
2013-04-06 19:00:00,289.229,0
2013-04-06 19:30:00,302.5,0
2013-04-06 20:00:00,295.536,0
2013-04-06 20:30:00,291.95,0
2013-04-06 21:00:00,280.311,0
2013-04-06 21:30:00,269.33,0
2013-04-06 22:00:00,254.126,0
2013-04-06 22:30:00,228.627,0
2013-04-06 23:00:00,199.774,0
2013-04-06 23:30:00,177.448,0
2013-04-07 00:00:00,156.033,0
2013-04-07 00:30:00,140.45,0
2013-04-07 01:00:00,127.552,0
2013-04-07 01:30:00,122.969,0
2013-04-07 02:00:00,120.872,0
2013-04-07 02:30:00,116.196,0
2013-04-07 03:00:00,113.175,0
2013-04-07 03:30:00,116.731,0
2013-04-07 04:00:00,114.74,0
2013-04-07 04:30:00,116.98,0
2013-04-07 05:00:00,118.08,0
2013-04-07 05:30:00,130.926,0
2013-04-07 06:00:00,142.669,0
2013-04-07 06:30:00,170.63,0
2013-04-07 07:00:00,199.639,0
2013-04-07 07:30:00,223.787,0
2013-04-07 08:00:00,246.41,0
2013-04-07 08:30:00,245.034,0
2013-04-07 09:00:00,255.463,0
2013-04-07 09:30:00,257.847,0
2013-04-07 10:00:00,240.094,0
2013-04-07 10:30:00,243.725,0
2013-04-07 11:00:00,238.587,0
2013-04-07 11:30:00,265.04,0
2013-04-07 12:00:00,273.324,0
2013-04-07 12:30:00,270.579,0
2013-04-07 13:00:00,252.543,0
2013-04-07 13:30:00,249.282,0
2013-04-07 14:00:00,234.891,0
2013-04-07 14:30:00,232.801,0
2013-04-07 15:00:00,231.382,0
2013-04-07 15:30:00,243.095,0
2013-04-07 16:00:00,252.953,0
2013-04-07 16:30:00,260.775,0
2013-04-07 17:00:00,268.992,0
2013-04-07 17:30:00,285.688,0
2013-04-07 18:00:00,287.517,0
2013-04-07 18:30:00,297.229,0
2013-04-07 19:00:00,323.5,0
2013-04-07 19:30:00,330.845,0
2013-04-07 20:00:00,317.492,0
2013-04-07 20:30:00,309.355,0
2013-04-07 21:00:00,305.572,0
2013-04-07 21:30:00,293.206,0
2013-04-07 22:00:00,260.508,0
2013-04-07 22:30:00,226.459,0
2013-04-07 23:00:00,197.958,0
2013-04-07 23:30:00,166.418,0
2013-04-08 00:00:00,148.582,0
2013-04-08 00:30:00,131.675,0
2013-04-08 01:00:00,123.333,0
2013-04-08 01:30:00,115.076,0
2013-04-08 02:00:00,110.629,0
2013-04-08 02:30:00,107.52,0
2013-04-08 03:00:00,110.808,0
2013-04-08 03:30:00,111.825,0
2013-04-08 04:00:00,117.198,0
2013-04-08 04:30:00,116.887,0
2013-04-08 05:00:00,122.416,0
2013-04-08 05:30:00,141.455,0
2013-04-08 06:00:00,163.664,0
2013-04-08 06:30:00,196.298,0
2013-04-08 07:00:00,215.846,0
2013-04-08 07:30:00,226.827,0
2013-04-08 08:00:00,245.283,0
2013-04-08 08:30:00,237.28,0
2013-04-08 09:00:00,220.201,0
2013-04-08 09:30:00,222.961,0
2013-04-08 10:00:00,211.447,0
2013-04-08 10:30:00,193.592,0
2013-04-08 11:00:00,191.777,0
2013-04-08 11:30:00,195.871,0
2013-04-08 12:00:00,196.061,0
2013-04-08 12:30:00,188.961,0
2013-04-08 13:00:00,182.958,0
2013-04-08 13:30:00,189.264,0
2013-04-08 14:00:00,193.986,0
2013-04-08 14:30:00,198.521,0
2013-04-08 15:00:00,192.75,0
2013-04-08 15:30:00,211.865,0
2013-04-08 16:00:00,225.895,0
2013-04-08 16:30:00,245.074,0
2013-04-08 17:00:00,251.041,0
2013-04-08 17:30:00,266.943,0
2013-04-08 18:00:00,278.784,0
2013-04-08 18:30:00,299.154,0
2013-04-08 19:00:00,311.987,0
2013-04-08 19:30:00,332.793,0
2013-04-08 20:00:00,343.038,0
2013-04-08 20:30:00,325.008,0
2013-04-08 21:00:00,313.468,0
2013-04-08 21:30:00,304.006,0
2013-04-08 22:00:00,270.78,0
2013-04-08 22:30:00,233.072,0
2013-04-08 23:00:00,199.34,0
2013-04-08 23:30:00,166.444,0
2013-04-09 00:00:00,141.958,0
2013-04-09 00:30:00,129.362,0
2013-04-09 01:00:00,119.908,0
2013-04-09 01:30:00,113.543,0
2013-04-09 02:00:00,112.829,0
2013-04-09 02:30:00,111.751,0
2013-04-09 03:00:00,111.659,0
2013-04-09 03:30:00,113.841,0
2013-04-09 04:00:00,116.554,0
2013-04-09 04:30:00,114.181,0
2013-04-09 05:00:00,122.238,0
2013-04-09 05:30:00,139.34,0
2013-04-09 06:00:00,165.681,0
2013-04-09 06:30:00,188.133,0
2013-04-09 07:00:00,220.844,0
2013-04-09 07:30:00,239.26,0
2013-04-09 08:00:00,244.672,0
2013-04-09 08:30:00,238.785,0
2013-04-09 09:00:00,237.191,0
2013-04-09 09:30:00,233.306,0
2013-04-09 10:00:00,221.019,0
2013-04-09 10:30:00,231.46,0
2013-04-09 11:00:00,241.875,0
2013-04-09 11:30:00,228.134,0
2013-04-09 12:00:00,232.622,0
2013-04-09 12:30:00,232.58,0
2013-04-09 13:00:00,221.583,0
2013-04-09 13:30:00,200.297,0
2013-04-09 14:00:00,196.175,0
2013-04-09 14:30:00,206.332,0
2013-04-09 15:00:00,214.654,0
2013-04-09 15:30:00,231.887,0
2013-04-09 16:00:00,258.23,0
2013-04-09 16:30:00,253.274,0
2013-04-09 17:00:00,265.888,0
2013-04-09 17:30:00,299.575,0
2013-04-09 18:00:00,306.067,0
2013-04-09 18:30:00,322.345,0
2013-04-09 19:00:00,342.201,0
2013-04-09 19:30:00,331.586,0
2013-04-09 20:00:00,328.161,0
2013-04-09 20:30:00,321.689,0
2013-04-09 21:00:00,308.508,0
2013-04-09 21:30:00,293.076,0
2013-04-09 22:00:00,259.869,0
2013-04-09 22:30:00,222.457,0
2013-04-09 23:00:00,183.003,0
2013-04-09 23:30:00,163.701,0
2013-04-10 00:00:00,142.84,0
2013-04-10 00:30:00,127.109,0
2013-04-10 01:00:00,115.256,0
2013-04-10 01:30:00,115.536,0
2013-04-10 02:00:00,109.67,0
2013-04-10 02:30:00,110.943,0
2013-04-10 03:00:00,107.936,0
2013-04-10 03:30:00,112.463,0
2013-04-10 04:00:00,112.957,0
2013-04-10 04:30:00,119.467,0
2013-04-10 05:00:00,125.379,0
2013-04-10 05:30:00,147.334,0
2013-04-10 06:00:00,166.111,0
2013-04-10 06:30:00,198.071,0
2013-04-10 07:00:00,222.125,0
2013-04-10 07:30:00,234.157,0
2013-04-10 08:00:00,234.072,0
2013-04-10 08:30:00,227.819,0
2013-04-10 09:00:00,231.774,0
2013-04-10 09:30:00,231.278,0
2013-04-10 10:00:00,208.706,0
2013-04-10 10:30:00,204.015,0
2013-04-10 11:00:00,202.893,0
2013-04-10 11:30:00,211.133,0
2013-04-10 12:00:00,204.594,0
2013-04-10 12:30:00,208.498,0
2013-04-10 13:00:00,201.871,0
2013-04-10 13:30:00,189.422,0
2013-04-10 14:00:00,188.444,0
2013-04-10 14:30:00,193.988,0
2013-04-10 15:00:00,201.235,0
2013-04-10 15:30:00,213.056,0
2013-04-10 16:00:00,228.593,0
2013-04-10 16:30:00,235.602,0
2013-04-10 17:00:00,253.053,0
2013-04-10 17:30:00,279.533,0
2013-04-10 18:00:00,300.44,0
2013-04-10 18:30:00,319.921,0
2013-04-10 19:00:00,319.827,0
2013-04-10 19:30:00,325.573,0
2013-04-10 20:00:00,318.231,0
2013-04-10 20:30:00,304.161,0
2013-04-10 21:00:00,303.081,0
2013-04-10 21:30:00,287.11,0
2013-04-10 22:00:00,266.363,0
2013-04-10 22:30:00,222.436,0
2013-04-10 23:00:00,188.728,0
2013-04-10 23:30:00,161.575,0
2013-04-11 00:00:00,141.326,0
2013-04-11 00:30:00,125.299,0
2013-04-11 01:00:00,117.547,0
2013-04-11 01:30:00,111.571,0
2013-04-11 02:00:00,109.394,0
2013-04-11 02:30:00,107.96,0
2013-04-11 03:00:00,105.826,0
2013-04-11 03:30:00,106.517,0
2013-04-11 04:00:00,106.982,0
2013-04-11 04:30:00,110.091,0
2013-04-11 05:00:00,125.573,0
2013-04-11 05:30:00,145.098,0
2013-04-11 06:00:00,158.821,0
2013-04-11 06:30:00,182.223,0
2013-04-11 07:00:00,211.343,0
2013-04-11 07:30:00,232.342,0
2013-04-11 08:00:00,239.452,0
2013-04-11 08:30:00,238.706,0
2013-04-11 09:00:00,233.403,0
2013-04-11 09:30:00,229.802,0
2013-04-11 10:00:00,229.657,0
2013-04-11 10:30:00,247.005,0
2013-04-11 11:00:00,237.539,0
2013-04-11 11:30:00,228.322,0
2013-04-11 12:00:00,232.33,0
2013-04-11 12:30:00,237.603,0
2013-04-11 13:00:00,225.436,0
2013-04-11 13:30:00,215.075,0
2013-04-11 14:00:00,211.14,0
2013-04-11 14:30:00,206.777,0
2013-04-11 15:00:00,208.473,0
2013-04-11 15:30:00,217.429,0
2013-04-11 16:00:00,231.984,0
2013-04-11 16:30:00,238.018,0
2013-04-11 17:00:00,246.359,0
2013-04-11 17:30:00,269.089,0
2013-04-11 18:00:00,282.485,0
2013-04-11 18:30:00,309.536,0
2013-04-11 19:00:00,301.996,0
2013-04-11 19:30:00,308.102,0
2013-04-11 20:00:00,309.017,0
2013-04-11 20:30:00,304.967,0
2013-04-11 21:00:00,292.154,0
2013-04-11 21:30:00,288.323,0
2013-04-11 22:00:00,259.558,0
2013-04-11 22:30:00,224.65,0
2013-04-11 23:00:00,193.152,0
2013-04-11 23:30:00,165.984,0
2013-04-12 00:00:00,138.65,0
2013-04-12 00:30:00,125.729,0
2013-04-12 01:00:00,111.706,0
2013-04-12 01:30:00,110.736,0
2013-04-12 02:00:00,108.663,0
2013-04-12 02:30:00,106.017,0
2013-04-12 03:00:00,105.966,0
2013-04-12 03:30:00,105.715,0
2013-04-12 04:00:00,106.041,0
2013-04-12 04:30:00,113.164,0
2013-04-12 05:00:00,122.269,0
2013-04-12 05:30:00,136.314,0
2013-04-12 06:00:00,153.24,0
2013-04-12 06:30:00,176.157,0
2013-04-12 07:00:00,193.47,0
2013-04-12 07:30:00,219.608,0
2013-04-12 08:00:00,225.788,0
2013-04-12 08:30:00,224.408,0
2013-04-12 09:00:00,229.11,0
2013-04-12 09:30:00,237.015,0
2013-04-12 10:00:00,218.009,0
2013-04-12 10:30:00,220.276,0
2013-04-12 11:00:00,228.71,0
2013-04-12 11:30:00,223.729,0
2013-04-12 12:00:00,233.813,0
2013-04-12 12:30:00,231.202,0
2013-04-12 13:00:00,225.196,0
2013-04-12 13:30:00,217.642,0
2013-04-12 14:00:00,200.646,0
2013-04-12 14:30:00,214.151,0
2013-04-12 15:00:00,212.025,0
2013-04-12 15:30:00,222.067,0
2013-04-12 16:00:00,225.558,0
2013-04-12 16:30:00,235.216,0
2013-04-12 17:00:00,252.476,0
2013-04-12 17:30:00,276.101,0
2013-04-12 18:00:00,292.142,0
2013-04-12 18:30:00,302.006,0
2013-04-12 19:00:00,308.751,0
2013-04-12 19:30:00,305.01800000000003,0
2013-04-12 20:00:00,296.463,0
2013-04-12 20:30:00,294.9,0
2013-04-12 21:00:00,274.786,0
2013-04-12 21:30:00,268.259,0
2013-04-12 22:00:00,246.87,0
2013-04-12 22:30:00,222.463,0
2013-04-12 23:00:00,188.878,0
2013-04-12 23:30:00,166.021,0
2013-04-13 00:00:00,142.278,0
2013-04-13 00:30:00,130.044,0
2013-04-13 01:00:00,117.44,0
2013-04-13 01:30:00,111.18,0
2013-04-13 02:00:00,110.713,0
2013-04-13 02:30:00,107.335,0
2013-04-13 03:00:00,103.873,0
2013-04-13 03:30:00,103.774,0
2013-04-13 04:00:00,101.268,0
2013-04-13 04:30:00,103.77,0
2013-04-13 05:00:00,110.612,0
2013-04-13 05:30:00,122.488,0
2013-04-13 06:00:00,139.636,0
2013-04-13 06:30:00,159.363,0
2013-04-13 07:00:00,184.047,0
2013-04-13 07:30:00,206.345,0
2013-04-13 08:00:00,219.91,0
2013-04-13 08:30:00,228.91,0
2013-04-13 09:00:00,224.612,0
2013-04-13 09:30:00,224.531,0
2013-04-13 10:00:00,224.545,0
2013-04-13 10:30:00,223.587,0
2013-04-13 11:00:00,226.408,0
2013-04-13 11:30:00,233.401,0
2013-04-13 12:00:00,237.287,0
2013-04-13 12:30:00,248.87,0
2013-04-13 13:00:00,238.635,0
2013-04-13 13:30:00,235.053,0
2013-04-13 14:00:00,237.481,0
2013-04-13 14:30:00,243.962,0
2013-04-13 15:00:00,241.285,0
2013-04-13 15:30:00,246.582,0
2013-04-13 16:00:00,258.352,0
2013-04-13 16:30:00,248.779,0
2013-04-13 17:00:00,258.247,0
2013-04-13 17:30:00,261.502,0
2013-04-13 18:00:00,270.291,0
2013-04-13 18:30:00,280.479,0
2013-04-13 19:00:00,285.898,0
2013-04-13 19:30:00,292.297,0
2013-04-13 20:00:00,287.168,0
2013-04-13 20:30:00,277.63,0
2013-04-13 21:00:00,264.218,0
2013-04-13 21:30:00,252.449,0
2013-04-13 22:00:00,238.182,0
2013-04-13 22:30:00,215.479,0
2013-04-13 23:00:00,193.847,0
2013-04-13 23:30:00,171.673,0
2013-04-14 00:00:00,146.605,0
2013-04-14 00:30:00,135.06,0
2013-04-14 01:00:00,125.43,0
2013-04-14 01:30:00,116.002,0
2013-04-14 02:00:00,109.426,0
2013-04-14 02:30:00,109.771,0
2013-04-14 03:00:00,103.344,0
2013-04-14 03:30:00,103.888,0
2013-04-14 04:00:00,104.229,0
2013-04-14 04:30:00,104.779,0
2013-04-14 05:00:00,112.024,0
2013-04-14 05:30:00,121.997,0
2013-04-14 06:00:00,133.533,0
2013-04-14 06:30:00,149.961,0
2013-04-14 07:00:00,174.536,0
2013-04-14 07:30:00,196.277,0
2013-04-14 08:00:00,208.981,0
2013-04-14 08:30:00,233.9,0
2013-04-14 09:00:00,238.978,0
2013-04-14 09:30:00,246.703,0
2013-04-14 10:00:00,233.37,0
2013-04-14 10:30:00,233.513,0
2013-04-14 11:00:00,232.305,0
2013-04-14 11:30:00,233.647,0
2013-04-14 12:00:00,237.046,0
2013-04-14 12:30:00,241.923,0
2013-04-14 13:00:00,232.164,0
2013-04-14 13:30:00,227.852,0
2013-04-14 14:00:00,221.464,0
2013-04-14 14:30:00,216.225,0
2013-04-14 15:00:00,217.519,0
2013-04-14 15:30:00,219.689,0
2013-04-14 16:00:00,231.2,0
2013-04-14 16:30:00,238.666,0
2013-04-14 17:00:00,240.869,0
2013-04-14 17:30:00,254.747,0
2013-04-14 18:00:00,262.969,0
2013-04-14 18:30:00,262.323,0
2013-04-14 19:00:00,281.425,0
2013-04-14 19:30:00,303.087,0
2013-04-14 20:00:00,292.8,0
2013-04-14 20:30:00,287.527,0
2013-04-14 21:00:00,280.939,0
2013-04-14 21:30:00,271.038,0
2013-04-14 22:00:00,247.556,0
2013-04-14 22:30:00,210.218,0
2013-04-14 23:00:00,177.305,0
2013-04-14 23:30:00,151.132,0
2013-04-15 00:00:00,129.061,0
2013-04-15 00:30:00,114.64,0
2013-04-15 01:00:00,107.799,0
2013-04-15 01:30:00,102.593,0
2013-04-15 02:00:00,98.843,0
2013-04-15 02:30:00,97.832,0
2013-04-15 03:00:00,94.68,0
2013-04-15 03:30:00,97.476,0
2013-04-15 04:00:00,98.799,0
2013-04-15 04:30:00,103.43,0
2013-04-15 05:00:00,117.274,0
2013-04-15 05:30:00,128.889,0
2013-04-15 06:00:00,156.143,0
2013-04-15 06:30:00,177.068,0
2013-04-15 07:00:00,197.29,0
2013-04-15 07:30:00,199.797,0
2013-04-15 08:00:00,206.541,0
2013-04-15 08:30:00,196.395,0
2013-04-15 09:00:00,189.024,0
2013-04-15 09:30:00,186.668,0
2013-04-15 10:00:00,172.082,0
2013-04-15 10:30:00,173.822,0
2013-04-15 11:00:00,179.351,0
2013-04-15 11:30:00,180.988,0
2013-04-15 12:00:00,186.75,0
2013-04-15 12:30:00,180.043,0
2013-04-15 13:00:00,175.837,0
2013-04-15 13:30:00,174.828,0
2013-04-15 14:00:00,174.316,0
2013-04-15 14:30:00,184.06,0
2013-04-15 15:00:00,190.774,0
2013-04-15 15:30:00,190.862,0
2013-04-15 16:00:00,200.408,0
2013-04-15 16:30:00,231.965,0
2013-04-15 17:00:00,238.2,0
2013-04-15 17:30:00,256.063,0
2013-04-15 18:00:00,264.484,0
2013-04-15 18:30:00,264.776,0
2013-04-15 19:00:00,270.232,0
2013-04-15 19:30:00,286.751,0
2013-04-15 20:00:00,286.551,0
2013-04-15 20:30:00,283.714,0
2013-04-15 21:00:00,274.319,0
2013-04-15 21:30:00,270.119,0
2013-04-15 22:00:00,235.969,0
2013-04-15 22:30:00,203.923,0
2013-04-15 23:00:00,171.658,0
2013-04-15 23:30:00,147.896,0
2013-04-16 00:00:00,125.448,0
2013-04-16 00:30:00,113.828,0
2013-04-16 01:00:00,104.104,0
2013-04-16 01:30:00,99.181,0
2013-04-16 02:00:00,98.941,0
2013-04-16 02:30:00,98.186,0
2013-04-16 03:00:00,97.404,0
2013-04-16 03:30:00,94.197,0
2013-04-16 04:00:00,98.574,0
2013-04-16 04:30:00,107.796,0
2013-04-16 05:00:00,129.576,0
2013-04-16 05:30:00,147.763,0
2013-04-16 06:00:00,182.57,0
2013-04-16 06:30:00,200.134,0
2013-04-16 07:00:00,237.052,0
2013-04-16 07:30:00,234.859,0
2013-04-16 08:00:00,242.679,0
2013-04-16 08:30:00,240.277,0
2013-04-16 09:00:00,224.957,0
2013-04-16 09:30:00,221.439,0
2013-04-16 10:00:00,203.15,0
2013-04-16 10:30:00,185.906,0
2013-04-16 11:00:00,193.836,0
2013-04-16 11:30:00,188.958,0
2013-04-16 12:00:00,177.143,0
2013-04-16 12:30:00,178.633,0
2013-04-16 13:00:00,173.648,0
2013-04-16 13:30:00,170.456,0
2013-04-16 14:00:00,170.153,0
2013-04-16 14:30:00,166.871,0
2013-04-16 15:00:00,182.039,0
2013-04-16 15:30:00,191.13,0
2013-04-16 16:00:00,205.767,0
2013-04-16 16:30:00,217.9,0
2013-04-16 17:00:00,221.4,0
2013-04-16 17:30:00,235.918,0
2013-04-16 18:00:00,270.307,0
2013-04-16 18:30:00,266.096,0
2013-04-16 19:00:00,268.161,0
2013-04-16 19:30:00,286.963,0
2013-04-16 20:00:00,288.945,0
2013-04-16 20:30:00,283.3,0
2013-04-16 21:00:00,271.548,0
2013-04-16 21:30:00,260.523,0
2013-04-16 22:00:00,232.456,0
2013-04-16 22:30:00,199.616,0
2013-04-16 23:00:00,168.356,0
2013-04-16 23:30:00,140.893,0
2013-04-17 00:00:00,118.191,0
2013-04-17 00:30:00,108.27,0
2013-04-17 01:00:00,104.387,0
2013-04-17 01:30:00,99.404,0
2013-04-17 02:00:00,97.364,0
2013-04-17 02:30:00,97.232,0
2013-04-17 03:00:00,95.303,0
2013-04-17 03:30:00,97.359,0
2013-04-17 04:00:00,98.851,0
2013-04-17 04:30:00,100.504,0
2013-04-17 05:00:00,114.365,0
2013-04-17 05:30:00,132.844,0
2013-04-17 06:00:00,162.071,0
2013-04-17 06:30:00,178.619,0
2013-04-17 07:00:00,202.167,0
2013-04-17 07:30:00,206.022,0
2013-04-17 08:00:00,209.421,0
2013-04-17 08:30:00,207.651,0
2013-04-17 09:00:00,190.373,0
2013-04-17 09:30:00,195.117,0
2013-04-17 10:00:00,186.813,0
2013-04-17 10:30:00,191.47,0
2013-04-17 11:00:00,184.054,0
2013-04-17 11:30:00,175.387,0
2013-04-17 12:00:00,192.728,0
2013-04-17 12:30:00,186.058,0
2013-04-17 13:00:00,170.611,0
2013-04-17 13:30:00,172.368,0
2013-04-17 14:00:00,171.822,0
2013-04-17 14:30:00,171.689,0
2013-04-17 15:00:00,177.687,0
2013-04-17 15:30:00,192.676,0
2013-04-17 16:00:00,200.216,0
2013-04-17 16:30:00,211.818,0
2013-04-17 17:00:00,217.85,0
2013-04-17 17:30:00,244.497,0
2013-04-17 18:00:00,256.068,0
2013-04-17 18:30:00,245.735,0
2013-04-17 19:00:00,252.684,0
2013-04-17 19:30:00,284.402,0
2013-04-17 20:00:00,283.703,0
2013-04-17 20:30:00,282.419,0
2013-04-17 21:00:00,264.932,0
2013-04-17 21:30:00,247.097,0
2013-04-17 22:00:00,222.093,0
2013-04-17 22:30:00,194.865,0
2013-04-17 23:00:00,159.598,0
2013-04-17 23:30:00,142.937,0
2013-04-18 00:00:00,123.709,0
2013-04-18 00:30:00,109.548,0
2013-04-18 01:00:00,101.752,0
2013-04-18 01:30:00,102.837,0
2013-04-18 02:00:00,101.001,0
2013-04-18 02:30:00,98.453,0
2013-04-18 03:00:00,96.336,0
2013-04-18 03:30:00,99.004,0
2013-04-18 04:00:00,98.923,0
2013-04-18 04:30:00,108.039,0
2013-04-18 05:00:00,117.032,0
2013-04-18 05:30:00,136.101,0
2013-04-18 06:00:00,161.99,0
2013-04-18 06:30:00,180.994,0
2013-04-18 07:00:00,203.474,0
2013-04-18 07:30:00,209.633,0
2013-04-18 08:00:00,205.652,0
2013-04-18 08:30:00,187.798,0
2013-04-18 09:00:00,180.554,0
2013-04-18 09:30:00,184.174,0
2013-04-18 10:00:00,172.265,0
2013-04-18 10:30:00,179.204,0
2013-04-18 11:00:00,173.949,0
2013-04-18 11:30:00,174.415,0
2013-04-18 12:00:00,180.172,0
2013-04-18 12:30:00,173.299,0
2013-04-18 13:00:00,180.375,0
2013-04-18 13:30:00,180.708,0
2013-04-18 14:00:00,181.252,0
2013-04-18 14:30:00,189.928,0
2013-04-18 15:00:00,206.484,0
2013-04-18 15:30:00,215.194,0
2013-04-18 16:00:00,216.092,0
2013-04-18 16:30:00,222.799,0
2013-04-18 17:00:00,219.717,0
2013-04-18 17:30:00,242.381,0
2013-04-18 18:00:00,255.151,0
2013-04-18 18:30:00,265.504,0
2013-04-18 19:00:00,256.145,0
2013-04-18 19:30:00,273.492,0
2013-04-18 20:00:00,284.724,0
2013-04-18 20:30:00,283.976,0
2013-04-18 21:00:00,273.351,0
2013-04-18 21:30:00,261.694,0
2013-04-18 22:00:00,235.958,0
2013-04-18 22:30:00,210.709,0
2013-04-18 23:00:00,171.413,0
2013-04-18 23:30:00,146.42,0
2013-04-19 00:00:00,126.316,0
2013-04-19 00:30:00,112.638,0
2013-04-19 01:00:00,104.407,0
2013-04-19 01:30:00,103.621,0
2013-04-19 02:00:00,101.155,0
2013-04-19 02:30:00,99.746,0
2013-04-19 03:00:00,101.02,0
2013-04-19 03:30:00,101.118,0
2013-04-19 04:00:00,102.29,0
2013-04-19 04:30:00,106.966,0
2013-04-19 05:00:00,119.274,0
2013-04-19 05:30:00,137.352,0
2013-04-19 06:00:00,160.495,0
2013-04-19 06:30:00,196.342,0
2013-04-19 07:00:00,212.902,0
2013-04-19 07:30:00,204.989,0
2013-04-19 08:00:00,204.315,0
2013-04-19 08:30:00,205.092,0
2013-04-19 09:00:00,201.015,0
2013-04-19 09:30:00,199.745,0
2013-04-19 10:00:00,192.794,0
2013-04-19 10:30:00,184.649,0
2013-04-19 11:00:00,184.144,0
2013-04-19 11:30:00,193.084,0
2013-04-19 12:00:00,190.436,0
2013-04-19 12:30:00,184.981,0
2013-04-19 13:00:00,188.01,0
2013-04-19 13:30:00,182.0,0
2013-04-19 14:00:00,185.383,0
2013-04-19 14:30:00,192.358,0
2013-04-19 15:00:00,197.18,0
2013-04-19 15:30:00,201.629,0
2013-04-19 16:00:00,204.224,0
2013-04-19 16:30:00,221.537,0
2013-04-19 17:00:00,226.928,0
2013-04-19 17:30:00,239.927,0
2013-04-19 18:00:00,249.789,0
2013-04-19 18:30:00,253.887,0
2013-04-19 19:00:00,265.55,0
2013-04-19 19:30:00,278.334,0
2013-04-19 20:00:00,281.401,0
2013-04-19 20:30:00,274.432,0
2013-04-19 21:00:00,264.231,0
2013-04-19 21:30:00,255.71,0
2013-04-19 22:00:00,234.989,0
2013-04-19 22:30:00,208.863,0
2013-04-19 23:00:00,184.23,0
2013-04-19 23:30:00,156.108,0
2013-04-20 00:00:00,136.311,0
2013-04-20 00:30:00,121.366,0
2013-04-20 01:00:00,110.601,0
2013-04-20 01:30:00,104.403,0
2013-04-20 02:00:00,103.201,0
2013-04-20 02:30:00,100.963,0
2013-04-20 03:00:00,98.098,0
2013-04-20 03:30:00,97.214,0
2013-04-20 04:00:00,97.065,0
2013-04-20 04:30:00,101.316,0
2013-04-20 05:00:00,108.936,0
2013-04-20 05:30:00,117.866,0
2013-04-20 06:00:00,140.567,0
2013-04-20 06:30:00,164.984,0
2013-04-20 07:00:00,181.024,0
2013-04-20 07:30:00,203.658,0
2013-04-20 08:00:00,218.16,0
2013-04-20 08:30:00,224.315,0
2013-04-20 09:00:00,218.665,0
2013-04-20 09:30:00,205.773,0
2013-04-20 10:00:00,195.566,0
2013-04-20 10:30:00,199.775,0
2013-04-20 11:00:00,206.747,0
2013-04-20 11:30:00,199.006,0
2013-04-20 12:00:00,202.115,0
2013-04-20 12:30:00,201.211,0
2013-04-20 13:00:00,189.456,0
2013-04-20 13:30:00,183.717,0
2013-04-20 14:00:00,179.145,0
2013-04-20 14:30:00,181.069,0
2013-04-20 15:00:00,178.685,0
2013-04-20 15:30:00,182.162,0
2013-04-20 16:00:00,194.639,0
2013-04-20 16:30:00,208.405,0
2013-04-20 17:00:00,217.65,0
2013-04-20 17:30:00,229.47,0
2013-04-20 18:00:00,250.066,0
2013-04-20 18:30:00,252.709,0
2013-04-20 19:00:00,254.289,0
2013-04-20 19:30:00,257.97,0
2013-04-20 20:00:00,262.213,0
2013-04-20 20:30:00,266.518,0
2013-04-20 21:00:00,260.255,0
2013-04-20 21:30:00,248.121,0
2013-04-20 22:00:00,229.388,0
2013-04-20 22:30:00,206.09,0
2013-04-20 23:00:00,177.58,0
2013-04-20 23:30:00,155.66,0
2013-04-21 00:00:00,144.152,0
2013-04-21 00:30:00,126.398,0
2013-04-21 01:00:00,115.491,0
2013-04-21 01:30:00,108.943,0
2013-04-21 02:00:00,104.053,0
2013-04-21 02:30:00,101.344,0
2013-04-21 03:00:00,99.219,0
2013-04-21 03:30:00,100.483,0
2013-04-21 04:00:00,100.764,0
2013-04-21 04:30:00,103.717,0
2013-04-21 05:00:00,111.682,0
2013-04-21 05:30:00,117.576,0
2013-04-21 06:00:00,133.44,0
2013-04-21 06:30:00,149.201,0
2013-04-21 07:00:00,173.977,0
2013-04-21 07:30:00,194.205,0
2013-04-21 08:00:00,209.555,0
2013-04-21 08:30:00,217.424,0
2013-04-21 09:00:00,202.863,0
2013-04-21 09:30:00,214.287,0
2013-04-21 10:00:00,226.564,0
2013-04-21 10:30:00,295.87,0
2013-04-21 11:00:00,277.347,0
2013-04-21 11:30:00,277.832,0
2013-04-21 12:00:00,295.102,0
2013-04-21 12:30:00,273.775,0
2013-04-21 13:00:00,256.123,0
2013-04-21 13:30:00,223.973,0
2013-04-21 14:00:00,206.3,0
2013-04-21 14:30:00,208.867,0
2013-04-21 15:00:00,210.354,0
2013-04-21 15:30:00,219.372,0
2013-04-21 16:00:00,224.112,0
2013-04-21 16:30:00,236.106,0
2013-04-21 17:00:00,242.993,0
2013-04-21 17:30:00,258.855,0
2013-04-21 18:00:00,274.642,0
2013-04-21 18:30:00,277.496,0
2013-04-21 19:00:00,266.106,0
2013-04-21 19:30:00,280.283,0
2013-04-21 20:00:00,285.789,0
2013-04-21 20:30:00,277.52,0
2013-04-21 21:00:00,265.749,0
2013-04-21 21:30:00,269.015,0
2013-04-21 22:00:00,233.575,0
2013-04-21 22:30:00,197.399,0
2013-04-21 23:00:00,169.123,0
2013-04-21 23:30:00,144.744,0
2013-04-22 00:00:00,121.089,0
2013-04-22 00:30:00,110.454,0
2013-04-22 01:00:00,102.957,0
2013-04-22 01:30:00,96.257,0
2013-04-22 02:00:00,96.229,0
2013-04-22 02:30:00,94.624,0
2013-04-22 03:00:00,95.719,0
2013-04-22 03:30:00,96.159,0
2013-04-22 04:00:00,97.231,0
2013-04-22 04:30:00,105.922,0
2013-04-22 05:00:00,115.543,0
2013-04-22 05:30:00,136.345,0
2013-04-22 06:00:00,163.184,0
2013-04-22 06:30:00,178.878,0
2013-04-22 07:00:00,197.238,0
2013-04-22 07:30:00,197.611,0
2013-04-22 08:00:00,193.035,0
2013-04-22 08:30:00,184.209,0
2013-04-22 09:00:00,181.992,0
2013-04-22 09:30:00,186.787,0
2013-04-22 10:00:00,180.062,0
2013-04-22 10:30:00,182.707,0
2013-04-22 11:00:00,174.418,0
2013-04-22 11:30:00,174.897,0
2013-04-22 12:00:00,179.63,0
2013-04-22 12:30:00,175.342,0
2013-04-22 13:00:00,169.834,0
2013-04-22 13:30:00,165.543,0
2013-04-22 14:00:00,167.734,0
2013-04-22 14:30:00,166.839,0
2013-04-22 15:00:00,187.297,0
2013-04-22 15:30:00,192.925,0
2013-04-22 16:00:00,217.575,0
2013-04-22 16:30:00,234.682,0
2013-04-22 17:00:00,255.236,0
2013-04-22 17:30:00,271.158,0
2013-04-22 18:00:00,274.714,0
2013-04-22 18:30:00,276.622,0
2013-04-22 19:00:00,280.11,0
2013-04-22 19:30:00,279.841,0
2013-04-22 20:00:00,296.118,0
2013-04-22 20:30:00,281.684,0
2013-04-22 21:00:00,270.908,0
2013-04-22 21:30:00,257.598,0
2013-04-22 22:00:00,226.907,0
2013-04-22 22:30:00,195.406,0
2013-04-22 23:00:00,163.319,0
2013-04-22 23:30:00,137.5,0
2013-04-23 00:00:00,121.59,0
2013-04-23 00:30:00,109.51,0
2013-04-23 01:00:00,100.812,0
2013-04-23 01:30:00,97.475,0
2013-04-23 02:00:00,97.596,0
2013-04-23 02:30:00,94.918,0
2013-04-23 03:00:00,92.836,0
2013-04-23 03:30:00,91.725,0
2013-04-23 04:00:00,96.728,0
2013-04-23 04:30:00,103.051,0
2013-04-23 05:00:00,115.563,0
2013-04-23 05:30:00,136.788,0
2013-04-23 06:00:00,165.825,0
2013-04-23 06:30:00,194.174,0
2013-04-23 07:00:00,197.726,0
2013-04-23 07:30:00,205.961,0
2013-04-23 08:00:00,210.678,0
2013-04-23 08:30:00,196.816,0
2013-04-23 09:00:00,188.458,0
2013-04-23 09:30:00,188.662,0
2013-04-23 10:00:00,170.777,0
2013-04-23 10:30:00,181.594,0
2013-04-23 11:00:00,179.935,0
2013-04-23 11:30:00,185.153,0
2013-04-23 12:00:00,171.201,0
2013-04-23 12:30:00,171.763,0
2013-04-23 13:00:00,175.996,0
2013-04-23 13:30:00,170.107,0
2013-04-23 14:00:00,169.362,0
2013-04-23 14:30:00,163.45,0
2013-04-23 15:00:00,173.79,0
2013-04-23 15:30:00,193.075,0
2013-04-23 16:00:00,192.923,0
2013-04-23 16:30:00,197.404,0
2013-04-23 17:00:00,195.806,0
2013-04-23 17:30:00,200.474,0
2013-04-23 18:00:00,207.143,0
2013-04-23 18:30:00,214.596,0
2013-04-23 19:00:00,227.245,0
2013-04-23 19:30:00,249.784,0
2013-04-23 20:00:00,263.029,0
2013-04-23 20:30:00,257.442,0
2013-04-23 21:00:00,246.628,0
2013-04-23 21:30:00,237.909,0
2013-04-23 22:00:00,211.187,0
2013-04-23 22:30:00,195.402,0
2013-04-23 23:00:00,164.415,0
2013-04-23 23:30:00,139.585,0
2013-04-24 00:00:00,123.521,0
2013-04-24 00:30:00,108.717,0
2013-04-24 01:00:00,103.015,0
2013-04-24 01:30:00,98.953,0
2013-04-24 02:00:00,96.712,0
2013-04-24 02:30:00,94.593,0
2013-04-24 03:00:00,92.13,0
2013-04-24 03:30:00,94.964,0
2013-04-24 04:00:00,94.775,0
2013-04-24 04:30:00,99.987,0
2013-04-24 05:00:00,106.157,0
2013-04-24 05:30:00,121.803,0
2013-04-24 06:00:00,144.239,0
2013-04-24 06:30:00,173.104,0
2013-04-24 07:00:00,190.24,0
2013-04-24 07:30:00,188.638,0
2013-04-24 08:00:00,186.481,0
2013-04-24 08:30:00,179.634,0
2013-04-24 09:00:00,181.654,0
2013-04-24 09:30:00,179.178,0
2013-04-24 10:00:00,171.894,0
2013-04-24 10:30:00,162.581,0
2013-04-24 11:00:00,166.381,0
2013-04-24 11:30:00,168.145,0
2013-04-24 12:00:00,164.393,0
2013-04-24 12:30:00,169.927,0
2013-04-24 13:00:00,167.916,0
2013-04-24 13:30:00,162.389,0
2013-04-24 14:00:00,157.693,0
2013-04-24 14:30:00,156.367,0
2013-04-24 15:00:00,172.4,0
2013-04-24 15:30:00,176.777,0
2013-04-24 16:00:00,186.541,0
2013-04-24 16:30:00,211.009,0
2013-04-24 17:00:00,217.7,0
2013-04-24 17:30:00,227.722,0
2013-04-24 18:00:00,240.978,0
2013-04-24 18:30:00,247.403,0
2013-04-24 19:00:00,248.504,0
2013-04-24 19:30:00,261.729,0
2013-04-24 20:00:00,261.50600000000003,0
2013-04-24 20:30:00,256.639,0
2013-04-24 21:00:00,248.909,0
2013-04-24 21:30:00,238.211,0
2013-04-24 22:00:00,218.214,0
2013-04-24 22:30:00,191.484,0
2013-04-24 23:00:00,158.371,0
2013-04-24 23:30:00,130.121,0
2013-04-25 00:00:00,116.219,0
2013-04-25 00:30:00,105.8,0
2013-04-25 01:00:00,98.86,0
2013-04-25 01:30:00,95.871,0
2013-04-25 02:00:00,92.95,0
2013-04-25 02:30:00,91.75,0
2013-04-25 03:00:00,90.919,0
2013-04-25 03:30:00,92.374,0
2013-04-25 04:00:00,94.929,0
2013-04-25 04:30:00,98.547,0
2013-04-25 05:00:00,111.745,0
2013-04-25 05:30:00,124.873,0
2013-04-25 06:00:00,148.105,0
2013-04-25 06:30:00,177.605,0
2013-04-25 07:00:00,184.536,0
2013-04-25 07:30:00,197.271,0
2013-04-25 08:00:00,183.538,0
2013-04-25 08:30:00,182.14,0
2013-04-25 09:00:00,168.393,0
2013-04-25 09:30:00,158.846,0
2013-04-25 10:00:00,159.0,0
2013-04-25 10:30:00,159.772,0
2013-04-25 11:00:00,160.628,0
2013-04-25 11:30:00,170.03,0
2013-04-25 12:00:00,160.031,0
2013-04-25 12:30:00,158.872,0
2013-04-25 13:00:00,150.462,0
2013-04-25 13:30:00,149.032,0
2013-04-25 14:00:00,154.668,0
2013-04-25 14:30:00,152.169,0
2013-04-25 15:00:00,158.905,0
2013-04-25 15:30:00,171.447,0
2013-04-25 16:00:00,179.18,0
2013-04-25 16:30:00,192.476,0
2013-04-25 17:00:00,192.91,0
2013-04-25 17:30:00,209.694,0
2013-04-25 18:00:00,230.143,0
2013-04-25 18:30:00,230.723,0
2013-04-25 19:00:00,224.432,0
2013-04-25 19:30:00,247.341,0
2013-04-25 20:00:00,256.773,0
2013-04-25 20:30:00,260.958,0
2013-04-25 21:00:00,255.409,0
2013-04-25 21:30:00,242.618,0
2013-04-25 22:00:00,218.759,0
2013-04-25 22:30:00,189.879,0
2013-04-25 23:00:00,157.024,0
2013-04-25 23:30:00,130.77,0
2013-04-26 00:00:00,115.372,0
2013-04-26 00:30:00,104.619,0
2013-04-26 01:00:00,99.583,0
2013-04-26 01:30:00,95.323,0
2013-04-26 02:00:00,96.113,0
2013-04-26 02:30:00,88.258,0
2013-04-26 03:00:00,88.786,0
2013-04-26 03:30:00,88.675,0
2013-04-26 04:00:00,91.993,0
2013-04-26 04:30:00,99.571,0
2013-04-26 05:00:00,101.481,0
2013-04-26 05:30:00,125.608,0
2013-04-26 06:00:00,157.165,0
2013-04-26 06:30:00,176.542,0
2013-04-26 07:00:00,192.176,0
2013-04-26 07:30:00,189.111,0
2013-04-26 08:00:00,190.533,0
2013-04-26 08:30:00,188.785,0
2013-04-26 09:00:00,181.189,0
2013-04-26 09:30:00,181.042,0
2013-04-26 10:00:00,174.961,0
2013-04-26 10:30:00,171.075,0
2013-04-26 11:00:00,184.624,0
2013-04-26 11:30:00,187.275,0
2013-04-26 12:00:00,183.936,0
2013-04-26 12:30:00,168.363,0
2013-04-26 13:00:00,166.888,0
2013-04-26 13:30:00,164.679,0
2013-04-26 14:00:00,166.021,0
2013-04-26 14:30:00,168.592,0
2013-04-26 15:00:00,174.914,0
2013-04-26 15:30:00,188.631,0
2013-04-26 16:00:00,196.267,0
2013-04-26 16:30:00,202.257,0
2013-04-26 17:00:00,213.82,0
2013-04-26 17:30:00,232.757,0
2013-04-26 18:00:00,231.199,0
2013-04-26 18:30:00,238.176,0
2013-04-26 19:00:00,246.001,0
2013-04-26 19:30:00,272.813,0
2013-04-26 20:00:00,283.099,0
2013-04-26 20:30:00,282.042,0
2013-04-26 21:00:00,271.871,0
2013-04-26 21:30:00,249.693,0
2013-04-26 22:00:00,225.122,0
2013-04-26 22:30:00,193.147,0
2013-04-26 23:00:00,171.906,0
2013-04-26 23:30:00,145.529,0
2013-04-27 00:00:00,128.757,0
2013-04-27 00:30:00,114.579,0
2013-04-27 01:00:00,108.263,0
2013-04-27 01:30:00,99.443,0
2013-04-27 02:00:00,96.0,0
2013-04-27 02:30:00,93.477,0
2013-04-27 03:00:00,90.871,0
2013-04-27 03:30:00,92.228,0
2013-04-27 04:00:00,91.908,0
2013-04-27 04:30:00,95.85,0
2013-04-27 05:00:00,101.843,0
2013-04-27 05:30:00,118.281,0
2013-04-27 06:00:00,124.088,0
2013-04-27 06:30:00,149.282,0
2013-04-27 07:00:00,165.258,0
2013-04-27 07:30:00,187.022,0
2013-04-27 08:00:00,197.22,0
2013-04-27 08:30:00,208.904,0
2013-04-27 09:00:00,202.429,0
2013-04-27 09:30:00,193.547,0
2013-04-27 10:00:00,189.643,0
2013-04-27 10:30:00,192.469,0
2013-04-27 11:00:00,189.869,0
2013-04-27 11:30:00,194.995,0
2013-04-27 12:00:00,196.971,0
2013-04-27 12:30:00,197.783,0
2013-04-27 13:00:00,203.572,0
2013-04-27 13:30:00,233.393,0
2013-04-27 14:00:00,227.732,0
2013-04-27 14:30:00,220.771,0
2013-04-27 15:00:00,227.337,0
2013-04-27 15:30:00,241.028,0
2013-04-27 16:00:00,234.448,0
2013-04-27 16:30:00,233.74,0
2013-04-27 17:00:00,229.503,0
2013-04-27 17:30:00,236.926,0
2013-04-27 18:00:00,250.664,0
2013-04-27 18:30:00,267.521,0
2013-04-27 19:00:00,261.56,0
2013-04-27 19:30:00,269.09,0
2013-04-27 20:00:00,266.511,0
2013-04-27 20:30:00,261.935,0
2013-04-27 21:00:00,255.314,0
2013-04-27 21:30:00,247.326,0
2013-04-27 22:00:00,234.902,0
2013-04-27 22:30:00,205.728,0
2013-04-27 23:00:00,180.641,0
2013-04-27 23:30:00,157.483,0
2013-04-28 00:00:00,140.122,0
2013-04-28 00:30:00,128.034,0
2013-04-28 01:00:00,117.066,0
2013-04-28 01:30:00,111.201,0
2013-04-28 02:00:00,108.858,0
2013-04-28 02:30:00,102.593,0
2013-04-28 03:00:00,98.774,0
2013-04-28 03:30:00,96.896,0
2013-04-28 04:00:00,96.339,0
2013-04-28 04:30:00,102.458,0
2013-04-28 05:00:00,104.367,0
2013-04-28 05:30:00,113.885,0
2013-04-28 06:00:00,128.137,0
2013-04-28 06:30:00,153.75,0
2013-04-28 07:00:00,164.393,0
2013-04-28 07:30:00,182.147,0
2013-04-28 08:00:00,207.106,0
2013-04-28 08:30:00,220.336,0
2013-04-28 09:00:00,209.612,0
2013-04-28 09:30:00,213.006,0
2013-04-28 10:00:00,212.235,0
2013-04-28 10:30:00,208.117,0
2013-04-28 11:00:00,220.779,0
2013-04-28 11:30:00,222.741,0
2013-04-28 12:00:00,235.546,0
2013-04-28 12:30:00,231.808,0
2013-04-28 13:00:00,226.088,0
2013-04-28 13:30:00,227.776,0
2013-04-28 14:00:00,214.983,0
2013-04-28 14:30:00,214.597,0
2013-04-28 15:00:00,217.857,0
2013-04-28 15:30:00,227.387,0
2013-04-28 16:00:00,234.579,0
2013-04-28 16:30:00,250.508,0
2013-04-28 17:00:00,257.312,0
2013-04-28 17:30:00,259.949,0
2013-04-28 18:00:00,266.843,0
2013-04-28 18:30:00,279.656,0
2013-04-28 19:00:00,290.682,0
2013-04-28 19:30:00,285.026,0
2013-04-28 20:00:00,289.568,0
2013-04-28 20:30:00,277.64,0
2013-04-28 21:00:00,270.143,0
2013-04-28 21:30:00,256.932,0
2013-04-28 22:00:00,231.704,0
2013-04-28 22:30:00,198.556,0
2013-04-28 23:00:00,161.511,0
2013-04-28 23:30:00,140.009,0
2013-04-29 00:00:00,124.735,0
2013-04-29 00:30:00,114.022,0
2013-04-29 01:00:00,108.834,0
2013-04-29 01:30:00,101.485,0
2013-04-29 02:00:00,98.976,0
2013-04-29 02:30:00,97.147,0
2013-04-29 03:00:00,91.819,0
2013-04-29 03:30:00,91.989,0
2013-04-29 04:00:00,97.137,0
2013-04-29 04:30:00,106.253,0
2013-04-29 05:00:00,112.114,0
2013-04-29 05:30:00,136.456,0
2013-04-29 06:00:00,162.707,0
2013-04-29 06:30:00,186.506,0
2013-04-29 07:00:00,195.302,0
2013-04-29 07:30:00,201.851,0
2013-04-29 08:00:00,194.143,0
2013-04-29 08:30:00,190.783,0
2013-04-29 09:00:00,179.961,0
2013-04-29 09:30:00,173.857,0
2013-04-29 10:00:00,169.586,0
2013-04-29 10:30:00,164.904,0
2013-04-29 11:00:00,167.217,0
2013-04-29 11:30:00,169.605,0
2013-04-29 12:00:00,171.161,0
2013-04-29 12:30:00,173.666,0
2013-04-29 13:00:00,162.023,0
2013-04-29 13:30:00,162.384,0
2013-04-29 14:00:00,157.905,0
2013-04-29 14:30:00,167.852,0
2013-04-29 15:00:00,180.724,0
2013-04-29 15:30:00,193.454,0
2013-04-29 16:00:00,206.635,0
2013-04-29 16:30:00,227.52,0
2013-04-29 17:00:00,235.187,0
2013-04-29 17:30:00,248.601,0
2013-04-29 18:00:00,247.921,0
2013-04-29 18:30:00,256.546,0
2013-04-29 19:00:00,245.535,0
2013-04-29 19:30:00,253.884,0
2013-04-29 20:00:00,273.526,0
2013-04-29 20:30:00,281.797,0
2013-04-29 21:00:00,269.956,0
2013-04-29 21:30:00,251.422,0
2013-04-29 22:00:00,225.41,0
2013-04-29 22:30:00,193.182,0
2013-04-29 23:00:00,154.052,0
2013-04-29 23:30:00,130.177,0
2013-04-30 00:00:00,117.645,0
2013-04-30 00:30:00,107.895,0
2013-04-30 01:00:00,103.8,0
2013-04-30 01:30:00,99.391,0
2013-04-30 02:00:00,95.171,0
2013-04-30 02:30:00,93.657,0
2013-04-30 03:00:00,91.741,0
2013-04-30 03:30:00,92.597,0
2013-04-30 04:00:00,97.072,0
2013-04-30 04:30:00,100.378,0
2013-04-30 05:00:00,112.803,0
2013-04-30 05:30:00,141.592,0
2013-04-30 06:00:00,163.838,0
2013-04-30 06:30:00,194.867,0
2013-04-30 07:00:00,196.941,0
2013-04-30 07:30:00,201.966,0
2013-04-30 08:00:00,192.99,0
2013-04-30 08:30:00,173.883,0
2013-04-30 09:00:00,178.838,0
2013-04-30 09:30:00,166.42,0
2013-04-30 10:00:00,161.403,0
2013-04-30 10:30:00,162.609,0
2013-04-30 11:00:00,162.932,0
2013-04-30 11:30:00,165.141,0
2013-04-30 12:00:00,160.5,0
2013-04-30 12:30:00,158.623,0
2013-04-30 13:00:00,157.686,0
2013-04-30 13:30:00,149.671,0
2013-04-30 14:00:00,148.265,0
2013-04-30 14:30:00,149.654,0
2013-04-30 15:00:00,170.334,0
2013-04-30 15:30:00,186.766,0
2013-04-30 16:00:00,195.415,0
2013-04-30 16:30:00,204.096,0
2013-04-30 17:00:00,212.199,0
2013-04-30 17:30:00,235.616,0
2013-04-30 18:00:00,248.435,0
2013-04-30 18:30:00,245.256,0
2013-04-30 19:00:00,250.707,0
2013-04-30 19:30:00,251.049,0
2013-04-30 20:00:00,270.56,0
2013-04-30 20:30:00,281.672,0
2013-04-30 21:00:00,278.23,0
2013-04-30 21:30:00,258.726,0
2013-04-30 22:00:00,232.504,0
2013-04-30 22:30:00,190.981,0
2013-04-30 23:00:00,160.83,0
2013-04-30 23:30:00,141.584,0
2013-05-01 00:00:00,121.175,0
2013-05-01 00:30:00,110.076,0
2013-05-01 01:00:00,102.994,0
2013-05-01 01:30:00,96.954,0
2013-05-01 02:00:00,93.819,0
2013-05-01 02:30:00,96.078,0
2013-05-01 03:00:00,93.887,0
2013-05-01 03:30:00,95.31,0
2013-05-01 04:00:00,95.622,0
2013-05-01 04:30:00,108.322,0
2013-05-01 05:00:00,121.971,0
2013-05-01 05:30:00,148.527,0
2013-05-01 06:00:00,178.238,0
2013-05-01 06:30:00,207.128,0
2013-05-01 07:00:00,204.121,0
2013-05-01 07:30:00,212.579,0
2013-05-01 08:00:00,207.944,0
2013-05-01 08:30:00,197.284,0
2013-05-01 09:00:00,199.196,0
2013-05-01 09:30:00,194.587,0
2013-05-01 10:00:00,186.562,0
2013-05-01 10:30:00,171.101,0
2013-05-01 11:00:00,170.107,0
2013-05-01 11:30:00,177.709,0
2013-05-01 12:00:00,176.962,0
2013-05-01 12:30:00,164.02,0
2013-05-01 13:00:00,168.473,0
2013-05-01 13:30:00,161.512,0
2013-05-01 14:00:00,155.723,0
2013-05-01 14:30:00,163.159,0
2013-05-01 15:00:00,163.473,0
2013-05-01 15:30:00,185.087,0
2013-05-01 16:00:00,192.575,0
2013-05-01 16:30:00,180.446,0
2013-05-01 17:00:00,193.387,0
2013-05-01 17:30:00,211.283,0
2013-05-01 18:00:00,217.483,0
2013-05-01 18:30:00,224.135,0
2013-05-01 19:00:00,232.549,0
2013-05-01 19:30:00,236.46,0
2013-05-01 20:00:00,249.408,0
2013-05-01 20:30:00,248.565,0
2013-05-01 21:00:00,247.04,0
2013-05-01 21:30:00,242.076,0
2013-05-01 22:00:00,219.286,0
2013-05-01 22:30:00,196.338,0
2013-05-01 23:00:00,170.337,0
2013-05-01 23:30:00,145.929,0
2013-05-02 00:00:00,123.931,0
2013-05-02 00:30:00,113.223,0
2013-05-02 01:00:00,103.11,0
2013-05-02 01:30:00,98.206,0
2013-05-02 02:00:00,97.084,0
2013-05-02 02:30:00,92.844,0
2013-05-02 03:00:00,92.18,0
2013-05-02 03:30:00,89.749,0
2013-05-02 04:00:00,90.617,0
2013-05-02 04:30:00,97.378,0
2013-05-02 05:00:00,119.517,0
2013-05-02 05:30:00,140.754,0
2013-05-02 06:00:00,163.22,0
2013-05-02 06:30:00,186.468,0
2013-05-02 07:00:00,194.601,0
2013-05-02 07:30:00,207.598,0
2013-05-02 08:00:00,211.493,0
2013-05-02 08:30:00,192.77,0
2013-05-02 09:00:00,179.091,0
2013-05-02 09:30:00,179.848,0
2013-05-02 10:00:00,174.238,0
2013-05-02 10:30:00,168.917,0
2013-05-02 11:00:00,178.176,0
2013-05-02 11:30:00,174.532,0
2013-05-02 12:00:00,174.97,0
2013-05-02 12:30:00,163.0,0
2013-05-02 13:00:00,161.084,0
2013-05-02 13:30:00,158.338,0
2013-05-02 14:00:00,167.326,0
2013-05-02 14:30:00,173.763,0
2013-05-02 15:00:00,177.697,0
2013-05-02 15:30:00,197.691,0
2013-05-02 16:00:00,194.503,0
2013-05-02 16:30:00,193.809,0
2013-05-02 17:00:00,195.234,0
2013-05-02 17:30:00,206.35,0
2013-05-02 18:00:00,216.168,0
2013-05-02 18:30:00,221.816,0
2013-05-02 19:00:00,232.542,0
2013-05-02 19:30:00,224.141,0
2013-05-02 20:00:00,240.771,0
2013-05-02 20:30:00,253.776,0
2013-05-02 21:00:00,242.749,0
2013-05-02 21:30:00,235.158,0
2013-05-02 22:00:00,211.086,0
2013-05-02 22:30:00,193.109,0
2013-05-02 23:00:00,173.482,0
2013-05-02 23:30:00,142.689,0
2013-05-03 00:00:00,125.32,0
2013-05-03 00:30:00,110.214,0
2013-05-03 01:00:00,100.805,0
2013-05-03 01:30:00,95.682,0
2013-05-03 02:00:00,95.265,0
2013-05-03 02:30:00,89.968,0
2013-05-03 03:00:00,91.93,0
2013-05-03 03:30:00,89.641,0
2013-05-03 04:00:00,93.64,0
2013-05-03 04:30:00,101.503,0
2013-05-03 05:00:00,114.593,0
2013-05-03 05:30:00,138.879,0
2013-05-03 06:00:00,162.875,0
2013-05-03 06:30:00,190.721,0
2013-05-03 07:00:00,204.654,0
2013-05-03 07:30:00,210.639,0
2013-05-03 08:00:00,200.119,0
2013-05-03 08:30:00,202.393,0
2013-05-03 09:00:00,196.131,0
2013-05-03 09:30:00,182.851,0
2013-05-03 10:00:00,182.279,0
2013-05-03 10:30:00,172.363,0
2013-05-03 11:00:00,181.467,0
2013-05-03 11:30:00,175.795,0
2013-05-03 12:00:00,176.999,0
2013-05-03 12:30:00,183.01,0
2013-05-03 13:00:00,173.092,0
2013-05-03 13:30:00,166.609,0
2013-05-03 14:00:00,156.118,0
2013-05-03 14:30:00,165.76,0
2013-05-03 15:00:00,176.428,0
2013-05-03 15:30:00,196.211,0
2013-05-03 16:00:00,185.772,0
2013-05-03 16:30:00,182.481,0
2013-05-03 17:00:00,181.037,0
2013-05-03 17:30:00,205.952,0
2013-05-03 18:00:00,217.115,0
2013-05-03 18:30:00,210.905,0
2013-05-03 19:00:00,215.353,0
2013-05-03 19:30:00,213.696,0
2013-05-03 20:00:00,227.789,0
2013-05-03 20:30:00,237.177,0
2013-05-03 21:00:00,227.698,0
2013-05-03 21:30:00,220.93,0
2013-05-03 22:00:00,203.544,0
2013-05-03 22:30:00,189.515,0
2013-05-03 23:00:00,171.66,0
2013-05-03 23:30:00,151.876,0
2013-05-04 00:00:00,132.945,0
2013-05-04 00:30:00,118.573,0
2013-05-04 01:00:00,108.237,0
2013-05-04 01:30:00,103.243,0
2013-05-04 02:00:00,100.027,0
2013-05-04 02:30:00,96.381,0
2013-05-04 03:00:00,95.199,0
2013-05-04 03:30:00,94.029,0
2013-05-04 04:00:00,95.903,0
2013-05-04 04:30:00,98.373,0
2013-05-04 05:00:00,105.551,0
2013-05-04 05:30:00,115.892,0
2013-05-04 06:00:00,126.028,0
2013-05-04 06:30:00,147.426,0
2013-05-04 07:00:00,169.53,0
2013-05-04 07:30:00,180.933,0
2013-05-04 08:00:00,193.382,0
2013-05-04 08:30:00,204.27,0
2013-05-04 09:00:00,205.046,0
2013-05-04 09:30:00,210.983,0
2013-05-04 10:00:00,206.754,0
2013-05-04 10:30:00,203.369,0
2013-05-04 11:00:00,194.229,0
2013-05-04 11:30:00,215.964,0
2013-05-04 12:00:00,214.318,0
2013-05-04 12:30:00,210.394,0
2013-05-04 13:00:00,211.154,0
2013-05-04 13:30:00,194.891,0
2013-05-04 14:00:00,185.458,0
2013-05-04 14:30:00,194.397,0
2013-05-04 15:00:00,189.282,0
2013-05-04 15:30:00,189.739,0
2013-05-04 16:00:00,202.827,0
2013-05-04 16:30:00,205.887,0
2013-05-04 17:00:00,211.83,0
2013-05-04 17:30:00,220.673,0
2013-05-04 18:00:00,216.886,0
2013-05-04 18:30:00,230.444,0
2013-05-04 19:00:00,235.319,0
2013-05-04 19:30:00,234.885,0
2013-05-04 20:00:00,240.521,0
2013-05-04 20:30:00,243.915,0
2013-05-04 21:00:00,242.198,0
2013-05-04 21:30:00,224.895,0
2013-05-04 22:00:00,217.383,0
2013-05-04 22:30:00,193.826,0
2013-05-04 23:00:00,168.135,0
2013-05-04 23:30:00,146.023,0
2013-05-05 00:00:00,129.109,0
2013-05-05 00:30:00,114.276,0
2013-05-05 01:00:00,104.452,0
2013-05-05 01:30:00,102.265,0
2013-05-05 02:00:00,99.256,0
2013-05-05 02:30:00,95.255,0
2013-05-05 03:00:00,92.715,0
2013-05-05 03:30:00,93.119,0
2013-05-05 04:00:00,91.386,0
2013-05-05 04:30:00,90.771,0
2013-05-05 05:00:00,97.89,0
2013-05-05 05:30:00,106.187,0
2013-05-05 06:00:00,120.937,0
2013-05-05 06:30:00,141.488,0
2013-05-05 07:00:00,155.159,0
2013-05-05 07:30:00,181.679,0
2013-05-05 08:00:00,196.116,0
2013-05-05 08:30:00,197.218,0
2013-05-05 09:00:00,212.601,0
2013-05-05 09:30:00,212.73,0
2013-05-05 10:00:00,198.6,0
2013-05-05 10:30:00,211.378,0
2013-05-05 11:00:00,208.3,0
2013-05-05 11:30:00,210.966,0
2013-05-05 12:00:00,209.878,0
2013-05-05 12:30:00,202.563,0
2013-05-05 13:00:00,200.93,0
2013-05-05 13:30:00,188.313,0
2013-05-05 14:00:00,188.913,0
2013-05-05 14:30:00,185.732,0
2013-05-05 15:00:00,191.155,0
2013-05-05 15:30:00,200.553,0
2013-05-05 16:00:00,201.603,0
2013-05-05 16:30:00,208.407,0
2013-05-05 17:00:00,216.702,0
2013-05-05 17:30:00,225.813,0
2013-05-05 18:00:00,232.217,0
2013-05-05 18:30:00,232.299,0
2013-05-05 19:00:00,236.946,0
2013-05-05 19:30:00,244.225,0
2013-05-05 20:00:00,244.388,0
2013-05-05 20:30:00,243.58,0
2013-05-05 21:00:00,239.262,0
2013-05-05 21:30:00,236.574,0
2013-05-05 22:00:00,210.592,0
2013-05-05 22:30:00,188.593,0
2013-05-05 23:00:00,161.527,0
2013-05-05 23:30:00,139.439,0
2013-05-06 00:00:00,124.046,0
2013-05-06 00:30:00,114.372,0
2013-05-06 01:00:00,106.903,0
2013-05-06 01:30:00,100.034,0
2013-05-06 02:00:00,98.27,0
2013-05-06 02:30:00,91.603,0
2013-05-06 03:00:00,92.178,0
2013-05-06 03:30:00,90.327,0
2013-05-06 04:00:00,89.528,0
2013-05-06 04:30:00,94.656,0
2013-05-06 05:00:00,96.039,0
2013-05-06 05:30:00,104.474,0
2013-05-06 06:00:00,117.99,0
2013-05-06 06:30:00,127.845,0
2013-05-06 07:00:00,150.785,0
2013-05-06 07:30:00,167.616,0
2013-05-06 08:00:00,184.82,0
2013-05-06 08:30:00,195.442,0
2013-05-06 09:00:00,198.363,0
2013-05-06 09:30:00,201.938,0
2013-05-06 10:00:00,197.895,0
2013-05-06 10:30:00,206.119,0
2013-05-06 11:00:00,191.78,0
2013-05-06 11:30:00,198.384,0
2013-05-06 12:00:00,193.2,0
2013-05-06 12:30:00,183.902,0
2013-05-06 13:00:00,179.309,0
2013-05-06 13:30:00,178.699,0
2013-05-06 14:00:00,178.096,0
2013-05-06 14:30:00,171.962,0
2013-05-06 15:00:00,182.635,0
2013-05-06 15:30:00,188.107,0
2013-05-06 16:00:00,196.374,0
2013-05-06 16:30:00,212.555,0
2013-05-06 17:00:00,215.136,0
2013-05-06 17:30:00,228.351,0
2013-05-06 18:00:00,228.754,0
2013-05-06 18:30:00,234.432,0
2013-05-06 19:00:00,234.511,0
2013-05-06 19:30:00,236.092,0
2013-05-06 20:00:00,252.643,0
2013-05-06 20:30:00,255.401,0
2013-05-06 21:00:00,249.213,0
2013-05-06 21:30:00,237.727,0
2013-05-06 22:00:00,214.003,0
2013-05-06 22:30:00,183.554,0
2013-05-06 23:00:00,154.152,0
2013-05-06 23:30:00,128.994,0
2013-05-07 00:00:00,116.943,0
2013-05-07 00:30:00,104.813,0
2013-05-07 01:00:00,98.334,0
2013-05-07 01:30:00,94.207,0
2013-05-07 02:00:00,92.348,0
2013-05-07 02:30:00,90.831,0
2013-05-07 03:00:00,90.679,0
2013-05-07 03:30:00,94.109,0
2013-05-07 04:00:00,95.71,0
2013-05-07 04:30:00,97.227,0
2013-05-07 05:00:00,110.312,0
2013-05-07 05:30:00,124.078,0
2013-05-07 06:00:00,150.659,0
2013-05-07 06:30:00,180.954,0
2013-05-07 07:00:00,180.952,0
2013-05-07 07:30:00,185.759,0
2013-05-07 08:00:00,186.197,0
2013-05-07 08:30:00,177.403,0
2013-05-07 09:00:00,176.25,0
2013-05-07 09:30:00,163.733,0
2013-05-07 10:00:00,163.497,0
2013-05-07 10:30:00,169.327,0
2013-05-07 11:00:00,175.399,0
2013-05-07 11:30:00,161.811,0
2013-05-07 12:00:00,162.803,0
2013-05-07 12:30:00,160.351,0
2013-05-07 13:00:00,151.393,0
2013-05-07 13:30:00,145.578,0
2013-05-07 14:00:00,152.309,0
2013-05-07 14:30:00,157.992,0
2013-05-07 15:00:00,165.625,0
2013-05-07 15:30:00,183.181,0
2013-05-07 16:00:00,186.882,0
2013-05-07 16:30:00,209.394,0
2013-05-07 17:00:00,209.096,0
2013-05-07 17:30:00,221.427,0
2013-05-07 18:00:00,215.781,0
2013-05-07 18:30:00,231.868,0
2013-05-07 19:00:00,239.125,0
2013-05-07 19:30:00,235.51,0
2013-05-07 20:00:00,245.519,0
2013-05-07 20:30:00,254.437,0
2013-05-07 21:00:00,255.389,0
2013-05-07 21:30:00,243.782,0
2013-05-07 22:00:00,214.847,0
2013-05-07 22:30:00,182.729,0
2013-05-07 23:00:00,151.187,0
2013-05-07 23:30:00,127.994,0
2013-05-08 00:00:00,112.468,0
2013-05-08 00:30:00,104.524,0
2013-05-08 01:00:00,98.494,0
2013-05-08 01:30:00,96.878,0
2013-05-08 02:00:00,95.165,0
2013-05-08 02:30:00,92.943,0
2013-05-08 03:00:00,88.848,0
2013-05-08 03:30:00,89.925,0
2013-05-08 04:00:00,97.007,0
2013-05-08 04:30:00,99.785,0
2013-05-08 05:00:00,106.665,0
2013-05-08 05:30:00,130.235,0
2013-05-08 06:00:00,154.52,0
2013-05-08 06:30:00,183.904,0
2013-05-08 07:00:00,191.378,0
2013-05-08 07:30:00,195.693,0
2013-05-08 08:00:00,184.349,0
2013-05-08 08:30:00,191.708,0
2013-05-08 09:00:00,189.469,0
2013-05-08 09:30:00,192.666,0
2013-05-08 10:00:00,177.303,0
2013-05-08 10:30:00,153.626,0
2013-05-08 11:00:00,154.164,0
2013-05-08 11:30:00,156.693,0
2013-05-08 12:00:00,154.893,0
2013-05-08 12:30:00,155.671,0
2013-05-08 13:00:00,153.624,0
2013-05-08 13:30:00,150.626,0
2013-05-08 14:00:00,156.007,0
2013-05-08 14:30:00,151.506,0
2013-05-08 15:00:00,153.216,0
2013-05-08 15:30:00,170.053,0
2013-05-08 16:00:00,175.72,0
2013-05-08 16:30:00,195.756,0
2013-05-08 17:00:00,196.799,0
2013-05-08 17:30:00,214.275,0
2013-05-08 18:00:00,227.093,0
2013-05-08 18:30:00,231.482,0
2013-05-08 19:00:00,237.005,0
2013-05-08 19:30:00,235.47,0
2013-05-08 20:00:00,239.276,0
2013-05-08 20:30:00,249.354,0
2013-05-08 21:00:00,247.258,0
2013-05-08 21:30:00,235.432,0
2013-05-08 22:00:00,203.58,0
2013-05-08 22:30:00,183.91,0
2013-05-08 23:00:00,155.745,0
2013-05-08 23:30:00,134.501,0
2013-05-09 00:00:00,114.829,0
2013-05-09 00:30:00,103.034,0
2013-05-09 01:00:00,98.194,0
2013-05-09 01:30:00,93.354,0
2013-05-09 02:00:00,93.077,0
2013-05-09 02:30:00,92.365,0
2013-05-09 03:00:00,88.397,0
2013-05-09 03:30:00,87.404,0
2013-05-09 04:00:00,92.109,0
2013-05-09 04:30:00,98.58,0
2013-05-09 05:00:00,107.143,0
2013-05-09 05:30:00,131.349,0
2013-05-09 06:00:00,163.09,0
2013-05-09 06:30:00,182.188,0
2013-05-09 07:00:00,182.322,0
2013-05-09 07:30:00,194.062,0
2013-05-09 08:00:00,187.731,0
2013-05-09 08:30:00,172.428,0
2013-05-09 09:00:00,166.582,0
2013-05-09 09:30:00,174.81,0
2013-05-09 10:00:00,156.38,0
2013-05-09 10:30:00,156.095,0
2013-05-09 11:00:00,170.297,0
2013-05-09 11:30:00,173.953,0
2013-05-09 12:00:00,167.361,0
2013-05-09 12:30:00,167.956,0
2013-05-09 13:00:00,164.466,0
2013-05-09 13:30:00,159.322,0
2013-05-09 14:00:00,162.456,0
2013-05-09 14:30:00,162.148,0
2013-05-09 15:00:00,172.201,0
2013-05-09 15:30:00,183.371,0
2013-05-09 16:00:00,196.741,0
2013-05-09 16:30:00,217.642,0
2013-05-09 17:00:00,232.934,0
2013-05-09 17:30:00,248.545,0
2013-05-09 18:00:00,250.159,0
2013-05-09 18:30:00,260.422,0
2013-05-09 19:00:00,263.486,0
2013-05-09 19:30:00,257.897,0
2013-05-09 20:00:00,254.399,0
2013-05-09 20:30:00,260.554,0
2013-05-09 21:00:00,254.058,0
2013-05-09 21:30:00,247.735,0
2013-05-09 22:00:00,217.202,0
2013-05-09 22:30:00,185.205,0
2013-05-09 23:00:00,158.84,0
2013-05-09 23:30:00,138.949,0
2013-05-10 00:00:00,122.716,0
2013-05-10 00:30:00,107.881,0
2013-05-10 01:00:00,99.948,0
2013-05-10 01:30:00,91.43,0
2013-05-10 02:00:00,89.975,0
2013-05-10 02:30:00,88.951,0
2013-05-10 03:00:00,89.786,0
2013-05-10 03:30:00,87.581,0
2013-05-10 04:00:00,92.225,0
2013-05-10 04:30:00,99.675,0
2013-05-10 05:00:00,106.207,0
2013-05-10 05:30:00,124.928,0
2013-05-10 06:00:00,151.158,0
2013-05-10 06:30:00,181.736,0
2013-05-10 07:00:00,181.606,0
2013-05-10 07:30:00,181.046,0
2013-05-10 08:00:00,192.369,0
2013-05-10 08:30:00,190.487,0
2013-05-10 09:00:00,186.624,0
2013-05-10 09:30:00,176.09,0
2013-05-10 10:00:00,167.837,0
2013-05-10 10:30:00,167.262,0
2013-05-10 11:00:00,172.594,0
2013-05-10 11:30:00,179.094,0
2013-05-10 12:00:00,177.637,0
2013-05-10 12:30:00,176.835,0
2013-05-10 13:00:00,165.723,0
2013-05-10 13:30:00,162.345,0
2013-05-10 14:00:00,158.722,0
2013-05-10 14:30:00,160.205,0
2013-05-10 15:00:00,165.541,0
2013-05-10 15:30:00,181.528,0
2013-05-10 16:00:00,204.294,0
2013-05-10 16:30:00,217.857,0
2013-05-10 17:00:00,217.764,0
2013-05-10 17:30:00,231.551,0
2013-05-10 18:00:00,236.121,0
2013-05-10 18:30:00,248.829,0
2013-05-10 19:00:00,229.812,0
2013-05-10 19:30:00,222.525,0
2013-05-10 20:00:00,241.246,0
2013-05-10 20:30:00,257.775,0
2013-05-10 21:00:00,246.468,0
2013-05-10 21:30:00,226.614,0
2013-05-10 22:00:00,216.372,0
2013-05-10 22:30:00,191.45,0
2013-05-10 23:00:00,163.711,0
2013-05-10 23:30:00,142.114,0
2013-05-11 00:00:00,126.018,0
2013-05-11 00:30:00,113.805,0
2013-05-11 01:00:00,103.957,0
2013-05-11 01:30:00,99.939,0
2013-05-11 02:00:00,94.887,0
2013-05-11 02:30:00,90.654,0
2013-05-11 03:00:00,91.139,0
2013-05-11 03:30:00,90.319,0
2013-05-11 04:00:00,89.877,0
2013-05-11 04:30:00,95.111,0
2013-05-11 05:00:00,100.653,0
2013-05-11 05:30:00,110.755,0
2013-05-11 06:00:00,122.297,0
2013-05-11 06:30:00,146.388,0
2013-05-11 07:00:00,172.562,0
2013-05-11 07:30:00,191.204,0
2013-05-11 08:00:00,215.113,0
2013-05-11 08:30:00,209.233,0
2013-05-11 09:00:00,206.705,0
2013-05-11 09:30:00,205.87,0
2013-05-11 10:00:00,202.519,0
2013-05-11 10:30:00,196.772,0
2013-05-11 11:00:00,198.098,0
2013-05-11 11:30:00,203.843,0
2013-05-11 12:00:00,208.933,0
2013-05-11 12:30:00,205.892,0
2013-05-11 13:00:00,208.033,0
2013-05-11 13:30:00,198.785,0
2013-05-11 14:00:00,200.777,0
2013-05-11 14:30:00,196.413,0
2013-05-11 15:00:00,198.931,0
2013-05-11 15:30:00,207.405,0
2013-05-11 16:00:00,216.683,0
2013-05-11 16:30:00,229.96,0
2013-05-11 17:00:00,220.494,0
2013-05-11 17:30:00,234.034,0
2013-05-11 18:00:00,238.292,0
2013-05-11 18:30:00,248.163,0
2013-05-11 19:00:00,262.63,0
2013-05-11 19:30:00,269.388,0
2013-05-11 20:00:00,261.663,0
2013-05-11 20:30:00,257.442,0
2013-05-11 21:00:00,255.038,0
2013-05-11 21:30:00,236.051,0
2013-05-11 22:00:00,221.741,0
2013-05-11 22:30:00,196.141,0
2013-05-11 23:00:00,175.562,0
2013-05-11 23:30:00,148.027,0
2013-05-12 00:00:00,134.287,0
2013-05-12 00:30:00,120.896,0
2013-05-12 01:00:00,108.687,0
2013-05-12 01:30:00,101.799,0
2013-05-12 02:00:00,100.14,0
2013-05-12 02:30:00,97.625,0
2013-05-12 03:00:00,93.836,0
2013-05-12 03:30:00,91.869,0
2013-05-12 04:00:00,94.1,0
2013-05-12 04:30:00,98.062,0
2013-05-12 05:00:00,109.345,0
2013-05-12 05:30:00,115.268,0
2013-05-12 06:00:00,124.3,0
2013-05-12 06:30:00,141.972,0
2013-05-12 07:00:00,158.312,0
2013-05-12 07:30:00,178.423,0
2013-05-12 08:00:00,196.513,0
2013-05-12 08:30:00,212.522,0
2013-05-12 09:00:00,219.126,0
2013-05-12 09:30:00,218.092,0
2013-05-12 10:00:00,218.891,0
2013-05-12 10:30:00,220.717,0
2013-05-12 11:00:00,223.852,0
2013-05-12 11:30:00,235.848,0
2013-05-12 12:00:00,231.479,0
2013-05-12 12:30:00,216.975,0
2013-05-12 13:00:00,221.479,0
2013-05-12 13:30:00,207.775,0
2013-05-12 14:00:00,217.999,0
2013-05-12 14:30:00,218.681,0
2013-05-12 15:00:00,218.033,0
2013-05-12 15:30:00,233.083,0
2013-05-12 16:00:00,238.83,0
2013-05-12 16:30:00,247.575,0
2013-05-12 17:00:00,270.909,0
2013-05-12 17:30:00,279.941,0
2013-05-12 18:00:00,284.734,0
2013-05-12 18:30:00,289.321,0
2013-05-12 19:00:00,292.165,0
2013-05-12 19:30:00,290.3,0
2013-05-12 20:00:00,282.263,0
2013-05-12 20:30:00,279.687,0
2013-05-12 21:00:00,272.278,0
2013-05-12 21:30:00,262.309,0
2013-05-12 22:00:00,237.859,0
2013-05-12 22:30:00,204.901,0
2013-05-12 23:00:00,165.043,0
2013-05-12 23:30:00,144.407,0
2013-05-13 00:00:00,120.748,0
2013-05-13 00:30:00,108.021,0
2013-05-13 01:00:00,99.357,0
2013-05-13 01:30:00,96.37,0
2013-05-13 02:00:00,96.016,0
2013-05-13 02:30:00,92.719,0
2013-05-13 03:00:00,95.55,0
2013-05-13 03:30:00,95.625,0
2013-05-13 04:00:00,100.315,0
2013-05-13 04:30:00,106.077,0
2013-05-13 05:00:00,114.456,0
2013-05-13 05:30:00,137.227,0
2013-05-13 06:00:00,151.557,0
2013-05-13 06:30:00,174.373,0
2013-05-13 07:00:00,188.189,0
2013-05-13 07:30:00,186.918,0
2013-05-13 08:00:00,188.677,0
2013-05-13 08:30:00,191.805,0
2013-05-13 09:00:00,193.36,0
2013-05-13 09:30:00,177.793,0
2013-05-13 10:00:00,179.596,0
2013-05-13 10:30:00,174.497,0
2013-05-13 11:00:00,184.067,0
2013-05-13 11:30:00,180.496,0
2013-05-13 12:00:00,180.047,0
2013-05-13 12:30:00,179.19,0
2013-05-13 13:00:00,172.642,0
2013-05-13 13:30:00,168.685,0
2013-05-13 14:00:00,164.305,0
2013-05-13 14:30:00,170.095,0
2013-05-13 15:00:00,177.72,0
2013-05-13 15:30:00,191.618,0
2013-05-13 16:00:00,189.46,0
2013-05-13 16:30:00,211.736,0
2013-05-13 17:00:00,208.918,0
2013-05-13 17:30:00,230.64,0
2013-05-13 18:00:00,223.572,0
2013-05-13 18:30:00,228.484,0
2013-05-13 19:00:00,232.833,0
2013-05-13 19:30:00,238.505,0
2013-05-13 20:00:00,244.829,0
2013-05-13 20:30:00,257.07,0
2013-05-13 21:00:00,245.606,0
2013-05-13 21:30:00,247.463,0
2013-05-13 22:00:00,219.05,0
2013-05-13 22:30:00,200.333,0
2013-05-13 23:00:00,163.958,0
2013-05-13 23:30:00,140.508,0
2013-05-14 00:00:00,120.719,0
2013-05-14 00:30:00,109.098,0
2013-05-14 01:00:00,100.837,0
2013-05-14 01:30:00,96.409,0
2013-05-14 02:00:00,96.524,0
2013-05-14 02:30:00,92.745,0
2013-05-14 03:00:00,91.457,0
2013-05-14 03:30:00,91.948,0
2013-05-14 04:00:00,93.404,0
2013-05-14 04:30:00,103.391,0
2013-05-14 05:00:00,115.644,0
2013-05-14 05:30:00,138.711,0
2013-05-14 06:00:00,156.39,0
2013-05-14 06:30:00,174.841,0
2013-05-14 07:00:00,187.321,0
2013-05-14 07:30:00,191.498,0
2013-05-14 08:00:00,190.338,0
2013-05-14 08:30:00,185.91,0
2013-05-14 09:00:00,175.142,0
2013-05-14 09:30:00,183.318,0
2013-05-14 10:00:00,174.556,0
2013-05-14 10:30:00,174.638,0
2013-05-14 11:00:00,176.762,0
2013-05-14 11:30:00,178.06,0
2013-05-14 12:00:00,181.205,0
2013-05-14 12:30:00,178.998,0
2013-05-14 13:00:00,178.404,0
2013-05-14 13:30:00,174.051,0
2013-05-14 14:00:00,166.157,0
2013-05-14 14:30:00,182.015,0
2013-05-14 15:00:00,189.897,0
2013-05-14 15:30:00,205.723,0
2013-05-14 16:00:00,230.679,0
2013-05-14 16:30:00,241.746,0
2013-05-14 17:00:00,257.172,0
2013-05-14 17:30:00,280.917,0
2013-05-14 18:00:00,286.357,0
2013-05-14 18:30:00,294.977,0
2013-05-14 19:00:00,289.345,0
2013-05-14 19:30:00,297.106,0
2013-05-14 20:00:00,278.862,0
2013-05-14 20:30:00,277.479,0
2013-05-14 21:00:00,275.598,0
2013-05-14 21:30:00,258.186,0
2013-05-14 22:00:00,225.317,0
2013-05-14 22:30:00,191.7,0
2013-05-14 23:00:00,161.799,0
2013-05-14 23:30:00,137.71,0
2013-05-15 00:00:00,122.182,0
2013-05-15 00:30:00,106.972,0
2013-05-15 01:00:00,101.712,0
2013-05-15 01:30:00,97.956,0
2013-05-15 02:00:00,97.045,0
2013-05-15 02:30:00,99.233,0
2013-05-15 03:00:00,96.38,0
2013-05-15 03:30:00,95.944,0
2013-05-15 04:00:00,98.393,0
2013-05-15 04:30:00,108.439,0
2013-05-15 05:00:00,126.31,0
2013-05-15 05:30:00,146.872,0
2013-05-15 06:00:00,168.098,0
2013-05-15 06:30:00,190.374,0
2013-05-15 07:00:00,202.664,0
2013-05-15 07:30:00,199.616,0
2013-05-15 08:00:00,199.205,0
2013-05-15 08:30:00,198.803,0
2013-05-15 09:00:00,188.116,0
2013-05-15 09:30:00,188.905,0
2013-05-15 10:00:00,185.658,0
2013-05-15 10:30:00,187.372,0
2013-05-15 11:00:00,192.364,0
2013-05-15 11:30:00,189.623,0
2013-05-15 12:00:00,190.493,0
2013-05-15 12:30:00,195.192,0
2013-05-15 13:00:00,187.741,0
2013-05-15 13:30:00,191.798,0
2013-05-15 14:00:00,175.769,0
2013-05-15 14:30:00,181.944,0
2013-05-15 15:00:00,192.955,0
2013-05-15 15:30:00,207.468,0
2013-05-15 16:00:00,210.369,0
2013-05-15 16:30:00,215.877,0
2013-05-15 17:00:00,229.918,0
2013-05-15 17:30:00,243.639,0
2013-05-15 18:00:00,246.877,0
2013-05-15 18:30:00,254.835,0
2013-05-15 19:00:00,254.59,0
2013-05-15 19:30:00,248.1,0
2013-05-15 20:00:00,262.504,0
2013-05-15 20:30:00,269.001,0
2013-05-15 21:00:00,270.719,0
2013-05-15 21:30:00,256.946,0
2013-05-15 22:00:00,231.78,0
2013-05-15 22:30:00,194.132,0
2013-05-15 23:00:00,164.511,0
2013-05-15 23:30:00,141.514,0
2013-05-16 00:00:00,119.637,0
2013-05-16 00:30:00,108.482,0
2013-05-16 01:00:00,101.883,0
2013-05-16 01:30:00,96.29,0
2013-05-16 02:00:00,95.71,0
2013-05-16 02:30:00,94.359,0
2013-05-16 03:00:00,92.834,0
2013-05-16 03:30:00,94.149,0
2013-05-16 04:00:00,95.388,0
2013-05-16 04:30:00,108.915,0
2013-05-16 05:00:00,119.781,0
2013-05-16 05:30:00,135.705,0
2013-05-16 06:00:00,151.61,0
2013-05-16 06:30:00,183.4,0
2013-05-16 07:00:00,196.509,0
2013-05-16 07:30:00,199.83,0
2013-05-16 08:00:00,193.35,0
2013-05-16 08:30:00,182.863,0
2013-05-16 09:00:00,176.729,0
2013-05-16 09:30:00,166.43,0
2013-05-16 10:00:00,161.358,0
2013-05-16 10:30:00,167.071,0
2013-05-16 11:00:00,168.884,0
2013-05-16 11:30:00,174.203,0
2013-05-16 12:00:00,170.277,0
2013-05-16 12:30:00,168.364,0
2013-05-16 13:00:00,165.299,0
2013-05-16 13:30:00,166.736,0
2013-05-16 14:00:00,154.749,0
2013-05-16 14:30:00,170.226,0
2013-05-16 15:00:00,180.569,0
2013-05-16 15:30:00,197.994,0
2013-05-16 16:00:00,217.213,0
2013-05-16 16:30:00,228.645,0
2013-05-16 17:00:00,236.856,0
2013-05-16 17:30:00,248.787,0
2013-05-16 18:00:00,258.821,0
2013-05-16 18:30:00,255.285,0
2013-05-16 19:00:00,241.967,0
2013-05-16 19:30:00,250.222,0
2013-05-16 20:00:00,260.967,0
2013-05-16 20:30:00,269.439,0
2013-05-16 21:00:00,260.153,0
2013-05-16 21:30:00,248.264,0
2013-05-16 22:00:00,228.946,0
2013-05-16 22:30:00,187.612,0
2013-05-16 23:00:00,163.193,0
2013-05-16 23:30:00,144.766,0
2013-05-17 00:00:00,126.438,0
2013-05-17 00:30:00,112.352,0
2013-05-17 01:00:00,103.003,0
2013-05-17 01:30:00,100.745,0
2013-05-17 02:00:00,97.709,0
2013-05-17 02:30:00,95.181,0
2013-05-17 03:00:00,94.155,0
2013-05-17 03:30:00,95.759,0
2013-05-17 04:00:00,100.228,0
2013-05-17 04:30:00,106.896,0
2013-05-17 05:00:00,114.818,0
2013-05-17 05:30:00,133.135,0
2013-05-17 06:00:00,153.886,0
2013-05-17 06:30:00,190.77,0
2013-05-17 07:00:00,191.377,0
2013-05-17 07:30:00,195.568,0
2013-05-17 08:00:00,193.339,0
2013-05-17 08:30:00,191.729,0
2013-05-17 09:00:00,191.471,0
2013-05-17 09:30:00,193.782,0
2013-05-17 10:00:00,179.386,0
2013-05-17 10:30:00,168.478,0
2013-05-17 11:00:00,186.599,0
2013-05-17 11:30:00,189.709,0
2013-05-17 12:00:00,191.764,0
2013-05-17 12:30:00,183.447,0
2013-05-17 13:00:00,176.383,0
2013-05-17 13:30:00,180.844,0
2013-05-17 14:00:00,186.244,0
2013-05-17 14:30:00,193.294,0
2013-05-17 15:00:00,187.925,0
2013-05-17 15:30:00,199.241,0
2013-05-17 16:00:00,220.01,0
2013-05-17 16:30:00,231.461,0
2013-05-17 17:00:00,245.428,0
2013-05-17 17:30:00,260.603,0
2013-05-17 18:00:00,259.256,0
2013-05-17 18:30:00,277.317,0
2013-05-17 19:00:00,279.399,0
2013-05-17 19:30:00,273.829,0
2013-05-17 20:00:00,271.347,0
2013-05-17 20:30:00,267.388,0
2013-05-17 21:00:00,256.869,0
2013-05-17 21:30:00,255.998,0
2013-05-17 22:00:00,229.528,0
2013-05-17 22:30:00,196.8,0
2013-05-17 23:00:00,166.489,0
2013-05-17 23:30:00,145.409,0
2013-05-18 00:00:00,130.983,0
2013-05-18 00:30:00,116.288,0
2013-05-18 01:00:00,107.384,0
2013-05-18 01:30:00,101.61,0
2013-05-18 02:00:00,98.264,0
2013-05-18 02:30:00,101.577,0
2013-05-18 03:00:00,93.019,0
2013-05-18 03:30:00,93.733,0
2013-05-18 04:00:00,94.81,0
2013-05-18 04:30:00,97.206,0
2013-05-18 05:00:00,109.461,0
2013-05-18 05:30:00,118.254,0
2013-05-18 06:00:00,134.603,0
2013-05-18 06:30:00,154.707,0
2013-05-18 07:00:00,170.374,0
2013-05-18 07:30:00,184.756,0
2013-05-18 08:00:00,200.725,0
2013-05-18 08:30:00,193.808,0
2013-05-18 09:00:00,190.873,0
2013-05-18 09:30:00,200.267,0
2013-05-18 10:00:00,199.767,0
2013-05-18 10:30:00,201.067,0
2013-05-18 11:00:00,217.521,0
2013-05-18 11:30:00,212.146,0
2013-05-18 12:00:00,211.18,0
2013-05-18 12:30:00,199.733,0
2013-05-18 13:00:00,198.099,0
2013-05-18 13:30:00,206.011,0
2013-05-18 14:00:00,196.012,0
2013-05-18 14:30:00,196.924,0
2013-05-18 15:00:00,198.385,0
2013-05-18 15:30:00,204.01,0
2013-05-18 16:00:00,200.245,0
2013-05-18 16:30:00,196.896,0
2013-05-18 17:00:00,214.961,0
2013-05-18 17:30:00,217.766,0
2013-05-18 18:00:00,232.017,0
2013-05-18 18:30:00,226.795,0
2013-05-18 19:00:00,218.62,0
2013-05-18 19:30:00,227.098,0
2013-05-18 20:00:00,231.477,0
2013-05-18 20:30:00,244.395,0
2013-05-18 21:00:00,242.262,0
2013-05-18 21:30:00,223.243,0
2013-05-18 22:00:00,212.61,0
2013-05-18 22:30:00,202.449,0
2013-05-18 23:00:00,177.097,0
2013-05-18 23:30:00,148.168,0
2013-05-19 00:00:00,136.704,0
2013-05-19 00:30:00,118.708,0
2013-05-19 01:00:00,106.273,0
2013-05-19 01:30:00,99.752,0
2013-05-19 02:00:00,100.702,0
2013-05-19 02:30:00,96.987,0
2013-05-19 03:00:00,93.439,0
2013-05-19 03:30:00,92.953,0
2013-05-19 04:00:00,90.435,0
2013-05-19 04:30:00,93.97,0
2013-05-19 05:00:00,100.572,0
2013-05-19 05:30:00,111.172,0
2013-05-19 06:00:00,121.042,0
2013-05-19 06:30:00,132.818,0
2013-05-19 07:00:00,151.784,0
2013-05-19 07:30:00,179.6,0
2013-05-19 08:00:00,200.206,0
2013-05-19 08:30:00,215.887,0
2013-05-19 09:00:00,218.597,0
2013-05-19 09:30:00,220.501,0
2013-05-19 10:00:00,214.195,0
2013-05-19 10:30:00,217.584,0
2013-05-19 11:00:00,226.779,0
2013-05-19 11:30:00,231.831,0
2013-05-19 12:00:00,235.978,0
2013-05-19 12:30:00,235.555,0
2013-05-19 13:00:00,219.154,0
2013-05-19 13:30:00,220.392,0
2013-05-19 14:00:00,217.429,0
2013-05-19 14:30:00,210.6,0
2013-05-19 15:00:00,213.812,0
2013-05-19 15:30:00,214.909,0
2013-05-19 16:00:00,215.575,0
2013-05-19 16:30:00,222.483,0
2013-05-19 17:00:00,238.659,0
2013-05-19 17:30:00,247.895,0
2013-05-19 18:00:00,243.62,0
2013-05-19 18:30:00,242.445,0
2013-05-19 19:00:00,254.928,0
2013-05-19 19:30:00,241.408,0
2013-05-19 20:00:00,246.022,0
2013-05-19 20:30:00,255.0,0
2013-05-19 21:00:00,249.499,0
2013-05-19 21:30:00,241.948,0
2013-05-19 22:00:00,216.123,0
2013-05-19 22:30:00,181.08,0
2013-05-19 23:00:00,158.875,0
2013-05-19 23:30:00,134.662,0
2013-05-20 00:00:00,119.378,0
2013-05-20 00:30:00,106.068,0
2013-05-20 01:00:00,97.482,0
2013-05-20 01:30:00,96.093,0
2013-05-20 02:00:00,93.205,0
2013-05-20 02:30:00,92.648,0
2013-05-20 03:00:00,89.225,0
2013-05-20 03:30:00,93.714,0
2013-05-20 04:00:00,95.529,0
2013-05-20 04:30:00,102.051,0
2013-05-20 05:00:00,108.923,0
2013-05-20 05:30:00,124.293,0
2013-05-20 06:00:00,154.271,0
2013-05-20 06:30:00,180.479,0
2013-05-20 07:00:00,187.765,0
2013-05-20 07:30:00,193.537,0
2013-05-20 08:00:00,189.822,0
2013-05-20 08:30:00,180.391,0
2013-05-20 09:00:00,182.041,0
2013-05-20 09:30:00,178.443,0
2013-05-20 10:00:00,183.877,0
2013-05-20 10:30:00,182.461,0
2013-05-20 11:00:00,167.47,0
2013-05-20 11:30:00,182.31,0
2013-05-20 12:00:00,186.168,0
2013-05-20 12:30:00,184.445,0
2013-05-20 13:00:00,186.656,0
2013-05-20 13:30:00,175.811,0
2013-05-20 14:00:00,176.93,0
2013-05-20 14:30:00,174.304,0
2013-05-20 15:00:00,180.749,0
2013-05-20 15:30:00,201.988,0
2013-05-20 16:00:00,205.597,0
2013-05-20 16:30:00,226.265,0
2013-05-20 17:00:00,248.63,0
2013-05-20 17:30:00,250.231,0
2013-05-20 18:00:00,271.254,0
2013-05-20 18:30:00,269.386,0
2013-05-20 19:00:00,259.402,0
2013-05-20 19:30:00,256.479,0
2013-05-20 20:00:00,257.305,0
2013-05-20 20:30:00,260.733,0
2013-05-20 21:00:00,256.307,0
2013-05-20 21:30:00,241.265,0
2013-05-20 22:00:00,219.9,0
2013-05-20 22:30:00,190.467,0
2013-05-20 23:00:00,154.91,0
2013-05-20 23:30:00,131.295,0
2013-05-21 00:00:00,114.727,0
2013-05-21 00:30:00,104.222,0
2013-05-21 01:00:00,99.014,0
2013-05-21 01:30:00,93.254,0
2013-05-21 02:00:00,94.017,0
2013-05-21 02:30:00,90.251,0
2013-05-21 03:00:00,88.888,0
2013-05-21 03:30:00,90.492,0
2013-05-21 04:00:00,95.228,0
2013-05-21 04:30:00,101.302,0
2013-05-21 05:00:00,107.735,0
2013-05-21 05:30:00,125.554,0
2013-05-21 06:00:00,149.498,0
2013-05-21 06:30:00,169.525,0
2013-05-21 07:00:00,186.172,0
2013-05-21 07:30:00,188.725,0
2013-05-21 08:00:00,178.796,0
2013-05-21 08:30:00,181.143,0
2013-05-21 09:00:00,180.165,0
2013-05-21 09:30:00,175.673,0
2013-05-21 10:00:00,171.651,0
2013-05-21 10:30:00,170.303,0
2013-05-21 11:00:00,181.158,0
2013-05-21 11:30:00,184.271,0
2013-05-21 12:00:00,180.443,0
2013-05-21 12:30:00,176.851,0
2013-05-21 13:00:00,175.227,0
2013-05-21 13:30:00,178.349,0
2013-05-21 14:00:00,171.923,0
2013-05-21 14:30:00,173.698,0
2013-05-21 15:00:00,174.2,0
2013-05-21 15:30:00,202.343,0
2013-05-21 16:00:00,200.797,0
2013-05-21 16:30:00,210.282,0
2013-05-21 17:00:00,223.423,0
2013-05-21 17:30:00,220.45,0
2013-05-21 18:00:00,242.655,0
2013-05-21 18:30:00,239.854,0
2013-05-21 19:00:00,227.969,0
2013-05-21 19:30:00,230.933,0
2013-05-21 20:00:00,250.219,0
2013-05-21 20:30:00,263.436,0
2013-05-21 21:00:00,260.016,0
2013-05-21 21:30:00,250.138,0
2013-05-21 22:00:00,220.2,0
2013-05-21 22:30:00,197.001,0
2013-05-21 23:00:00,162.782,0
2013-05-21 23:30:00,136.826,0
2013-05-22 00:00:00,118.821,0
2013-05-22 00:30:00,109.402,0
2013-05-22 01:00:00,100.497,0
2013-05-22 01:30:00,93.716,0
2013-05-22 02:00:00,93.144,0
2013-05-22 02:30:00,90.916,0
2013-05-22 03:00:00,90.357,0
2013-05-22 03:30:00,90.93,0
2013-05-22 04:00:00,94.624,0
2013-05-22 04:30:00,101.267,0
2013-05-22 05:00:00,111.29,0
2013-05-22 05:30:00,136.403,0
2013-05-22 06:00:00,161.305,0
2013-05-22 06:30:00,175.21,0
2013-05-22 07:00:00,192.878,0
2013-05-22 07:30:00,191.312,0
2013-05-22 08:00:00,190.119,0
2013-05-22 08:30:00,185.978,0
2013-05-22 09:00:00,181.621,0
2013-05-22 09:30:00,184.407,0
2013-05-22 10:00:00,173.261,0
2013-05-22 10:30:00,170.22,0
2013-05-22 11:00:00,179.224,0
2013-05-22 11:30:00,179.538,0
2013-05-22 12:00:00,176.442,0
2013-05-22 12:30:00,171.225,0
2013-05-22 13:00:00,170.397,0
2013-05-22 13:30:00,172.691,0
2013-05-22 14:00:00,176.341,0
2013-05-22 14:30:00,173.438,0
2013-05-22 15:00:00,184.963,0
2013-05-22 15:30:00,201.422,0
2013-05-22 16:00:00,202.777,0
2013-05-22 16:30:00,222.875,0
2013-05-22 17:00:00,223.243,0
2013-05-22 17:30:00,239.862,0
2013-05-22 18:00:00,238.878,0
2013-05-22 18:30:00,249.063,0
2013-05-22 19:00:00,239.368,0
2013-05-22 19:30:00,243.103,0
2013-05-22 20:00:00,235.695,0
2013-05-22 20:30:00,248.432,0
2013-05-22 21:00:00,259.474,0
2013-05-22 21:30:00,254.298,0
2013-05-22 22:00:00,233.465,0
2013-05-22 22:30:00,201.837,0
2013-05-22 23:00:00,175.054,0
2013-05-22 23:30:00,152.739,0
2013-05-23 00:00:00,126.795,0
2013-05-23 00:30:00,108.139,0
2013-05-23 01:00:00,101.821,0
2013-05-23 01:30:00,95.004,0
2013-05-23 02:00:00,95.258,0
2013-05-23 02:30:00,95.756,0
2013-05-23 03:00:00,93.652,0
2013-05-23 03:30:00,94.436,0
2013-05-23 04:00:00,95.639,0
2013-05-23 04:30:00,103.197,0
2013-05-23 05:00:00,112.97,0
2013-05-23 05:30:00,134.601,0
2013-05-23 06:00:00,163.041,0
2013-05-23 06:30:00,187.617,0
2013-05-23 07:00:00,188.641,0
2013-05-23 07:30:00,192.766,0
2013-05-23 08:00:00,202.407,0
2013-05-23 08:30:00,186.421,0
2013-05-23 09:00:00,184.143,0
2013-05-23 09:30:00,182.391,0
2013-05-23 10:00:00,181.537,0
2013-05-23 10:30:00,172.249,0
2013-05-23 11:00:00,172.339,0
2013-05-23 11:30:00,175.141,0
2013-05-23 12:00:00,184.962,0
2013-05-23 12:30:00,179.246,0
2013-05-23 13:00:00,170.64,0
2013-05-23 13:30:00,168.593,0
2013-05-23 14:00:00,175.137,0
2013-05-23 14:30:00,179.337,0
2013-05-23 15:00:00,175.616,0
2013-05-23 15:30:00,189.829,0
2013-05-23 16:00:00,195.132,0
2013-05-23 16:30:00,207.713,0
2013-05-23 17:00:00,219.97,0
2013-05-23 17:30:00,231.514,0
2013-05-23 18:00:00,235.668,0
2013-05-23 18:30:00,249.123,0
2013-05-23 19:00:00,239.814,0
2013-05-23 19:30:00,239.362,0
2013-05-23 20:00:00,251.99,0
2013-05-23 20:30:00,268.789,0
2013-05-23 21:00:00,272.046,0
2013-05-23 21:30:00,260.792,0
2013-05-23 22:00:00,237.817,0
2013-05-23 22:30:00,200.255,0
2013-05-23 23:00:00,172.494,0
2013-05-23 23:30:00,143.736,0
2013-05-24 00:00:00,123.002,0
2013-05-24 00:30:00,111.48,0
2013-05-24 01:00:00,104.324,0
2013-05-24 01:30:00,99.029,0
2013-05-24 02:00:00,96.763,0
2013-05-24 02:30:00,97.624,0
2013-05-24 03:00:00,93.171,0
2013-05-24 03:30:00,90.659,0
2013-05-24 04:00:00,96.996,0
2013-05-24 04:30:00,101.183,0
2013-05-24 05:00:00,118.601,0
2013-05-24 05:30:00,132.728,0
2013-05-24 06:00:00,153.271,0
2013-05-24 06:30:00,180.287,0
2013-05-24 07:00:00,210.083,0
2013-05-24 07:30:00,208.207,0
2013-05-24 08:00:00,205.47,0
2013-05-24 08:30:00,201.259,0
2013-05-24 09:00:00,194.623,0
2013-05-24 09:30:00,205.255,0
2013-05-24 10:00:00,205.784,0
2013-05-24 10:30:00,194.994,0
2013-05-24 11:00:00,208.371,0
2013-05-24 11:30:00,215.815,0
2013-05-24 12:00:00,211.297,0
2013-05-24 12:30:00,204.992,0
2013-05-24 13:00:00,205.433,0
2013-05-24 13:30:00,208.245,0
2013-05-24 14:00:00,204.464,0
2013-05-24 14:30:00,201.567,0
2013-05-24 15:00:00,204.875,0
2013-05-24 15:30:00,210.011,0
2013-05-24 16:00:00,218.951,0
2013-05-24 16:30:00,230.516,0
2013-05-24 17:00:00,249.006,0
2013-05-24 17:30:00,273.071,0
2013-05-24 18:00:00,272.553,0
2013-05-24 18:30:00,263.283,0
2013-05-24 19:00:00,274.726,0
2013-05-24 19:30:00,263.237,0
2013-05-24 20:00:00,262.157,0
2013-05-24 20:30:00,260.541,0
2013-05-24 21:00:00,253.676,0
2013-05-24 21:30:00,251.508,0
2013-05-24 22:00:00,228.965,0
2013-05-24 22:30:00,201.965,0
2013-05-24 23:00:00,186.346,0
2013-05-24 23:30:00,155.253,0
2013-05-25 00:00:00,141.087,0
2013-05-25 00:30:00,125.283,0
2013-05-25 01:00:00,111.692,0
2013-05-25 01:30:00,107.073,0
2013-05-25 02:00:00,107.743,0
2013-05-25 02:30:00,104.698,0
2013-05-25 03:00:00,100.819,0
2013-05-25 03:30:00,100.178,0
2013-05-25 04:00:00,102.563,0
2013-05-25 04:30:00,105.796,0
2013-05-25 05:00:00,107.274,0
2013-05-25 05:30:00,122.948,0
2013-05-25 06:00:00,138.168,0
2013-05-25 06:30:00,154.046,0
2013-05-25 07:00:00,165.723,0
2013-05-25 07:30:00,164.452,0
2013-05-25 08:00:00,173.523,0
2013-05-25 08:30:00,184.139,0
2013-05-25 09:00:00,178.106,0
2013-05-25 09:30:00,170.466,0
2013-05-25 10:00:00,171.74,0
2013-05-25 10:30:00,201.449,0
2013-05-25 11:00:00,208.452,0
2013-05-25 11:30:00,214.497,0
2013-05-25 12:00:00,207.8,0
2013-05-25 12:30:00,199.897,0
2013-05-25 13:00:00,194.639,0
2013-05-25 13:30:00,192.917,0
2013-05-25 14:00:00,179.532,0
2013-05-25 14:30:00,181.947,0
2013-05-25 15:00:00,178.293,0
2013-05-25 15:30:00,188.05,0
2013-05-25 16:00:00,197.512,0
2013-05-25 16:30:00,215.057,0
2013-05-25 17:00:00,209.535,0
2013-05-25 17:30:00,228.284,0
2013-05-25 18:00:00,225.128,0
2013-05-25 18:30:00,233.194,0
2013-05-25 19:00:00,222.398,0
2013-05-25 19:30:00,216.093,0
2013-05-25 20:00:00,214.972,0
2013-05-25 20:30:00,224.964,0
2013-05-25 21:00:00,232.323,0
2013-05-25 21:30:00,230.288,0
2013-05-25 22:00:00,212.985,0
2013-05-25 22:30:00,192.764,0
2013-05-25 23:00:00,173.646,0
2013-05-25 23:30:00,151.058,0
2013-05-26 00:00:00,130.335,0
2013-05-26 00:30:00,123.827,0
2013-05-26 01:00:00,116.789,0
2013-05-26 01:30:00,104.666,0
2013-05-26 02:00:00,101.874,0
2013-05-26 02:30:00,97.469,0
2013-05-26 03:00:00,93.919,0
2013-05-26 03:30:00,90.435,0
2013-05-26 04:00:00,90.593,0
2013-05-26 04:30:00,92.361,0
2013-05-26 05:00:00,103.502,0
2013-05-26 05:30:00,114.264,0
2013-05-26 06:00:00,123.034,0
2013-05-26 06:30:00,137.423,0
2013-05-26 07:00:00,155.829,0
2013-05-26 07:30:00,186.786,0
2013-05-26 08:00:00,198.677,0
2013-05-26 08:30:00,210.373,0
2013-05-26 09:00:00,202.961,0
2013-05-26 09:30:00,194.972,0
2013-05-26 10:00:00,195.039,0
2013-05-26 10:30:00,202.34,0
2013-05-26 11:00:00,198.721,0
2013-05-26 11:30:00,212.158,0
2013-05-26 12:00:00,219.793,0
2013-05-26 12:30:00,210.519,0
2013-05-26 13:00:00,211.066,0
2013-05-26 13:30:00,205.396,0
2013-05-26 14:00:00,183.415,0
2013-05-26 14:30:00,179.359,0
2013-05-26 15:00:00,172.744,0
2013-05-26 15:30:00,183.007,0
2013-05-26 16:00:00,184.123,0
2013-05-26 16:30:00,188.736,0
2013-05-26 17:00:00,208.175,0
2013-05-26 17:30:00,224.576,0
2013-05-26 18:00:00,214.344,0
2013-05-26 18:30:00,220.25,0
2013-05-26 19:00:00,217.457,0
2013-05-26 19:30:00,215.302,0
2013-05-26 20:00:00,211.625,0
2013-05-26 20:30:00,220.006,0
2013-05-26 21:00:00,227.687,0
2013-05-26 21:30:00,224.266,0
2013-05-26 22:00:00,205.878,0
2013-05-26 22:30:00,185.841,0
2013-05-26 23:00:00,157.561,0
2013-05-26 23:30:00,137.68,0
2013-05-27 00:00:00,123.239,0
2013-05-27 00:30:00,111.31,0
2013-05-27 01:00:00,105.048,0
2013-05-27 01:30:00,99.255,0
2013-05-27 02:00:00,97.175,0
2013-05-27 02:30:00,93.854,0
2013-05-27 03:00:00,90.219,0
2013-05-27 03:30:00,89.026,0
2013-05-27 04:00:00,90.28,0
2013-05-27 04:30:00,93.915,0
2013-05-27 05:00:00,104.238,0
2013-05-27 05:30:00,110.573,0
2013-05-27 06:00:00,113.981,0
2013-05-27 06:30:00,130.764,0
2013-05-27 07:00:00,142.707,0
2013-05-27 07:30:00,171.374,0
2013-05-27 08:00:00,196.968,0
2013-05-27 08:30:00,192.828,0
2013-05-27 09:00:00,197.177,0
2013-05-27 09:30:00,189.384,0
2013-05-27 10:00:00,202.4,0
2013-05-27 10:30:00,185.333,0
2013-05-27 11:00:00,190.557,0
2013-05-27 11:30:00,201.767,0
2013-05-27 12:00:00,208.814,0
2013-05-27 12:30:00,200.41,0
2013-05-27 13:00:00,197.341,0
2013-05-27 13:30:00,186.268,0
2013-05-27 14:00:00,175.931,0
2013-05-27 14:30:00,180.353,0
2013-05-27 15:00:00,181.495,0
2013-05-27 15:30:00,193.182,0
2013-05-27 16:00:00,196.626,0
2013-05-27 16:30:00,200.281,0
2013-05-27 17:00:00,211.239,0
2013-05-27 17:30:00,230.474,0
2013-05-27 18:00:00,243.605,0
2013-05-27 18:30:00,229.903,0
2013-05-27 19:00:00,220.118,0
2013-05-27 19:30:00,220.816,0
2013-05-27 20:00:00,222.955,0
2013-05-27 20:30:00,233.336,0
2013-05-27 21:00:00,242.069,0
2013-05-27 21:30:00,231.402,0
2013-05-27 22:00:00,213.197,0
2013-05-27 22:30:00,184.606,0
2013-05-27 23:00:00,153.774,0
2013-05-27 23:30:00,137.644,0
2013-05-28 00:00:00,118.808,0
2013-05-28 00:30:00,106.801,0
2013-05-28 01:00:00,99.697,0
2013-05-28 01:30:00,93.91,0
2013-05-28 02:00:00,90.736,0
2013-05-28 02:30:00,90.131,0
2013-05-28 03:00:00,89.842,0
2013-05-28 03:30:00,88.693,0
2013-05-28 04:00:00,91.008,0
2013-05-28 04:30:00,95.666,0
2013-05-28 05:00:00,104.133,0
2013-05-28 05:30:00,114.909,0
2013-05-28 06:00:00,132.316,0
2013-05-28 06:30:00,149.76,0
2013-05-28 07:00:00,166.569,0
2013-05-28 07:30:00,184.468,0
2013-05-28 08:00:00,188.923,0
2013-05-28 08:30:00,177.342,0
2013-05-28 09:00:00,172.677,0
2013-05-28 09:30:00,178.117,0
2013-05-28 10:00:00,180.361,0
2013-05-28 10:30:00,192.628,0
2013-05-28 11:00:00,187.313,0
2013-05-28 11:30:00,190.071,0
2013-05-28 12:00:00,189.275,0
2013-05-28 12:30:00,187.094,0
2013-05-28 13:00:00,193.92,0
2013-05-28 13:30:00,186.055,0
2013-05-28 14:00:00,188.18,0
2013-05-28 14:30:00,189.847,0
2013-05-28 15:00:00,185.48,0
2013-05-28 15:30:00,191.521,0
2013-05-28 16:00:00,203.437,0
2013-05-28 16:30:00,231.977,0
2013-05-28 17:00:00,237.726,0
2013-05-28 17:30:00,252.524,0
2013-05-28 18:00:00,262.193,0
2013-05-28 18:30:00,272.211,0
2013-05-28 19:00:00,255.606,0
2013-05-28 19:30:00,247.742,0
2013-05-28 20:00:00,240.311,0
2013-05-28 20:30:00,247.609,0
2013-05-28 21:00:00,250.739,0
2013-05-28 21:30:00,245.35,0
2013-05-28 22:00:00,222.959,0
2013-05-28 22:30:00,197.03,0
2013-05-28 23:00:00,166.345,0
2013-05-28 23:30:00,134.65,0
2013-05-29 00:00:00,119.41,0
2013-05-29 00:30:00,107.121,0
2013-05-29 01:00:00,98.325,0
2013-05-29 01:30:00,94.934,0
2013-05-29 02:00:00,92.462,0
2013-05-29 02:30:00,91.573,0
2013-05-29 03:00:00,87.432,0
2013-05-29 03:30:00,92.565,0
2013-05-29 04:00:00,95.137,0
2013-05-29 04:30:00,98.521,0
2013-05-29 05:00:00,108.615,0
2013-05-29 05:30:00,127.877,0
2013-05-29 06:00:00,133.127,0
2013-05-29 06:30:00,161.469,0
2013-05-29 07:00:00,168.649,0
2013-05-29 07:30:00,185.304,0
2013-05-29 08:00:00,181.148,0
2013-05-29 08:30:00,175.759,0
2013-05-29 09:00:00,165.46,0
2013-05-29 09:30:00,176.004,0
2013-05-29 10:00:00,180.948,0
2013-05-29 10:30:00,183.296,0
2013-05-29 11:00:00,185.359,0
2013-05-29 11:30:00,199.7,0
2013-05-29 12:00:00,207.089,0
2013-05-29 12:30:00,191.447,0
2013-05-29 13:00:00,184.643,0
2013-05-29 13:30:00,178.837,0
2013-05-29 14:00:00,186.645,0
2013-05-29 14:30:00,191.981,0
2013-05-29 15:00:00,196.306,0
2013-05-29 15:30:00,206.269,0
2013-05-29 16:00:00,217.33,0
2013-05-29 16:30:00,265.133,0
2013-05-29 17:00:00,277.35,0
2013-05-29 17:30:00,298.531,0
2013-05-29 18:00:00,290.039,0
2013-05-29 18:30:00,296.785,0
2013-05-29 19:00:00,278.552,0
2013-05-29 19:30:00,273.83,0
2013-05-29 20:00:00,288.468,0
2013-05-29 20:30:00,289.676,0
2013-05-29 21:00:00,283.028,0
2013-05-29 21:30:00,273.249,0
2013-05-29 22:00:00,234.526,0
2013-05-29 22:30:00,206.982,0
2013-05-29 23:00:00,175.957,0
2013-05-29 23:30:00,152.174,0
2013-05-30 00:00:00,136.923,0
2013-05-30 00:30:00,117.946,0
2013-05-30 01:00:00,106.863,0
2013-05-30 01:30:00,103.025,0
2013-05-30 02:00:00,100.658,0
2013-05-30 02:30:00,98.215,0
2013-05-30 03:00:00,93.229,0
2013-05-30 03:30:00,95.092,0
2013-05-30 04:00:00,96.153,0
2013-05-30 04:30:00,98.141,0
2013-05-30 05:00:00,108.929,0
2013-05-30 05:30:00,125.134,0
2013-05-30 06:00:00,145.437,0
2013-05-30 06:30:00,160.778,0
2013-05-30 07:00:00,173.627,0
2013-05-30 07:30:00,195.09,0
2013-05-30 08:00:00,187.663,0
2013-05-30 08:30:00,189.489,0
2013-05-30 09:00:00,194.383,0
2013-05-30 09:30:00,192.796,0
2013-05-30 10:00:00,195.939,0
2013-05-30 10:30:00,187.647,0
2013-05-30 11:00:00,190.225,0
2013-05-30 11:30:00,194.237,0
2013-05-30 12:00:00,187.767,0
2013-05-30 12:30:00,188.611,0
2013-05-30 13:00:00,178.765,0
2013-05-30 13:30:00,179.096,0
2013-05-30 14:00:00,176.433,0
2013-05-30 14:30:00,177.463,0
2013-05-30 15:00:00,187.069,0
2013-05-30 15:30:00,199.263,0
2013-05-30 16:00:00,208.235,0
2013-05-30 16:30:00,226.982,0
2013-05-30 17:00:00,230.063,0
2013-05-30 17:30:00,244.451,0
2013-05-30 18:00:00,241.29,0
2013-05-30 18:30:00,252.877,0
2013-05-30 19:00:00,257.028,0
2013-05-30 19:30:00,265.808,0
2013-05-30 20:00:00,258.565,0
2013-05-30 20:30:00,258.761,0
2013-05-30 21:00:00,256.993,0
2013-05-30 21:30:00,247.471,0
2013-05-30 22:00:00,222.924,0
2013-05-30 22:30:00,193.285,0
2013-05-30 23:00:00,163.68,0
2013-05-30 23:30:00,140.647,0
2013-05-31 00:00:00,125.165,0
2013-05-31 00:30:00,110.427,0
2013-05-31 01:00:00,103.591,0
2013-05-31 01:30:00,98.247,0
2013-05-31 02:00:00,99.214,0
2013-05-31 02:30:00,93.593,0
2013-05-31 03:00:00,92.734,0
2013-05-31 03:30:00,92.006,0
2013-05-31 04:00:00,95.818,0
2013-05-31 04:30:00,101.119,0
2013-05-31 05:00:00,112.194,0
2013-05-31 05:30:00,130.652,0
2013-05-31 06:00:00,141.798,0
2013-05-31 06:30:00,161.002,0
2013-05-31 07:00:00,173.049,0
2013-05-31 07:30:00,191.055,0
2013-05-31 08:00:00,194.532,0
2013-05-31 08:30:00,197.689,0
2013-05-31 09:00:00,192.334,0
2013-05-31 09:30:00,194.078,0
2013-05-31 10:00:00,183.722,0
2013-05-31 10:30:00,187.093,0
2013-05-31 11:00:00,189.908,0
2013-05-31 11:30:00,195.388,0
2013-05-31 12:00:00,193.1,0
2013-05-31 12:30:00,176.885,0
2013-05-31 13:00:00,168.01,0
2013-05-31 13:30:00,159.659,0
2013-05-31 14:00:00,165.882,0
2013-05-31 14:30:00,164.735,0
2013-05-31 15:00:00,163.242,0
2013-05-31 15:30:00,169.299,0
2013-05-31 16:00:00,173.193,0
2013-05-31 16:30:00,195.821,0
2013-05-31 17:00:00,204.706,0
2013-05-31 17:30:00,227.228,0
2013-05-31 18:00:00,219.737,0
2013-05-31 18:30:00,228.071,0
2013-05-31 19:00:00,218.34,0
2013-05-31 19:30:00,218.215,0
2013-05-31 20:00:00,210.63,0
2013-05-31 20:30:00,223.557,0
2013-05-31 21:00:00,229.396,0
2013-05-31 21:30:00,225.728,0
2013-05-31 22:00:00,211.602,0
2013-05-31 22:30:00,190.405,0
2013-05-31 23:00:00,164.856,0
2013-05-31 23:30:00,141.851,0
2013-06-01 00:00:00,124.165,0
2013-06-01 00:30:00,113.637,0
2013-06-01 01:00:00,105.044,0
2013-06-01 01:30:00,102.057,0
2013-06-01 02:00:00,99.538,0
2013-06-01 02:30:00,99.097,0
2013-06-01 03:00:00,89.037,0
2013-06-01 03:30:00,89.298,0
2013-06-01 04:00:00,92.231,0
2013-06-01 04:30:00,93.195,0
2013-06-01 05:00:00,100.728,0
2013-06-01 05:30:00,105.876,0
2013-06-01 06:00:00,115.588,0
2013-06-01 06:30:00,131.986,0
2013-06-01 07:00:00,141.303,0
2013-06-01 07:30:00,163.253,0
2013-06-01 08:00:00,176.382,0
2013-06-01 08:30:00,189.775,0
2013-06-01 09:00:00,192.687,0
2013-06-01 09:30:00,180.933,0
2013-06-01 10:00:00,178.006,0
2013-06-01 10:30:00,192.433,0
2013-06-01 11:00:00,194.69,0
2013-06-01 11:30:00,192.437,0
2013-06-01 12:00:00,196.673,0
2013-06-01 12:30:00,204.105,0
2013-06-01 13:00:00,185.905,0
2013-06-01 13:30:00,188.631,0
2013-06-01 14:00:00,168.918,0
2013-06-01 14:30:00,181.761,0
2013-06-01 15:00:00,194.345,0
2013-06-01 15:30:00,184.213,0
2013-06-01 16:00:00,187.085,0
2013-06-01 16:30:00,198.395,0
2013-06-01 17:00:00,210.441,0
2013-06-01 17:30:00,213.417,0
2013-06-01 18:00:00,228.967,0
2013-06-01 18:30:00,221.523,0
2013-06-01 19:00:00,222.757,0
2013-06-01 19:30:00,225.22,0
2013-06-01 20:00:00,219.993,0
2013-06-01 20:30:00,228.029,0
2013-06-01 21:00:00,225.089,0
2013-06-01 21:30:00,224.883,0
2013-06-01 22:00:00,212.75,0
2013-06-01 22:30:00,191.065,0
2013-06-01 23:00:00,170.98,0
2013-06-01 23:30:00,146.098,0
2013-06-02 00:00:00,128.242,0
2013-06-02 00:30:00,119.045,0
2013-06-02 01:00:00,111.326,0
2013-06-02 01:30:00,104.452,0
2013-06-02 02:00:00,104.03,0
2013-06-02 02:30:00,97.613,0
2013-06-02 03:00:00,94.113,0
2013-06-02 03:30:00,92.36,0
2013-06-02 04:00:00,92.944,0
2013-06-02 04:30:00,96.36,0
2013-06-02 05:00:00,98.396,0
2013-06-02 05:30:00,103.634,0
2013-06-02 06:00:00,114.57,0
2013-06-02 06:30:00,130.502,0
2013-06-02 07:00:00,136.249,0
2013-06-02 07:30:00,171.919,0
2013-06-02 08:00:00,189.743,0
2013-06-02 08:30:00,206.719,0
2013-06-02 09:00:00,200.512,0
2013-06-02 09:30:00,200.002,0
2013-06-02 10:00:00,200.478,0
2013-06-02 10:30:00,202.483,0
2013-06-02 11:00:00,207.963,0
2013-06-02 11:30:00,218.556,0
2013-06-02 12:00:00,221.678,0
2013-06-02 12:30:00,226.086,0
2013-06-02 13:00:00,219.985,0
2013-06-02 13:30:00,207.907,0
2013-06-02 14:00:00,196.891,0
2013-06-02 14:30:00,201.481,0
2013-06-02 15:00:00,195.986,0
2013-06-02 15:30:00,189.108,0
2013-06-02 16:00:00,198.822,0
2013-06-02 16:30:00,196.402,0
2013-06-02 17:00:00,211.835,0
2013-06-02 17:30:00,221.804,0
2013-06-02 18:00:00,225.099,0
2013-06-02 18:30:00,226.472,0
2013-06-02 19:00:00,228.484,0
2013-06-02 19:30:00,230.988,0
2013-06-02 20:00:00,232.057,0
2013-06-02 20:30:00,239.894,0
2013-06-02 21:00:00,241.86,0
2013-06-02 21:30:00,247.022,0
2013-06-02 22:00:00,218.707,0
2013-06-02 22:30:00,183.721,0
2013-06-02 23:00:00,157.181,0
2013-06-02 23:30:00,135.524,0
2013-06-03 00:00:00,123.168,0
2013-06-03 00:30:00,108.278,0
2013-06-03 01:00:00,100.617,0
2013-06-03 01:30:00,93.779,0
2013-06-03 02:00:00,92.009,0
2013-06-03 02:30:00,91.524,0
2013-06-03 03:00:00,88.765,0
2013-06-03 03:30:00,88.375,0
2013-06-03 04:00:00,94.256,0
2013-06-03 04:30:00,98.542,0
2013-06-03 05:00:00,109.228,0
2013-06-03 05:30:00,120.6,0
2013-06-03 06:00:00,142.338,0
2013-06-03 06:30:00,171.996,0
2013-06-03 07:00:00,181.533,0
2013-06-03 07:30:00,185.122,0
2013-06-03 08:00:00,183.574,0
2013-06-03 08:30:00,169.361,0
2013-06-03 09:00:00,177.575,0
2013-06-03 09:30:00,168.06,0
2013-06-03 10:00:00,159.882,0
2013-06-03 10:30:00,145.164,0
2013-06-03 11:00:00,147.278,0
2013-06-03 11:30:00,146.435,0
2013-06-03 12:00:00,148.631,0
2013-06-03 12:30:00,152.631,0
2013-06-03 13:00:00,150.447,0
2013-06-03 13:30:00,147.226,0
2013-06-03 14:00:00,147.46,0
2013-06-03 14:30:00,142.28,0
2013-06-03 15:00:00,143.045,0
2013-06-03 15:30:00,152.544,0
2013-06-03 16:00:00,165.812,0
2013-06-03 16:30:00,183.852,0
2013-06-03 17:00:00,192.889,0
2013-06-03 17:30:00,201.602,0
2013-06-03 18:00:00,204.998,0
2013-06-03 18:30:00,216.22,0
2013-06-03 19:00:00,204.538,0
2013-06-03 19:30:00,204.587,0
2013-06-03 20:00:00,202.642,0
2013-06-03 20:30:00,216.974,0
2013-06-03 21:00:00,229.789,0
2013-06-03 21:30:00,232.615,0
2013-06-03 22:00:00,205.218,0
2013-06-03 22:30:00,185.177,0
2013-06-03 23:00:00,156.539,0
2013-06-03 23:30:00,135.609,0
2013-06-04 00:00:00,118.428,0
2013-06-04 00:30:00,109.641,0
2013-06-04 01:00:00,102.704,0
2013-06-04 01:30:00,95.678,0
2013-06-04 02:00:00,96.335,0
2013-06-04 02:30:00,94.139,0
2013-06-04 03:00:00,92.709,0
2013-06-04 03:30:00,94.353,0
2013-06-04 04:00:00,96.215,0
2013-06-04 04:30:00,98.67,0
2013-06-04 05:00:00,109.213,0
2013-06-04 05:30:00,119.029,0
2013-06-04 06:00:00,148.943,0
2013-06-04 06:30:00,164.155,0
2013-06-04 07:00:00,177.279,0
2013-06-04 07:30:00,183.018,0
2013-06-04 08:00:00,177.247,0
2013-06-04 08:30:00,173.042,0
2013-06-04 09:00:00,174.424,0
2013-06-04 09:30:00,161.436,0
2013-06-04 10:00:00,163.426,0
2013-06-04 10:30:00,157.172,0
2013-06-04 11:00:00,156.294,0
2013-06-04 11:30:00,167.767,0
2013-06-04 12:00:00,163.368,0
2013-06-04 12:30:00,162.788,0
2013-06-04 13:00:00,162.174,0
2013-06-04 13:30:00,149.447,0
2013-06-04 14:00:00,152.286,0
2013-06-04 14:30:00,159.283,0
2013-06-04 15:00:00,158.872,0
2013-06-04 15:30:00,168.872,0
2013-06-04 16:00:00,181.88,0
2013-06-04 16:30:00,192.218,0
2013-06-04 17:00:00,194.984,0
2013-06-04 17:30:00,211.561,0
2013-06-04 18:00:00,221.841,0
2013-06-04 18:30:00,219.693,0
2013-06-04 19:00:00,218.871,0
2013-06-04 19:30:00,212.275,0
2013-06-04 20:00:00,215.558,0
2013-06-04 20:30:00,230.069,0
2013-06-04 21:00:00,236.655,0
2013-06-04 21:30:00,233.299,0
2013-06-04 22:00:00,210.161,0
2013-06-04 22:30:00,189.045,0
2013-06-04 23:00:00,162.821,0
2013-06-04 23:30:00,138.75,0
2013-06-05 00:00:00,119.92,0
2013-06-05 00:30:00,107.734,0
2013-06-05 01:00:00,99.247,0
2013-06-05 01:30:00,96.746,0
2013-06-05 02:00:00,91.995,0
2013-06-05 02:30:00,91.334,0
2013-06-05 03:00:00,89.73,0
2013-06-05 03:30:00,90.489,0
2013-06-05 04:00:00,96.485,0
2013-06-05 04:30:00,101.677,0
2013-06-05 05:00:00,106.293,0
2013-06-05 05:30:00,120.298,0
2013-06-05 06:00:00,147.501,0
2013-06-05 06:30:00,169.562,0
2013-06-05 07:00:00,174.173,0
2013-06-05 07:30:00,185.164,0
2013-06-05 08:00:00,170.139,0
2013-06-05 08:30:00,171.207,0
2013-06-05 09:00:00,167.382,0
2013-06-05 09:30:00,163.8,0
2013-06-05 10:00:00,162.086,0
2013-06-05 10:30:00,158.761,0
2013-06-05 11:00:00,162.598,0
2013-06-05 11:30:00,163.925,0
2013-06-05 12:00:00,160.521,0
2013-06-05 12:30:00,161.661,0
2013-06-05 13:00:00,150.246,0
2013-06-05 13:30:00,151.929,0
2013-06-05 14:00:00,147.071,0
2013-06-05 14:30:00,152.815,0
2013-06-05 15:00:00,158.212,0
2013-06-05 15:30:00,169.595,0
2013-06-05 16:00:00,182.575,0
2013-06-05 16:30:00,194.034,0
2013-06-05 17:00:00,201.491,0
2013-06-05 17:30:00,218.339,0
2013-06-05 18:00:00,232.358,0
2013-06-05 18:30:00,233.759,0
2013-06-05 19:00:00,218.397,0
2013-06-05 19:30:00,218.298,0
2013-06-05 20:00:00,214.2,0
2013-06-05 20:30:00,235.347,0
2013-06-05 21:00:00,232.423,0
2013-06-05 21:30:00,237.101,0
2013-06-05 22:00:00,218.06,0
2013-06-05 22:30:00,186.695,0
2013-06-05 23:00:00,162.357,0
2013-06-05 23:30:00,131.023,0
2013-06-06 00:00:00,115.439,0
2013-06-06 00:30:00,104.585,0
2013-06-06 01:00:00,96.782,0
2013-06-06 01:30:00,96.402,0
2013-06-06 02:00:00,92.974,0
2013-06-06 02:30:00,91.773,0
2013-06-06 03:00:00,88.598,0
2013-06-06 03:30:00,88.708,0
2013-06-06 04:00:00,91.683,0
2013-06-06 04:30:00,98.559,0
2013-06-06 05:00:00,103.981,0
2013-06-06 05:30:00,121.621,0
2013-06-06 06:00:00,146.26,0
2013-06-06 06:30:00,153.767,0
2013-06-06 07:00:00,169.052,0
2013-06-06 07:30:00,189.172,0
2013-06-06 08:00:00,172.364,0
2013-06-06 08:30:00,176.27100000000002,0
2013-06-06 09:00:00,164.586,0
2013-06-06 09:30:00,157.392,0
2013-06-06 10:00:00,157.565,0
2013-06-06 10:30:00,154.501,0
2013-06-06 11:00:00,152.649,0
2013-06-06 11:30:00,153.079,0
2013-06-06 12:00:00,160.011,0
2013-06-06 12:30:00,154.374,0
2013-06-06 13:00:00,153.67,0
2013-06-06 13:30:00,152.19,0
2013-06-06 14:00:00,150.467,0
2013-06-06 14:30:00,143.273,0
2013-06-06 15:00:00,157.127,0
2013-06-06 15:30:00,169.253,0
2013-06-06 16:00:00,181.341,0
2013-06-06 16:30:00,191.204,0
2013-06-06 17:00:00,191.655,0
2013-06-06 17:30:00,211.995,0
2013-06-06 18:00:00,225.416,0
2013-06-06 18:30:00,216.535,0
2013-06-06 19:00:00,218.401,0
2013-06-06 19:30:00,206.38,0
2013-06-06 20:00:00,211.439,0
2013-06-06 20:30:00,217.274,0
2013-06-06 21:00:00,228.139,0
2013-06-06 21:30:00,230.009,0
2013-06-06 22:00:00,214.454,0
2013-06-06 22:30:00,183.115,0
2013-06-06 23:00:00,158.259,0
2013-06-06 23:30:00,137.606,0
2013-06-07 00:00:00,113.883,0
2013-06-07 00:30:00,105.486,0
2013-06-07 01:00:00,100.138,0
2013-06-07 01:30:00,95.119,0
2013-06-07 02:00:00,93.037,0
2013-06-07 02:30:00,94.583,0
2013-06-07 03:00:00,89.383,0
2013-06-07 03:30:00,90.371,0
2013-06-07 04:00:00,94.369,0
2013-06-07 04:30:00,98.347,0
2013-06-07 05:00:00,103.475,0
2013-06-07 05:30:00,117.882,0
2013-06-07 06:00:00,138.739,0
2013-06-07 06:30:00,160.584,0
2013-06-07 07:00:00,180.434,0
2013-06-07 07:30:00,180.38,0
2013-06-07 08:00:00,177.728,0
2013-06-07 08:30:00,180.386,0
2013-06-07 09:00:00,178.684,0
2013-06-07 09:30:00,172.716,0
2013-06-07 10:00:00,159.713,0
2013-06-07 10:30:00,162.319,0
2013-06-07 11:00:00,171.219,0
2013-06-07 11:30:00,165.614,0
2013-06-07 12:00:00,165.125,0
2013-06-07 12:30:00,163.43,0
2013-06-07 13:00:00,164.508,0
2013-06-07 13:30:00,167.103,0
2013-06-07 14:00:00,170.111,0
2013-06-07 14:30:00,174.799,0
2013-06-07 15:00:00,171.011,0
2013-06-07 15:30:00,184.494,0
2013-06-07 16:00:00,195.78,0
2013-06-07 16:30:00,185.945,0
2013-06-07 17:00:00,190.012,0
2013-06-07 17:30:00,195.691,0
2013-06-07 18:00:00,207.857,0
2013-06-07 18:30:00,200.881,0
2013-06-07 19:00:00,198.988,0
2013-06-07 19:30:00,198.179,0
2013-06-07 20:00:00,199.493,0
2013-06-07 20:30:00,210.244,0
2013-06-07 21:00:00,216.043,0
2013-06-07 21:30:00,224.001,0
2013-06-07 22:00:00,207.555,0
2013-06-07 22:30:00,179.748,0
2013-06-07 23:00:00,156.889,0
2013-06-07 23:30:00,138.676,0
2013-06-08 00:00:00,122.17,0
2013-06-08 00:30:00,111.689,0
2013-06-08 01:00:00,105.26,0
2013-06-08 01:30:00,103.556,0
2013-06-08 02:00:00,98.573,0
2013-06-08 02:30:00,92.73,0
2013-06-08 03:00:00,89.011,0
2013-06-08 03:30:00,91.548,0
2013-06-08 04:00:00,86.924,0
2013-06-08 04:30:00,90.492,0
2013-06-08 05:00:00,98.819,0
2013-06-08 05:30:00,113.827,0
2013-06-08 06:00:00,116.922,0
2013-06-08 06:30:00,137.583,0
2013-06-08 07:00:00,151.752,0
2013-06-08 07:30:00,160.887,0
2013-06-08 08:00:00,160.689,0
2013-06-08 08:30:00,175.236,0
2013-06-08 09:00:00,178.942,0
2013-06-08 09:30:00,172.745,0
2013-06-08 10:00:00,176.933,0
2013-06-08 10:30:00,175.738,0
2013-06-08 11:00:00,175.018,0
2013-06-08 11:30:00,173.588,0
2013-06-08 12:00:00,178.55,0
2013-06-08 12:30:00,178.262,0
2013-06-08 13:00:00,172.066,0
2013-06-08 13:30:00,155.658,0
2013-06-08 14:00:00,160.483,0
2013-06-08 14:30:00,163.488,0
2013-06-08 15:00:00,161.346,0
2013-06-08 15:30:00,159.546,0
2013-06-08 16:00:00,160.519,0
2013-06-08 16:30:00,199.825,0
2013-06-08 17:00:00,205.49,0
2013-06-08 17:30:00,213.823,0
2013-06-08 18:00:00,221.903,0
2013-06-08 18:30:00,225.6,0
2013-06-08 19:00:00,215.806,0
2013-06-08 19:30:00,221.325,0
2013-06-08 20:00:00,219.545,0
2013-06-08 20:30:00,226.214,0
2013-06-08 21:00:00,225.253,0
2013-06-08 21:30:00,226.709,0
2013-06-08 22:00:00,215.134,0
2013-06-08 22:30:00,190.555,0
2013-06-08 23:00:00,164.554,0
2013-06-08 23:30:00,147.886,0
2013-06-09 00:00:00,130.749,0
2013-06-09 00:30:00,116.564,0
2013-06-09 01:00:00,108.676,0
2013-06-09 01:30:00,102.672,0
2013-06-09 02:00:00,101.579,0
2013-06-09 02:30:00,97.959,0
2013-06-09 03:00:00,91.458,0
2013-06-09 03:30:00,91.882,0
2013-06-09 04:00:00,89.136,0
2013-06-09 04:30:00,91.566,0
2013-06-09 05:00:00,97.474,0
2013-06-09 05:30:00,103.307,0
2013-06-09 06:00:00,112.715,0
2013-06-09 06:30:00,128.435,0
2013-06-09 07:00:00,141.747,0
2013-06-09 07:30:00,161.394,0
2013-06-09 08:00:00,181.441,0
2013-06-09 08:30:00,203.132,0
2013-06-09 09:00:00,213.137,0
2013-06-09 09:30:00,216.596,0
2013-06-09 10:00:00,220.273,0
2013-06-09 10:30:00,220.171,0
2013-06-09 11:00:00,213.704,0
2013-06-09 11:30:00,225.403,0
2013-06-09 12:00:00,229.326,0
2013-06-09 12:30:00,228.42,0
2013-06-09 13:00:00,217.111,0
2013-06-09 13:30:00,209.472,0
2013-06-09 14:00:00,204.557,0
2013-06-09 14:30:00,209.37,0
2013-06-09 15:00:00,214.166,0
2013-06-09 15:30:00,213.907,0
2013-06-09 16:00:00,215.982,0
2013-06-09 16:30:00,226.664,0
2013-06-09 17:00:00,232.757,0
2013-06-09 17:30:00,250.941,0
2013-06-09 18:00:00,253.321,0
2013-06-09 18:30:00,258.013,0
2013-06-09 19:00:00,251.444,0
2013-06-09 19:30:00,238.925,0
2013-06-09 20:00:00,237.792,0
2013-06-09 20:30:00,251.092,0
2013-06-09 21:00:00,247.55,0
2013-06-09 21:30:00,239.042,0
2013-06-09 22:00:00,217.123,0
2013-06-09 22:30:00,185.185,0
2013-06-09 23:00:00,151.352,0
2013-06-09 23:30:00,135.918,0
2013-06-10 00:00:00,117.077,0
2013-06-10 00:30:00,108.972,0
2013-06-10 01:00:00,99.34,0
2013-06-10 01:30:00,97.107,0
2013-06-10 02:00:00,93.282,0
2013-06-10 02:30:00,90.464,0
2013-06-10 03:00:00,89.014,0
2013-06-10 03:30:00,90.958,0
2013-06-10 04:00:00,93.296,0
2013-06-10 04:30:00,96.149,0
2013-06-10 05:00:00,103.342,0
2013-06-10 05:30:00,119.953,0
2013-06-10 06:00:00,145.55,0
2013-06-10 06:30:00,154.871,0
2013-06-10 07:00:00,175.571,0
2013-06-10 07:30:00,178.309,0
2013-06-10 08:00:00,188.894,0
2013-06-10 08:30:00,179.797,0
2013-06-10 09:00:00,176.604,0
2013-06-10 09:30:00,178.602,0
2013-06-10 10:00:00,172.11,0
2013-06-10 10:30:00,177.788,0
2013-06-10 11:00:00,174.583,0
2013-06-10 11:30:00,175.496,0
2013-06-10 12:00:00,178.759,0
2013-06-10 12:30:00,181.66,0
2013-06-10 13:00:00,182.825,0
2013-06-10 13:30:00,174.674,0
2013-06-10 14:00:00,168.751,0
2013-06-10 14:30:00,167.058,0
2013-06-10 15:00:00,170.124,0
2013-06-10 15:30:00,182.307,0
2013-06-10 16:00:00,189.376,0
2013-06-10 16:30:00,193.443,0
2013-06-10 17:00:00,212.037,0
2013-06-10 17:30:00,241.193,0
2013-06-10 18:00:00,251.594,0
2013-06-10 18:30:00,246.287,0
2013-06-10 19:00:00,249.643,0
2013-06-10 19:30:00,246.562,0
2013-06-10 20:00:00,240.848,0
2013-06-10 20:30:00,263.24,0
2013-06-10 21:00:00,265.659,0
2013-06-10 21:30:00,252.671,0
2013-06-10 22:00:00,216.769,0
2013-06-10 22:30:00,186.617,0
2013-06-10 23:00:00,158.654,0
2013-06-10 23:30:00,137.655,0
2013-06-11 00:00:00,117.338,0
2013-06-11 00:30:00,109.958,0
2013-06-11 01:00:00,98.813,0
2013-06-11 01:30:00,94.692,0
2013-06-11 02:00:00,92.288,0
2013-06-11 02:30:00,94.539,0
2013-06-11 03:00:00,90.647,0
2013-06-11 03:30:00,91.998,0
2013-06-11 04:00:00,96.265,0
2013-06-11 04:30:00,98.432,0
2013-06-11 05:00:00,106.927,0
2013-06-11 05:30:00,121.784,0
2013-06-11 06:00:00,147.635,0
2013-06-11 06:30:00,168.564,0
2013-06-11 07:00:00,189.84,0
2013-06-11 07:30:00,179.711,0
2013-06-11 08:00:00,180.395,0
2013-06-11 08:30:00,172.972,0
2013-06-11 09:00:00,168.53,0
2013-06-11 09:30:00,172.01,0
2013-06-11 10:00:00,170.893,0
2013-06-11 10:30:00,167.338,0
2013-06-11 11:00:00,173.026,0
2013-06-11 11:30:00,170.579,0
2013-06-11 12:00:00,171.365,0
2013-06-11 12:30:00,171.878,0
2013-06-11 13:00:00,174.421,0
2013-06-11 13:30:00,170.555,0
2013-06-11 14:00:00,167.724,0
2013-06-11 14:30:00,166.02,0
2013-06-11 15:00:00,174.291,0
2013-06-11 15:30:00,191.772,0
2013-06-11 16:00:00,196.676,0
2013-06-11 16:30:00,203.285,0
2013-06-11 17:00:00,217.345,0
2013-06-11 17:30:00,239.468,0
2013-06-11 18:00:00,251.049,0
2013-06-11 18:30:00,245.605,0
2013-06-11 19:00:00,238.498,0
2013-06-11 19:30:00,242.218,0
2013-06-11 20:00:00,230.154,0
2013-06-11 20:30:00,245.156,0
2013-06-11 21:00:00,245.787,0
2013-06-11 21:30:00,246.433,0
2013-06-11 22:00:00,221.699,0
2013-06-11 22:30:00,185.141,0
2013-06-11 23:00:00,157.118,0
2013-06-11 23:30:00,134.168,0
2013-06-12 00:00:00,119.908,0
2013-06-12 00:30:00,108.391,0
2013-06-12 01:00:00,102.116,0
2013-06-12 01:30:00,96.458,0
2013-06-12 02:00:00,94.082,0
2013-06-12 02:30:00,94.233,0
2013-06-12 03:00:00,95.597,0
2013-06-12 03:30:00,91.895,0
2013-06-12 04:00:00,93.608,0
2013-06-12 04:30:00,97.747,0
2013-06-12 05:00:00,106.822,0
2013-06-12 05:30:00,126.884,0
2013-06-12 06:00:00,156.383,0
2013-06-12 06:30:00,158.169,0
2013-06-12 07:00:00,177.656,0
2013-06-12 07:30:00,194.861,0
2013-06-12 08:00:00,174.817,0
2013-06-12 08:30:00,168.231,0
2013-06-12 09:00:00,167.357,0
2013-06-12 09:30:00,161.678,0
2013-06-12 10:00:00,157.859,0
2013-06-12 10:30:00,189.574,0
2013-06-12 11:00:00,191.062,0
2013-06-12 11:30:00,207.671,0
2013-06-12 12:00:00,207.569,0
2013-06-12 12:30:00,200.631,0
2013-06-12 13:00:00,194.022,0
2013-06-12 13:30:00,194.918,0
2013-06-12 14:00:00,186.368,0
2013-06-12 14:30:00,203.052,0
2013-06-12 15:00:00,206.295,0
2013-06-12 15:30:00,221.842,0
2013-06-12 16:00:00,224.226,0
2013-06-12 16:30:00,221.686,0
2013-06-12 17:00:00,223.134,0
2013-06-12 17:30:00,242.107,0
2013-06-12 18:00:00,268.938,0
2013-06-12 18:30:00,257.16,0
2013-06-12 19:00:00,261.04,0
2013-06-12 19:30:00,256.916,0
2013-06-12 20:00:00,249.709,0
2013-06-12 20:30:00,247.035,0
2013-06-12 21:00:00,248.175,0
2013-06-12 21:30:00,246.925,0
2013-06-12 22:00:00,217.525,0
2013-06-12 22:30:00,188.038,0
2013-06-12 23:00:00,157.017,0
2013-06-12 23:30:00,139.372,0
2013-06-13 00:00:00,118.323,0
2013-06-13 00:30:00,109.538,0
2013-06-13 01:00:00,97.708,0
2013-06-13 01:30:00,95.867,0
2013-06-13 02:00:00,95.681,0
2013-06-13 02:30:00,94.885,0
2013-06-13 03:00:00,93.357,0
2013-06-13 03:30:00,93.651,0
2013-06-13 04:00:00,93.315,0
2013-06-13 04:30:00,98.798,0
2013-06-13 05:00:00,111.006,0
2013-06-13 05:30:00,127.911,0
2013-06-13 06:00:00,145.969,0
2013-06-13 06:30:00,171.266,0
2013-06-13 07:00:00,194.269,0
2013-06-13 07:30:00,194.799,0
2013-06-13 08:00:00,174.406,0
2013-06-13 08:30:00,177.041,0
2013-06-13 09:00:00,171.618,0
2013-06-13 09:30:00,164.113,0
2013-06-13 10:00:00,166.895,0
2013-06-13 10:30:00,167.827,0
2013-06-13 11:00:00,172.48,0
2013-06-13 11:30:00,178.169,0
2013-06-13 12:00:00,178.545,0
2013-06-13 12:30:00,179.168,0
2013-06-13 13:00:00,164.556,0
2013-06-13 13:30:00,164.659,0
2013-06-13 14:00:00,164.911,0
2013-06-13 14:30:00,171.956,0
2013-06-13 15:00:00,171.383,0
2013-06-13 15:30:00,190.361,0
2013-06-13 16:00:00,198.92,0
2013-06-13 16:30:00,201.537,0
2013-06-13 17:00:00,206.372,0
2013-06-13 17:30:00,214.885,0
2013-06-13 18:00:00,217.387,0
2013-06-13 18:30:00,221.727,0
2013-06-13 19:00:00,223.272,0
2013-06-13 19:30:00,220.285,0
2013-06-13 20:00:00,224.116,0
2013-06-13 20:30:00,236.696,0
2013-06-13 21:00:00,249.695,0
2013-06-13 21:30:00,243.14,0
2013-06-13 22:00:00,224.69,0
2013-06-13 22:30:00,197.957,0
2013-06-13 23:00:00,167.765,0
2013-06-13 23:30:00,142.209,0
2013-06-14 00:00:00,123.131,0
2013-06-14 00:30:00,111.787,0
2013-06-14 01:00:00,100.79,0
2013-06-14 01:30:00,96.542,0
2013-06-14 02:00:00,96.559,0
2013-06-14 02:30:00,93.032,0
2013-06-14 03:00:00,88.233,0
2013-06-14 03:30:00,89.012,0
2013-06-14 04:00:00,91.624,0
2013-06-14 04:30:00,102.363,0
2013-06-14 05:00:00,109.489,0
2013-06-14 05:30:00,120.598,0
2013-06-14 06:00:00,139.929,0
2013-06-14 06:30:00,158.85,0
2013-06-14 07:00:00,182.905,0
2013-06-14 07:30:00,185.088,0
2013-06-14 08:00:00,186.663,0
2013-06-14 08:30:00,183.815,0
2013-06-14 09:00:00,181.739,0
2013-06-14 09:30:00,179.057,0
2013-06-14 10:00:00,175.617,0
2013-06-14 10:30:00,172.617,0
2013-06-14 11:00:00,178.643,0
2013-06-14 11:30:00,175.694,0
2013-06-14 12:00:00,171.103,0
2013-06-14 12:30:00,163.54,0
2013-06-14 13:00:00,161.421,0
2013-06-14 13:30:00,160.003,0
2013-06-14 14:00:00,155.489,0
2013-06-14 14:30:00,157.613,0
2013-06-14 15:00:00,162.691,0
2013-06-14 15:30:00,180.669,0
2013-06-14 16:00:00,187.145,0
2013-06-14 16:30:00,194.338,0
2013-06-14 17:00:00,204.993,0
2013-06-14 17:30:00,218.662,0
2013-06-14 18:00:00,223.673,0
2013-06-14 18:30:00,218.5,0
2013-06-14 19:00:00,212.494,0
2013-06-14 19:30:00,217.917,0
2013-06-14 20:00:00,229.577,0
2013-06-14 20:30:00,229.602,0
2013-06-14 21:00:00,230.744,0
2013-06-14 21:30:00,229.738,0
2013-06-14 22:00:00,206.542,0
2013-06-14 22:30:00,180.372,0
2013-06-14 23:00:00,161.331,0
2013-06-14 23:30:00,144.401,0
2013-06-15 00:00:00,124.697,0
2013-06-15 00:30:00,115.552,0
2013-06-15 01:00:00,104.7,0
2013-06-15 01:30:00,98.262,0
2013-06-15 02:00:00,96.817,0
2013-06-15 02:30:00,93.263,0
2013-06-15 03:00:00,90.875,0
2013-06-15 03:30:00,86.429,0
2013-06-15 04:00:00,88.931,0
2013-06-15 04:30:00,96.586,0
2013-06-15 05:00:00,104.074,0
2013-06-15 05:30:00,110.89,0
2013-06-15 06:00:00,122.696,0
2013-06-15 06:30:00,150.039,0
2013-06-15 07:00:00,158.984,0
2013-06-15 07:30:00,187.471,0
2013-06-15 08:00:00,199.366,0
2013-06-15 08:30:00,206.579,0
2013-06-15 09:00:00,211.043,0
2013-06-15 09:30:00,214.813,0
2013-06-15 10:00:00,209.737,0
2013-06-15 10:30:00,216.533,0
2013-06-15 11:00:00,219.691,0
2013-06-15 11:30:00,221.338,0
2013-06-15 12:00:00,219.633,0
2013-06-15 12:30:00,213.005,0
2013-06-15 13:00:00,225.855,0
2013-06-15 13:30:00,225.657,0
2013-06-15 14:00:00,221.399,0
2013-06-15 14:30:00,215.234,0
2013-06-15 15:00:00,215.01,0
2013-06-15 15:30:00,214.59,0
2013-06-15 16:00:00,231.774,0
2013-06-15 16:30:00,221.94,0
2013-06-15 17:00:00,221.073,0
2013-06-15 17:30:00,233.252,0
2013-06-15 18:00:00,232.322,0
2013-06-15 18:30:00,239.675,0
2013-06-15 19:00:00,219.047,0
2013-06-15 19:30:00,222.288,0
2013-06-15 20:00:00,211.056,0
2013-06-15 20:30:00,221.044,0
2013-06-15 21:00:00,229.791,0
2013-06-15 21:30:00,225.592,0
2013-06-15 22:00:00,208.964,0
2013-06-15 22:30:00,185.093,0
2013-06-15 23:00:00,167.355,0
2013-06-15 23:30:00,145.859,0
2013-06-16 00:00:00,126.882,0
2013-06-16 00:30:00,112.288,0
2013-06-16 01:00:00,106.917,0
2013-06-16 01:30:00,98.407,0
2013-06-16 02:00:00,94.592,0
2013-06-16 02:30:00,93.238,0
2013-06-16 03:00:00,90.632,0
2013-06-16 03:30:00,91.538,0
2013-06-16 04:00:00,89.865,0
2013-06-16 04:30:00,91.778,0
2013-06-16 05:00:00,96.122,0
2013-06-16 05:30:00,106.856,0
2013-06-16 06:00:00,118.022,0
2013-06-16 06:30:00,122.031,0
2013-06-16 07:00:00,140.409,0
2013-06-16 07:30:00,169.242,0
2013-06-16 08:00:00,183.699,0
2013-06-16 08:30:00,193.325,0
2013-06-16 09:00:00,203.309,0
2013-06-16 09:30:00,213.866,0
2013-06-16 10:00:00,209.263,0
2013-06-16 10:30:00,206.306,0
2013-06-16 11:00:00,210.08,0
2013-06-16 11:30:00,225.028,0
2013-06-16 12:00:00,233.166,0
2013-06-16 12:30:00,227.104,0
2013-06-16 13:00:00,219.326,0
2013-06-16 13:30:00,212.615,0
2013-06-16 14:00:00,210.353,0
2013-06-16 14:30:00,209.031,0
2013-06-16 15:00:00,209.937,0
2013-06-16 15:30:00,208.66,0
2013-06-16 16:00:00,212.754,0
2013-06-16 16:30:00,216.301,0
2013-06-16 17:00:00,214.62,0
2013-06-16 17:30:00,213.378,0
2013-06-16 18:00:00,231.01,0
2013-06-16 18:30:00,231.86,0
2013-06-16 19:00:00,227.128,0
2013-06-16 19:30:00,232.267,0
2013-06-16 20:00:00,228.987,0
2013-06-16 20:30:00,236.484,0
2013-06-16 21:00:00,239.604,0
2013-06-16 21:30:00,245.126,0
2013-06-16 22:00:00,214.248,0
2013-06-16 22:30:00,185.374,0
2013-06-16 23:00:00,158.054,0
2013-06-16 23:30:00,138.849,0
2013-06-17 00:00:00,120.73,0
2013-06-17 00:30:00,106.697,0
2013-06-17 01:00:00,100.431,0
2013-06-17 01:30:00,97.338,0
2013-06-17 02:00:00,94.06,0
2013-06-17 02:30:00,90.836,0
2013-06-17 03:00:00,88.783,0
2013-06-17 03:30:00,87.713,0
2013-06-17 04:00:00,94.188,0
2013-06-17 04:30:00,100.564,0
2013-06-17 05:00:00,108.635,0
2013-06-17 05:30:00,121.295,0
2013-06-17 06:00:00,140.287,0
2013-06-17 06:30:00,162.156,0
2013-06-17 07:00:00,168.065,0
2013-06-17 07:30:00,176.036,0
2013-06-17 08:00:00,178.776,0
2013-06-17 08:30:00,176.511,0
2013-06-17 09:00:00,173.373,0
2013-06-17 09:30:00,174.383,0
2013-06-17 10:00:00,162.984,0
2013-06-17 10:30:00,149.08,0
2013-06-17 11:00:00,151.229,0
2013-06-17 11:30:00,151.888,0
2013-06-17 12:00:00,159.237,0
2013-06-17 12:30:00,155.735,0
2013-06-17 13:00:00,151.241,0
2013-06-17 13:30:00,144.257,0
2013-06-17 14:00:00,142.99,0
2013-06-17 14:30:00,148.444,0
2013-06-17 15:00:00,147.616,0
2013-06-17 15:30:00,163.168,0
2013-06-17 16:00:00,177.171,0
2013-06-17 16:30:00,187.493,0
2013-06-17 17:00:00,198.221,0
2013-06-17 17:30:00,203.575,0
2013-06-17 18:00:00,207.476,0
2013-06-17 18:30:00,226.291,0
2013-06-17 19:00:00,221.508,0
2013-06-17 19:30:00,223.281,0
2013-06-17 20:00:00,227.626,0
2013-06-17 20:30:00,232.947,0
2013-06-17 21:00:00,228.019,0
2013-06-17 21:30:00,226.333,0
2013-06-17 22:00:00,202.621,0
2013-06-17 22:30:00,189.171,0
2013-06-17 23:00:00,162.432,0
2013-06-17 23:30:00,140.22,0
2013-06-18 00:00:00,117.236,0
2013-06-18 00:30:00,107.15,0
2013-06-18 01:00:00,99.912,0
2013-06-18 01:30:00,96.378,0
2013-06-18 02:00:00,92.874,0
2013-06-18 02:30:00,91.953,0
2013-06-18 03:00:00,90.207,0
2013-06-18 03:30:00,92.395,0
2013-06-18 04:00:00,94.784,0
2013-06-18 04:30:00,100.075,0
2013-06-18 05:00:00,106.945,0
2013-06-18 05:30:00,125.472,0
2013-06-18 06:00:00,143.522,0
2013-06-18 06:30:00,171.101,0
2013-06-18 07:00:00,167.736,0
2013-06-18 07:30:00,174.819,0
2013-06-18 08:00:00,171.922,0
2013-06-18 08:30:00,166.646,0
2013-06-18 09:00:00,158.093,0
2013-06-18 09:30:00,155.449,0
2013-06-18 10:00:00,150.341,0
2013-06-18 10:30:00,156.786,0
2013-06-18 11:00:00,157.89,0
2013-06-18 11:30:00,161.012,0
2013-06-18 12:00:00,169.759,0
2013-06-18 12:30:00,165.494,0
2013-06-18 13:00:00,163.356,0
2013-06-18 13:30:00,158.69,0
2013-06-18 14:00:00,155.464,0
2013-06-18 14:30:00,148.662,0
2013-06-18 15:00:00,161.168,0
2013-06-18 15:30:00,180.847,0
2013-06-18 16:00:00,193.418,0
2013-06-18 16:30:00,251.397,0
2013-06-18 17:00:00,244.784,0
2013-06-18 17:30:00,245.113,0
2013-06-18 18:00:00,245.561,0
2013-06-18 18:30:00,242.231,0
2013-06-18 19:00:00,236.757,0
2013-06-18 19:30:00,236.886,0
2013-06-18 20:00:00,237.325,0
2013-06-18 20:30:00,247.648,0
2013-06-18 21:00:00,262.432,0
2013-06-18 21:30:00,250.987,0
2013-06-18 22:00:00,225.779,0
2013-06-18 22:30:00,194.282,0
2013-06-18 23:00:00,158.195,0
2013-06-18 23:30:00,137.113,0
2013-06-19 00:00:00,118.237,0
2013-06-19 00:30:00,106.842,0
2013-06-19 01:00:00,99.754,0
2013-06-19 01:30:00,95.284,0
2013-06-19 02:00:00,94.855,0
2013-06-19 02:30:00,93.314,0
2013-06-19 03:00:00,93.097,0
2013-06-19 03:30:00,95.257,0
2013-06-19 04:00:00,93.786,0
2013-06-19 04:30:00,101.498,0
2013-06-19 05:00:00,107.01,0
2013-06-19 05:30:00,120.305,0
2013-06-19 06:00:00,140.299,0
2013-06-19 06:30:00,164.864,0
2013-06-19 07:00:00,168.84,0
2013-06-19 07:30:00,181.839,0
2013-06-19 08:00:00,173.433,0
2013-06-19 08:30:00,172.7,0
2013-06-19 09:00:00,173.517,0
2013-06-19 09:30:00,165.645,0
2013-06-19 10:00:00,164.165,0
2013-06-19 10:30:00,153.298,0
2013-06-19 11:00:00,158.531,0
2013-06-19 11:30:00,164.702,0
2013-06-19 12:00:00,159.066,0
2013-06-19 12:30:00,163.003,0
2013-06-19 13:00:00,153.888,0
2013-06-19 13:30:00,145.66,0
2013-06-19 14:00:00,140.542,0
2013-06-19 14:30:00,143.848,0
2013-06-19 15:00:00,151.007,0
2013-06-19 15:30:00,162.872,0
2013-06-19 16:00:00,172.675,0
2013-06-19 16:30:00,192.497,0
2013-06-19 17:00:00,202.437,0
2013-06-19 17:30:00,218.046,0
2013-06-19 18:00:00,218.77,0
2013-06-19 18:30:00,222.622,0
2013-06-19 19:00:00,235.185,0
2013-06-19 19:30:00,226.56,0
2013-06-19 20:00:00,229.237,0
2013-06-19 20:30:00,231.673,0
2013-06-19 21:00:00,227.441,0
2013-06-19 21:30:00,230.024,0
2013-06-19 22:00:00,208.589,0
2013-06-19 22:30:00,181.681,0
2013-06-19 23:00:00,155.999,0
2013-06-19 23:30:00,139.062,0
2013-06-20 00:00:00,119.644,0
2013-06-20 00:30:00,109.217,0
2013-06-20 01:00:00,102.249,0
2013-06-20 01:30:00,97.57,0
2013-06-20 02:00:00,95.999,0
2013-06-20 02:30:00,94.218,0
2013-06-20 03:00:00,90.375,0
2013-06-20 03:30:00,91.734,0
2013-06-20 04:00:00,92.667,0
2013-06-20 04:30:00,106.695,0
2013-06-20 05:00:00,111.896,0
2013-06-20 05:30:00,119.394,0
2013-06-20 06:00:00,143.638,0
2013-06-20 06:30:00,159.691,0
2013-06-20 07:00:00,183.907,0
2013-06-20 07:30:00,188.688,0
2013-06-20 08:00:00,182.77,0
2013-06-20 08:30:00,183.334,0
2013-06-20 09:00:00,178.732,0
2013-06-20 09:30:00,173.586,0
2013-06-20 10:00:00,179.363,0
2013-06-20 10:30:00,165.081,0
2013-06-20 11:00:00,166.821,0
2013-06-20 11:30:00,178.714,0
2013-06-20 12:00:00,185.917,0
2013-06-20 12:30:00,179.543,0
2013-06-20 13:00:00,181.259,0
2013-06-20 13:30:00,168.018,0
2013-06-20 14:00:00,176.245,0
2013-06-20 14:30:00,176.928,0
2013-06-20 15:00:00,182.83,0
2013-06-20 15:30:00,199.564,0
2013-06-20 16:00:00,204.264,0
2013-06-20 16:30:00,211.715,0
2013-06-20 17:00:00,218.429,0
2013-06-20 17:30:00,231.741,0
2013-06-20 18:00:00,233.217,0
2013-06-20 18:30:00,227.468,0
2013-06-20 19:00:00,224.726,0
2013-06-20 19:30:00,226.245,0
2013-06-20 20:00:00,219.462,0
2013-06-20 20:30:00,233.684,0
2013-06-20 21:00:00,243.129,0
2013-06-20 21:30:00,244.778,0
2013-06-20 22:00:00,227.837,0
2013-06-20 22:30:00,197.438,0
2013-06-20 23:00:00,171.8,0
2013-06-20 23:30:00,147.894,0
2013-06-21 00:00:00,127.927,0
2013-06-21 00:30:00,114.455,0
2013-06-21 01:00:00,106.307,0
2013-06-21 01:30:00,101.708,0
2013-06-21 02:00:00,97.885,0
2013-06-21 02:30:00,97.161,0
2013-06-21 03:00:00,91.579,0
2013-06-21 03:30:00,93.002,0
2013-06-21 04:00:00,95.541,0
2013-06-21 04:30:00,98.014,0
2013-06-21 05:00:00,105.552,0
2013-06-21 05:30:00,121.811,0
2013-06-21 06:00:00,138.636,0
2013-06-21 06:30:00,153.823,0
2013-06-21 07:00:00,172.286,0
2013-06-21 07:30:00,174.718,0
2013-06-21 08:00:00,173.159,0
2013-06-21 08:30:00,174.346,0
2013-06-21 09:00:00,162.001,0
2013-06-21 09:30:00,164.812,0
2013-06-21 10:00:00,171.345,0
2013-06-21 10:30:00,164.648,0
2013-06-21 11:00:00,175.578,0
2013-06-21 11:30:00,174.435,0
2013-06-21 12:00:00,179.112,0
2013-06-21 12:30:00,167.573,0
2013-06-21 13:00:00,165.345,0
2013-06-21 13:30:00,156.794,0
2013-06-21 14:00:00,157.744,0
2013-06-21 14:30:00,156.512,0
2013-06-21 15:00:00,163.525,0
2013-06-21 15:30:00,176.599,0
2013-06-21 16:00:00,180.857,0
2013-06-21 16:30:00,197.552,0
2013-06-21 17:00:00,208.041,0
2013-06-21 17:30:00,212.171,0
2013-06-21 18:00:00,205.883,0
2013-06-21 18:30:00,206.419,0
2013-06-21 19:00:00,210.685,0
2013-06-21 19:30:00,207.489,0
2013-06-21 20:00:00,203.634,0
2013-06-21 20:30:00,214.49,0
2013-06-21 21:00:00,221.104,0
2013-06-21 21:30:00,226.841,0
2013-06-21 22:00:00,213.495,0
2013-06-21 22:30:00,187.858,0
2013-06-21 23:00:00,164.488,0
2013-06-21 23:30:00,141.742,0
2013-06-22 00:00:00,125.562,0
2013-06-22 00:30:00,112.165,0
2013-06-22 01:00:00,102.946,0
2013-06-22 01:30:00,101.572,0
2013-06-22 02:00:00,97.997,0
2013-06-22 02:30:00,95.538,0
2013-06-22 03:00:00,91.158,0
2013-06-22 03:30:00,88.57,0
2013-06-22 04:00:00,89.363,0
2013-06-22 04:30:00,91.784,0
2013-06-22 05:00:00,96.251,0
2013-06-22 05:30:00,105.673,0
2013-06-22 06:00:00,113.34,0
2013-06-22 06:30:00,125.359,0
2013-06-22 07:00:00,150.597,0
2013-06-22 07:30:00,159.173,0
2013-06-22 08:00:00,172.61,0
2013-06-22 08:30:00,186.372,0
2013-06-22 09:00:00,192.472,0
2013-06-22 09:30:00,195.137,0
2013-06-22 10:00:00,185.221,0
2013-06-22 10:30:00,191.242,0
2013-06-22 11:00:00,189.299,0
2013-06-22 11:30:00,201.302,0
2013-06-22 12:00:00,197.839,0
2013-06-22 12:30:00,194.148,0
2013-06-22 13:00:00,177.982,0
2013-06-22 13:30:00,186.248,0
2013-06-22 14:00:00,184.068,0
2013-06-22 14:30:00,181.233,0
2013-06-22 15:00:00,183.202,0
2013-06-22 15:30:00,183.34,0
2013-06-22 16:00:00,186.85,0
2013-06-22 16:30:00,203.645,0
2013-06-22 17:00:00,204.598,0
2013-06-22 17:30:00,214.068,0
2013-06-22 18:00:00,212.835,0
2013-06-22 18:30:00,207.282,0
2013-06-22 19:00:00,216.354,0
2013-06-22 19:30:00,215.191,0
2013-06-22 20:00:00,213.059,0
2013-06-22 20:30:00,213.384,0
2013-06-22 21:00:00,221.067,0
2013-06-22 21:30:00,216.596,0
2013-06-22 22:00:00,200.989,0
2013-06-22 22:30:00,184.196,0
2013-06-22 23:00:00,154.35,0
2013-06-22 23:30:00,141.921,0
2013-06-23 00:00:00,121.802,0
2013-06-23 00:30:00,113.598,0
2013-06-23 01:00:00,102.284,0
2013-06-23 01:30:00,97.128,0
2013-06-23 02:00:00,96.566,0
2013-06-23 02:30:00,94.969,0
2013-06-23 03:00:00,91.103,0
2013-06-23 03:30:00,89.117,0
2013-06-23 04:00:00,89.897,0
2013-06-23 04:30:00,94.559,0
2013-06-23 05:00:00,93.554,0
2013-06-23 05:30:00,99.708,0
2013-06-23 06:00:00,109.701,0
2013-06-23 06:30:00,119.403,0
2013-06-23 07:00:00,136.167,0
2013-06-23 07:30:00,161.966,0
2013-06-23 08:00:00,180.968,0
2013-06-23 08:30:00,191.28,0
2013-06-23 09:00:00,196.303,0
2013-06-23 09:30:00,208.511,0
2013-06-23 10:00:00,200.367,0
2013-06-23 10:30:00,202.308,0
2013-06-23 11:00:00,209.414,0
2013-06-23 11:30:00,221.755,0
2013-06-23 12:00:00,227.312,0
2013-06-23 12:30:00,226.779,0
2013-06-23 13:00:00,218.143,0
2013-06-23 13:30:00,211.046,0
2013-06-23 14:00:00,212.784,0
2013-06-23 14:30:00,202.228,0
2013-06-23 15:00:00,199.911,0
2013-06-23 15:30:00,210.738,0
2013-06-23 16:00:00,212.161,0
2013-06-23 16:30:00,219.821,0
2013-06-23 17:00:00,226.522,0
2013-06-23 17:30:00,233.29,0
2013-06-23 18:00:00,235.229,0
2013-06-23 18:30:00,240.529,0
2013-06-23 19:00:00,237.51,0
2013-06-23 19:30:00,255.321,0
2013-06-23 20:00:00,247.547,0
2013-06-23 20:30:00,245.375,0
2013-06-23 21:00:00,237.572,0
2013-06-23 21:30:00,240.013,0
2013-06-23 22:00:00,218.431,0
2013-06-23 22:30:00,185.08,0
2013-06-23 23:00:00,157.769,0
2013-06-23 23:30:00,131.898,0
2013-06-24 00:00:00,117.907,0
2013-06-24 00:30:00,105.331,0
2013-06-24 01:00:00,98.484,0
2013-06-24 01:30:00,94.082,0
2013-06-24 02:00:00,91.281,0
2013-06-24 02:30:00,89.425,0
2013-06-24 03:00:00,88.601,0
2013-06-24 03:30:00,89.969,0
2013-06-24 04:00:00,91.286,0
2013-06-24 04:30:00,97.738,0
2013-06-24 05:00:00,98.925,0
2013-06-24 05:30:00,118.211,0
2013-06-24 06:00:00,141.289,0
2013-06-24 06:30:00,156.148,0
2013-06-24 07:00:00,170.958,0
2013-06-24 07:30:00,181.587,0
2013-06-24 08:00:00,178.867,0
2013-06-24 08:30:00,188.772,0
2013-06-24 09:00:00,173.554,0
2013-06-24 09:30:00,177.047,0
2013-06-24 10:00:00,163.931,0
2013-06-24 10:30:00,164.916,0
2013-06-24 11:00:00,164.834,0
2013-06-24 11:30:00,172.447,0
2013-06-24 12:00:00,170.189,0
2013-06-24 12:30:00,167.482,0
2013-06-24 13:00:00,165.889,0
2013-06-24 13:30:00,173.697,0
2013-06-24 14:00:00,173.216,0
2013-06-24 14:30:00,176.309,0
2013-06-24 15:00:00,180.502,0
2013-06-24 15:30:00,189.422,0
2013-06-24 16:00:00,196.164,0
2013-06-24 16:30:00,204.735,0
2013-06-24 17:00:00,216.568,0
2013-06-24 17:30:00,230.386,0
2013-06-24 18:00:00,235.406,0
2013-06-24 18:30:00,237.502,0
2013-06-24 19:00:00,236.501,0
2013-06-24 19:30:00,236.69,0
2013-06-24 20:00:00,239.537,0
2013-06-24 20:30:00,249.6,0
2013-06-24 21:00:00,245.697,0
2013-06-24 21:30:00,241.526,0
2013-06-24 22:00:00,213.98,0
2013-06-24 22:30:00,182.856,0
2013-06-24 23:00:00,148.44,0
2013-06-24 23:30:00,129.132,0
2013-06-25 00:00:00,113.381,0
2013-06-25 00:30:00,106.582,0
2013-06-25 01:00:00,98.187,0
2013-06-25 01:30:00,92.477,0
2013-06-25 02:00:00,90.724,0
2013-06-25 02:30:00,87.633,0
2013-06-25 03:00:00,88.74,0
2013-06-25 03:30:00,87.834,0
2013-06-25 04:00:00,91.419,0
2013-06-25 04:30:00,97.683,0
2013-06-25 05:00:00,106.634,0
2013-06-25 05:30:00,118.148,0
2013-06-25 06:00:00,142.371,0
2013-06-25 06:30:00,157.714,0
2013-06-25 07:00:00,179.961,0
2013-06-25 07:30:00,183.142,0
2013-06-25 08:00:00,173.696,0
2013-06-25 08:30:00,168.167,0
2013-06-25 09:00:00,167.148,0
2013-06-25 09:30:00,160.483,0
2013-06-25 10:00:00,166.307,0
2013-06-25 10:30:00,165.159,0
2013-06-25 11:00:00,167.192,0
2013-06-25 11:30:00,166.184,0
2013-06-25 12:00:00,162.288,0
2013-06-25 12:30:00,165.091,0
2013-06-25 13:00:00,158.149,0
2013-06-25 13:30:00,154.228,0
2013-06-25 14:00:00,152.891,0
2013-06-25 14:30:00,156.789,0
2013-06-25 15:00:00,162.369,0
2013-06-25 15:30:00,172.727,0
2013-06-25 16:00:00,190.224,0
2013-06-25 16:30:00,214.15,0
2013-06-25 17:00:00,211.967,0
2013-06-25 17:30:00,212.644,0
2013-06-25 18:00:00,223.185,0
2013-06-25 18:30:00,228.739,0
2013-06-25 19:00:00,235.197,0
2013-06-25 19:30:00,228.708,0
2013-06-25 20:00:00,222.856,0
2013-06-25 20:30:00,236.741,0
2013-06-25 21:00:00,236.046,0
2013-06-25 21:30:00,231.671,0
2013-06-25 22:00:00,218.193,0
2013-06-25 22:30:00,179.582,0
2013-06-25 23:00:00,154.886,0
2013-06-25 23:30:00,132.588,0
2013-06-26 00:00:00,116.078,0
2013-06-26 00:30:00,104.778,0
2013-06-26 01:00:00,98.626,0
2013-06-26 01:30:00,97.06,0
2013-06-26 02:00:00,95.095,0
2013-06-26 02:30:00,91.043,0
2013-06-26 03:00:00,86.31,0
2013-06-26 03:30:00,86.275,0
2013-06-26 04:00:00,91.622,0
2013-06-26 04:30:00,98.979,0
2013-06-26 05:00:00,107.572,0
2013-06-26 05:30:00,122.807,0
2013-06-26 06:00:00,139.951,0
2013-06-26 06:30:00,164.3,0
2013-06-26 07:00:00,172.723,0
2013-06-26 07:30:00,184.654,0
2013-06-26 08:00:00,181.108,0
2013-06-26 08:30:00,170.655,0
2013-06-26 09:00:00,169.528,0
2013-06-26 09:30:00,164.205,0
2013-06-26 10:00:00,158.875,0
2013-06-26 10:30:00,160.604,0
2013-06-26 11:00:00,160.535,0
2013-06-26 11:30:00,167.142,0
2013-06-26 12:00:00,158.961,0
2013-06-26 12:30:00,152.869,0
2013-06-26 13:00:00,155.17,0
2013-06-26 13:30:00,161.074,0
2013-06-26 14:00:00,159.558,0
2013-06-26 14:30:00,155.081,0
2013-06-26 15:00:00,160.984,0
2013-06-26 15:30:00,168.192,0
2013-06-26 16:00:00,178.566,0
2013-06-26 16:30:00,198.36,0
2013-06-26 17:00:00,210.62,0
2013-06-26 17:30:00,217.692,0
2013-06-26 18:00:00,230.305,0
2013-06-26 18:30:00,218.984,0
2013-06-26 19:00:00,220.336,0
2013-06-26 19:30:00,219.741,0
2013-06-26 20:00:00,209.278,0
2013-06-26 20:30:00,229.342,0
2013-06-26 21:00:00,226.964,0
2013-06-26 21:30:00,224.172,0
2013-06-26 22:00:00,209.529,0
2013-06-26 22:30:00,185.037,0
2013-06-26 23:00:00,152.797,0
2013-06-26 23:30:00,133.458,0
2013-06-27 00:00:00,115.649,0
2013-06-27 00:30:00,103.901,0
2013-06-27 01:00:00,98.798,0
2013-06-27 01:30:00,103.882,0
2013-06-27 02:00:00,103.744,0
2013-06-27 02:30:00,97.982,0
2013-06-27 03:00:00,93.989,0
2013-06-27 03:30:00,94.065,0
2013-06-27 04:00:00,95.325,0
2013-06-27 04:30:00,97.72,0
2013-06-27 05:00:00,106.889,0
2013-06-27 05:30:00,124.367,0
2013-06-27 06:00:00,141.262,0
2013-06-27 06:30:00,155.242,0
2013-06-27 07:00:00,169.812,0
2013-06-27 07:30:00,179.219,0
2013-06-27 08:00:00,166.444,0
2013-06-27 08:30:00,162.124,0
2013-06-27 09:00:00,160.785,0
2013-06-27 09:30:00,151.896,0
2013-06-27 10:00:00,153.338,0
2013-06-27 10:30:00,154.08,0
2013-06-27 11:00:00,153.156,0
2013-06-27 11:30:00,168.715,0
2013-06-27 12:00:00,168.4,0
2013-06-27 12:30:00,160.04,0
2013-06-27 13:00:00,153.338,0
2013-06-27 13:30:00,153.565,0
2013-06-27 14:00:00,155.071,0
2013-06-27 14:30:00,163.478,0
2013-06-27 15:00:00,167.697,0
2013-06-27 15:30:00,179.87,0
2013-06-27 16:00:00,189.885,0
2013-06-27 16:30:00,206.111,0
2013-06-27 17:00:00,213.647,0
2013-06-27 17:30:00,226.595,0
2013-06-27 18:00:00,229.549,0
2013-06-27 18:30:00,233.558,0
2013-06-27 19:00:00,223.692,0
2013-06-27 19:30:00,229.08,0
2013-06-27 20:00:00,232.703,0
2013-06-27 20:30:00,233.097,0
2013-06-27 21:00:00,232.971,0
2013-06-27 21:30:00,227.381,0
2013-06-27 22:00:00,203.054,0
2013-06-27 22:30:00,181.891,0
2013-06-27 23:00:00,154.065,0
2013-06-27 23:30:00,136.01,0
2013-06-28 00:00:00,119.446,0
2013-06-28 00:30:00,107.525,0
2013-06-28 01:00:00,99.743,0
2013-06-28 01:30:00,90.791,0
2013-06-28 02:00:00,91.283,0
2013-06-28 02:30:00,89.988,0
2013-06-28 03:00:00,88.546,0
2013-06-28 03:30:00,86.767,0
2013-06-28 04:00:00,92.354,0
2013-06-28 04:30:00,93.78,0
2013-06-28 05:00:00,107.624,0
2013-06-28 05:30:00,119.256,0
2013-06-28 06:00:00,140.288,0
2013-06-28 06:30:00,160.023,0
2013-06-28 07:00:00,172.716,0
2013-06-28 07:30:00,175.861,0
2013-06-28 08:00:00,168.223,0
2013-06-28 08:30:00,173.597,0
2013-06-28 09:00:00,174.615,0
2013-06-28 09:30:00,179.554,0
2013-06-28 10:00:00,175.132,0
2013-06-28 10:30:00,176.649,0
2013-06-28 11:00:00,181.729,0
2013-06-28 11:30:00,180.686,0
2013-06-28 12:00:00,179.776,0
2013-06-28 12:30:00,173.011,0
2013-06-28 13:00:00,171.465,0
2013-06-28 13:30:00,166.707,0
2013-06-28 14:00:00,159.902,0
2013-06-28 14:30:00,164.246,0
2013-06-28 15:00:00,167.09,0
2013-06-28 15:30:00,186.358,0
2013-06-28 16:00:00,196.543,0
2013-06-28 16:30:00,194.028,0
2013-06-28 17:00:00,203.587,0
2013-06-28 17:30:00,219.166,0
2013-06-28 18:00:00,237.562,0
2013-06-28 18:30:00,230.44,0
2013-06-28 19:00:00,226.074,0
2013-06-28 19:30:00,227.14,0
2013-06-28 20:00:00,224.4,0
2013-06-28 20:30:00,228.037,0
2013-06-28 21:00:00,227.585,0
2013-06-28 21:30:00,222.044,0
2013-06-28 22:00:00,204.242,0
2013-06-28 22:30:00,183.743,0
2013-06-28 23:00:00,158.065,0
2013-06-28 23:30:00,137.652,0
2013-06-29 00:00:00,125.205,0
2013-06-29 00:30:00,112.145,0
2013-06-29 01:00:00,104.438,0
2013-06-29 01:30:00,97.012,0
2013-06-29 02:00:00,94.592,0
2013-06-29 02:30:00,93.808,0
2013-06-29 03:00:00,90.531,0
2013-06-29 03:30:00,90.136,0
2013-06-29 04:00:00,91.333,0
2013-06-29 04:30:00,93.35,0
2013-06-29 05:00:00,97.207,0
2013-06-29 05:30:00,105.06,0
2013-06-29 06:00:00,112.024,0
2013-06-29 06:30:00,129.577,0
2013-06-29 07:00:00,153.396,0
2013-06-29 07:30:00,165.024,0
2013-06-29 08:00:00,169.786,0
2013-06-29 08:30:00,179.157,0
2013-06-29 09:00:00,195.42,0
2013-06-29 09:30:00,195.093,0
2013-06-29 10:00:00,190.651,0
2013-06-29 10:30:00,186.775,0
2013-06-29 11:00:00,191.675,0
2013-06-29 11:30:00,184.027,0
2013-06-29 12:00:00,189.56,0
2013-06-29 12:30:00,192.33,0
2013-06-29 13:00:00,180.675,0
2013-06-29 13:30:00,176.791,0
2013-06-29 14:00:00,175.45,0
2013-06-29 14:30:00,171.927,0
2013-06-29 15:00:00,165.646,0
2013-06-29 15:30:00,186.626,0
2013-06-29 16:00:00,180.503,0
2013-06-29 16:30:00,195.399,0
2013-06-29 17:00:00,201.116,0
2013-06-29 17:30:00,198.236,0
2013-06-29 18:00:00,207.727,0
2013-06-29 18:30:00,214.56,0
2013-06-29 19:00:00,218.843,0
2013-06-29 19:30:00,205.285,0
2013-06-29 20:00:00,202.507,0
2013-06-29 20:30:00,208.927,0
2013-06-29 21:00:00,213.718,0
2013-06-29 21:30:00,219.233,0
2013-06-29 22:00:00,205.675,0
2013-06-29 22:30:00,187.184,0
2013-06-29 23:00:00,169.013,0
2013-06-29 23:30:00,149.44,0
2013-06-30 00:00:00,132.597,0
2013-06-30 00:30:00,122.232,0
2013-06-30 01:00:00,114.8,0
2013-06-30 01:30:00,104.039,0
2013-06-30 02:00:00,103.146,0
2013-06-30 02:30:00,99.251,0
2013-06-30 03:00:00,95.873,0
2013-06-30 03:30:00,89.201,0
2013-06-30 04:00:00,89.282,0
2013-06-30 04:30:00,89.592,0
2013-06-30 05:00:00,95.396,0
2013-06-30 05:30:00,108.905,0
2013-06-30 06:00:00,115.935,0
2013-06-30 06:30:00,123.039,0
2013-06-30 07:00:00,139.977,0
2013-06-30 07:30:00,165.888,0
2013-06-30 08:00:00,183.258,0
2013-06-30 08:30:00,200.574,0
2013-06-30 09:00:00,198.942,0
2013-06-30 09:30:00,205.118,0
2013-06-30 10:00:00,194.498,0
2013-06-30 10:30:00,179.85,0
2013-06-30 11:00:00,177.119,0
2013-06-30 11:30:00,185.842,0
2013-06-30 12:00:00,190.738,0
2013-06-30 12:30:00,185.338,0
2013-06-30 13:00:00,179.453,0
2013-06-30 13:30:00,171.484,0
2013-06-30 14:00:00,166.875,0
2013-06-30 14:30:00,166.408,0
2013-06-30 15:00:00,163.991,0
2013-06-30 15:30:00,163.401,0
2013-06-30 16:00:00,165.529,0
2013-06-30 16:30:00,192.205,0
2013-06-30 17:00:00,212.956,0
2013-06-30 17:30:00,218.729,0
2013-06-30 18:00:00,217.493,0
2013-06-30 18:30:00,221.007,0
2013-06-30 19:00:00,216.51,0
2013-06-30 19:30:00,211.252,0
2013-06-30 20:00:00,213.049,0
2013-06-30 20:30:00,221.471,0
2013-06-30 21:00:00,227.449,0
2013-06-30 21:30:00,236.585,0
2013-06-30 22:00:00,205.977,0
2013-06-30 22:30:00,178.02,0
2013-06-30 23:00:00,153.716,0
2013-06-30 23:30:00,137.931,0
2013-07-01 00:00:00,121.994,0
2013-07-01 00:30:00,106.67,0
2013-07-01 01:00:00,99.674,0
2013-07-01 01:30:00,93.139,0
2013-07-01 02:00:00,94.299,0
2013-07-01 02:30:00,93.757,0
2013-07-01 03:00:00,91.626,0
2013-07-01 03:30:00,90.621,0
2013-07-01 04:00:00,89.46,0
2013-07-01 04:30:00,98.565,0
2013-07-01 05:00:00,105.903,0
2013-07-01 05:30:00,120.062,0
2013-07-01 06:00:00,138.461,0
2013-07-01 06:30:00,158.185,0
2013-07-01 07:00:00,169.787,0
2013-07-01 07:30:00,169.532,0
2013-07-01 08:00:00,174.408,0
2013-07-01 08:30:00,172.316,0
2013-07-01 09:00:00,165.513,0
2013-07-01 09:30:00,168.378,0
2013-07-01 10:00:00,163.047,0
2013-07-01 10:30:00,163.404,0
2013-07-01 11:00:00,164.248,0
2013-07-01 11:30:00,169.843,0
2013-07-01 12:00:00,172.252,0
2013-07-01 12:30:00,171.252,0
2013-07-01 13:00:00,162.968,0
2013-07-01 13:30:00,160.21,0
2013-07-01 14:00:00,159.773,0
2013-07-01 14:30:00,155.97,0
2013-07-01 15:00:00,159.835,0
2013-07-01 15:30:00,162.526,0
2013-07-01 16:00:00,178.493,0
2013-07-01 16:30:00,195.403,0
2013-07-01 17:00:00,202.135,0
2013-07-01 17:30:00,205.571,0
2013-07-01 18:00:00,212.706,0
2013-07-01 18:30:00,215.76,0
2013-07-01 19:00:00,218.337,0
2013-07-01 19:30:00,221.587,0
2013-07-01 20:00:00,207.131,0
2013-07-01 20:30:00,224.395,0
2013-07-01 21:00:00,232.854,0
2013-07-01 21:30:00,230.607,0
2013-07-01 22:00:00,201.874,0
2013-07-01 22:30:00,175.276,0
2013-07-01 23:00:00,150.337,0
2013-07-01 23:30:00,128.481,0
2013-07-02 00:00:00,114.446,0
2013-07-02 00:30:00,103.1,0
2013-07-02 01:00:00,98.227,0
2013-07-02 01:30:00,94.677,0
2013-07-02 02:00:00,93.624,0
2013-07-02 02:30:00,94.183,0
2013-07-02 03:00:00,88.26,0
2013-07-02 03:30:00,88.805,0
2013-07-02 04:00:00,93.132,0
2013-07-02 04:30:00,100.78,0
2013-07-02 05:00:00,110.611,0
2013-07-02 05:30:00,117.624,0
2013-07-02 06:00:00,139.97,0
2013-07-02 06:30:00,155.42,0
2013-07-02 07:00:00,169.841,0
2013-07-02 07:30:00,176.711,0
2013-07-02 08:00:00,159.304,0
2013-07-02 08:30:00,159.881,0
2013-07-02 09:00:00,164.834,0
2013-07-02 09:30:00,168.376,0
2013-07-02 10:00:00,157.539,0
2013-07-02 10:30:00,156.565,0
2013-07-02 11:00:00,162.564,0
2013-07-02 11:30:00,165.289,0
2013-07-02 12:00:00,172.853,0
2013-07-02 12:30:00,171.69,0
2013-07-02 13:00:00,161.551,0
2013-07-02 13:30:00,161.206,0
2013-07-02 14:00:00,163.44,0
2013-07-02 14:30:00,169.918,0
2013-07-02 15:00:00,170.909,0
2013-07-02 15:30:00,181.701,0
2013-07-02 16:00:00,192.475,0
2013-07-02 16:30:00,205.935,0
2013-07-02 17:00:00,212.281,0
2013-07-02 17:30:00,221.304,0
2013-07-02 18:00:00,226.14,0
2013-07-02 18:30:00,220.461,0
2013-07-02 19:00:00,222.852,0
2013-07-02 19:30:00,223.818,0
2013-07-02 20:00:00,223.593,0
2013-07-02 20:30:00,236.758,0
2013-07-02 21:00:00,240.174,0
2013-07-02 21:30:00,241.99,0
2013-07-02 22:00:00,213.22,0
2013-07-02 22:30:00,182.716,0
2013-07-02 23:00:00,152.254,0
2013-07-02 23:30:00,130.229,0
2013-07-03 00:00:00,115.725,0
2013-07-03 00:30:00,104.74,0
2013-07-03 01:00:00,98.69,0
2013-07-03 01:30:00,94.177,0
2013-07-03 02:00:00,92.587,0
2013-07-03 02:30:00,95.579,0
2013-07-03 03:00:00,95.18,0
2013-07-03 03:30:00,89.147,0
2013-07-03 04:00:00,91.758,0
2013-07-03 04:30:00,95.12,0
2013-07-03 05:00:00,98.643,0
2013-07-03 05:30:00,113.617,0
2013-07-03 06:00:00,138.56,0
2013-07-03 06:30:00,155.534,0
2013-07-03 07:00:00,170.991,0
2013-07-03 07:30:00,170.938,0
2013-07-03 08:00:00,168.154,0
2013-07-03 08:30:00,165.335,0
2013-07-03 09:00:00,168.388,0
2013-07-03 09:30:00,159.281,0
2013-07-03 10:00:00,157.932,0
2013-07-03 10:30:00,159.588,0
2013-07-03 11:00:00,166.404,0
2013-07-03 11:30:00,164.989,0
2013-07-03 12:00:00,168.089,0
2013-07-03 12:30:00,167.149,0
2013-07-03 13:00:00,168.961,0
2013-07-03 13:30:00,166.076,0
2013-07-03 14:00:00,169.825,0
2013-07-03 14:30:00,164.949,0
2013-07-03 15:00:00,167.362,0
2013-07-03 15:30:00,181.548,0
2013-07-03 16:00:00,196.46,0
2013-07-03 16:30:00,205.349,0
2013-07-03 17:00:00,218.491,0
2013-07-03 17:30:00,229.39,0
2013-07-03 18:00:00,229.373,0
2013-07-03 18:30:00,225.372,0
2013-07-03 19:00:00,221.813,0
2013-07-03 19:30:00,223.821,0
2013-07-03 20:00:00,234.905,0
2013-07-03 20:30:00,230.299,0
2013-07-03 21:00:00,233.843,0
2013-07-03 21:30:00,230.868,0
2013-07-03 22:00:00,210.457,0
2013-07-03 22:30:00,201.452,0
2013-07-03 23:00:00,178.443,0
2013-07-03 23:30:00,150.048,0
2013-07-04 00:00:00,136.995,0
2013-07-04 00:30:00,123.371,0
2013-07-04 01:00:00,104.47,0
2013-07-04 01:30:00,99.814,0
2013-07-04 02:00:00,102.717,0
2013-07-04 02:30:00,99.468,0
2013-07-04 03:00:00,98.56,0
2013-07-04 03:30:00,93.437,0
2013-07-04 04:00:00,92.755,0
2013-07-04 04:30:00,99.809,0
2013-07-04 05:00:00,106.329,0
2013-07-04 05:30:00,117.367,0
2013-07-04 06:00:00,136.288,0
2013-07-04 06:30:00,151.723,0
2013-07-04 07:00:00,171.46,0
2013-07-04 07:30:00,169.811,0
2013-07-04 08:00:00,171.049,0
2013-07-04 08:30:00,163.824,0
2013-07-04 09:00:00,165.871,0
2013-07-04 09:30:00,160.95,0
2013-07-04 10:00:00,154.394,0
2013-07-04 10:30:00,151.783,0
2013-07-04 11:00:00,156.976,0
2013-07-04 11:30:00,159.585,0
2013-07-04 12:00:00,164.737,0
2013-07-04 12:30:00,156.675,0
2013-07-04 13:00:00,164.213,0
2013-07-04 13:30:00,164.864,0
2013-07-04 14:00:00,160.362,0
2013-07-04 14:30:00,164.082,0
2013-07-04 15:00:00,172.678,0
2013-07-04 15:30:00,178.121,0
2013-07-04 16:00:00,180.698,0
2013-07-04 16:30:00,197.556,0
2013-07-04 17:00:00,202.53,0
2013-07-04 17:30:00,196.931,0
2013-07-04 18:00:00,216.112,0
2013-07-04 18:30:00,215.886,0
2013-07-04 19:00:00,221.161,0
2013-07-04 19:30:00,219.501,0
2013-07-04 20:00:00,207.699,0
2013-07-04 20:30:00,223.945,0
2013-07-04 21:00:00,221.913,0
2013-07-04 21:30:00,224.552,0
2013-07-04 22:00:00,206.728,0
2013-07-04 22:30:00,182.958,0
2013-07-04 23:00:00,155.984,0
2013-07-04 23:30:00,137.797,0
2013-07-05 00:00:00,121.376,0
2013-07-05 00:30:00,108.21,0
2013-07-05 01:00:00,102.593,0
2013-07-05 01:30:00,97.431,0
2013-07-05 02:00:00,95.287,0
2013-07-05 02:30:00,95.799,0
2013-07-05 03:00:00,92.261,0
2013-07-05 03:30:00,88.06400000000001,0
2013-07-05 04:00:00,91.891,0
2013-07-05 04:30:00,113.291,0
2013-07-05 05:00:00,119.008,0
2013-07-05 05:30:00,134.346,0
2013-07-05 06:00:00,156.949,0
2013-07-05 06:30:00,181.91,0
2013-07-05 07:00:00,197.424,0
2013-07-05 07:30:00,177.265,0
2013-07-05 08:00:00,169.857,0
2013-07-05 08:30:00,168.117,0
2013-07-05 09:00:00,160.267,0
2013-07-05 09:30:00,165.658,0
2013-07-05 10:00:00,160.488,0
2013-07-05 10:30:00,163.83,0
2013-07-05 11:00:00,157.056,0
2013-07-05 11:30:00,167.816,0
2013-07-05 12:00:00,163.291,0
2013-07-05 12:30:00,159.746,0
2013-07-05 13:00:00,166.232,0
2013-07-05 13:30:00,160.712,0
2013-07-05 14:00:00,153.763,0
2013-07-05 14:30:00,153.363,0
2013-07-05 15:00:00,155.424,0
2013-07-05 15:30:00,167.135,0
2013-07-05 16:00:00,180.639,0
2013-07-05 16:30:00,190.459,0
2013-07-05 17:00:00,191.593,0
2013-07-05 17:30:00,208.857,0
2013-07-05 18:00:00,202.626,0
2013-07-05 18:30:00,203.645,0
2013-07-05 19:00:00,202.983,0
2013-07-05 19:30:00,198.537,0
2013-07-05 20:00:00,201.369,0
2013-07-05 20:30:00,219.885,0
2013-07-05 21:00:00,221.792,0
2013-07-05 21:30:00,218.409,0
2013-07-05 22:00:00,214.336,0
2013-07-05 22:30:00,182.965,0
2013-07-05 23:00:00,164.669,0
2013-07-05 23:30:00,140.136,0
2013-07-06 00:00:00,128.984,0
2013-07-06 00:30:00,117.137,0
2013-07-06 01:00:00,106.659,0
2013-07-06 01:30:00,104.156,0
2013-07-06 02:00:00,99.369,0
2013-07-06 02:30:00,97.81,0
2013-07-06 03:00:00,91.161,0
2013-07-06 03:30:00,93.756,0
2013-07-06 04:00:00,91.845,0
2013-07-06 04:30:00,95.195,0
2013-07-06 05:00:00,98.459,0
2013-07-06 05:30:00,106.889,0
2013-07-06 06:00:00,116.347,0
2013-07-06 06:30:00,134.12,0
2013-07-06 07:00:00,149.78,0
2013-07-06 07:30:00,166.934,0
2013-07-06 08:00:00,173.121,0
2013-07-06 08:30:00,182.447,0
2013-07-06 09:00:00,184.662,0
2013-07-06 09:30:00,179.747,0
2013-07-06 10:00:00,184.762,0
2013-07-06 10:30:00,178.869,0
2013-07-06 11:00:00,182.548,0
2013-07-06 11:30:00,178.975,0
2013-07-06 12:00:00,181.956,0
2013-07-06 12:30:00,170.802,0
2013-07-06 13:00:00,174.065,0
2013-07-06 13:30:00,171.764,0
2013-07-06 14:00:00,173.596,0
2013-07-06 14:30:00,164.857,0
2013-07-06 15:00:00,163.48,0
2013-07-06 15:30:00,171.669,0
2013-07-06 16:00:00,169.594,0
2013-07-06 16:30:00,181.566,0
2013-07-06 17:00:00,193.256,0
2013-07-06 17:30:00,192.065,0
2013-07-06 18:00:00,193.387,0
2013-07-06 18:30:00,205.927,0
2013-07-06 19:00:00,199.034,0
2013-07-06 19:30:00,200.78,0
2013-07-06 20:00:00,188.944,0
2013-07-06 20:30:00,197.345,0
2013-07-06 21:00:00,208.168,0
2013-07-06 21:30:00,208.056,0
2013-07-06 22:00:00,203.325,0
2013-07-06 22:30:00,186.723,0
2013-07-06 23:00:00,165.692,0
2013-07-06 23:30:00,146.429,0
2013-07-07 00:00:00,136.063,0
2013-07-07 00:30:00,125.581,0
2013-07-07 01:00:00,109.865,0
2013-07-07 01:30:00,104.046,0
2013-07-07 02:00:00,99.598,0
2013-07-07 02:30:00,98.204,0
2013-07-07 03:00:00,94.08,0
2013-07-07 03:30:00,92.767,0
2013-07-07 04:00:00,94.184,0
2013-07-07 04:30:00,99.305,0
2013-07-07 05:00:00,98.689,0
2013-07-07 05:30:00,106.82,0
2013-07-07 06:00:00,120.717,0
2013-07-07 06:30:00,128.882,0
2013-07-07 07:00:00,146.109,0
2013-07-07 07:30:00,167.161,0
2013-07-07 08:00:00,171.664,0
2013-07-07 08:30:00,183.696,0
2013-07-07 09:00:00,180.625,0
2013-07-07 09:30:00,193.963,0
2013-07-07 10:00:00,198.358,0
2013-07-07 10:30:00,192.583,0
2013-07-07 11:00:00,183.953,0
2013-07-07 11:30:00,188.868,0
2013-07-07 12:00:00,203.622,0
2013-07-07 12:30:00,203.615,0
2013-07-07 13:00:00,209.902,0
2013-07-07 13:30:00,196.711,0
2013-07-07 14:00:00,197.238,0
2013-07-07 14:30:00,192.474,0
2013-07-07 15:00:00,184.118,0
2013-07-07 15:30:00,182.54,0
2013-07-07 16:00:00,185.108,0
2013-07-07 16:30:00,193.162,0
2013-07-07 17:00:00,201.679,0
2013-07-07 17:30:00,211.76,0
2013-07-07 18:00:00,220.5,0
2013-07-07 18:30:00,210.092,0
2013-07-07 19:00:00,209.182,0
2013-07-07 19:30:00,211.996,0
2013-07-07 20:00:00,216.504,0
2013-07-07 20:30:00,215.891,0
2013-07-07 21:00:00,232.644,0
2013-07-07 21:30:00,234.338,0
2013-07-07 22:00:00,217.816,0
2013-07-07 22:30:00,187.34,0
2013-07-07 23:00:00,161.53,0
2013-07-07 23:30:00,138.188,0
2013-07-08 00:00:00,126.017,0
2013-07-08 00:30:00,115.75,0
2013-07-08 01:00:00,106.324,0
2013-07-08 01:30:00,100.8,0
2013-07-08 02:00:00,97.825,0
2013-07-08 02:30:00,94.872,0
2013-07-08 03:00:00,92.364,0
2013-07-08 03:30:00,94.89,0
2013-07-08 04:00:00,97.193,0
2013-07-08 04:30:00,102.693,0
2013-07-08 05:00:00,108.539,0
2013-07-08 05:30:00,120.235,0
2013-07-08 06:00:00,132.278,0
2013-07-08 06:30:00,159.508,0
2013-07-08 07:00:00,167.263,0
2013-07-08 07:30:00,170.571,0
2013-07-08 08:00:00,173.784,0
2013-07-08 08:30:00,169.673,0
2013-07-08 09:00:00,163.926,0
2013-07-08 09:30:00,159.507,0
2013-07-08 10:00:00,156.507,0
2013-07-08 10:30:00,155.717,0
2013-07-08 11:00:00,161.43,0
2013-07-08 11:30:00,168.325,0
2013-07-08 12:00:00,165.257,0
2013-07-08 12:30:00,158.87,0
2013-07-08 13:00:00,147.422,0
2013-07-08 13:30:00,143.825,0
2013-07-08 14:00:00,145.805,0
2013-07-08 14:30:00,149.416,0
2013-07-08 15:00:00,156.013,0
2013-07-08 15:30:00,160.859,0
2013-07-08 16:00:00,173.5,0
2013-07-08 16:30:00,193.25,0
2013-07-08 17:00:00,198.791,0
2013-07-08 17:30:00,215.431,0
2013-07-08 18:00:00,221.768,0
2013-07-08 18:30:00,209.697,0
2013-07-08 19:00:00,210.544,0
2013-07-08 19:30:00,215.815,0
2013-07-08 20:00:00,214.836,0
2013-07-08 20:30:00,229.844,0
2013-07-08 21:00:00,238.929,0
2013-07-08 21:30:00,239.376,0
2013-07-08 22:00:00,213.736,0
2013-07-08 22:30:00,186.02,0
2013-07-08 23:00:00,157.485,0
2013-07-08 23:30:00,134.709,0
2013-07-09 00:00:00,122.731,0
2013-07-09 00:30:00,110.15,0
2013-07-09 01:00:00,105.158,0
2013-07-09 01:30:00,100.495,0
2013-07-09 02:00:00,97.601,0
2013-07-09 02:30:00,97.595,0
2013-07-09 03:00:00,92.148,0
2013-07-09 03:30:00,94.906,0
2013-07-09 04:00:00,94.824,0
2013-07-09 04:30:00,102.675,0
2013-07-09 05:00:00,110.729,0
2013-07-09 05:30:00,118.809,0
2013-07-09 06:00:00,144.439,0
2013-07-09 06:30:00,160.284,0
2013-07-09 07:00:00,164.95,0
2013-07-09 07:30:00,173.469,0
2013-07-09 08:00:00,164.182,0
2013-07-09 08:30:00,170.813,0
2013-07-09 09:00:00,164.188,0
2013-07-09 09:30:00,160.739,0
2013-07-09 10:00:00,158.696,0
2013-07-09 10:30:00,161.143,0
2013-07-09 11:00:00,155.624,0
2013-07-09 11:30:00,157.368,0
2013-07-09 12:00:00,156.863,0
2013-07-09 12:30:00,154.273,0
2013-07-09 13:00:00,154.374,0
2013-07-09 13:30:00,152.795,0
2013-07-09 14:00:00,156.185,0
2013-07-09 14:30:00,159.495,0
2013-07-09 15:00:00,156.478,0
2013-07-09 15:30:00,173.48,0
2013-07-09 16:00:00,180.598,0
2013-07-09 16:30:00,188.351,0
2013-07-09 17:00:00,200.544,0
2013-07-09 17:30:00,214.896,0
2013-07-09 18:00:00,217.667,0
2013-07-09 18:30:00,207.922,0
2013-07-09 19:00:00,218.07,0
2013-07-09 19:30:00,217.89,0
2013-07-09 20:00:00,216.416,0
2013-07-09 20:30:00,216.246,0
2013-07-09 21:00:00,224.038,0
2013-07-09 21:30:00,234.91,0
2013-07-09 22:00:00,211.908,0
2013-07-09 22:30:00,189.755,0
2013-07-09 23:00:00,162.395,0
2013-07-09 23:30:00,140.783,0
2013-07-10 00:00:00,121.001,0
2013-07-10 00:30:00,109.834,0
2013-07-10 01:00:00,108.144,0
2013-07-10 01:30:00,102.514,0
2013-07-10 02:00:00,100.759,0
2013-07-10 02:30:00,99.655,0
2013-07-10 03:00:00,93.215,0
2013-07-10 03:30:00,95.336,0
2013-07-10 04:00:00,91.596,0
2013-07-10 04:30:00,101.987,0
2013-07-10 05:00:00,106.833,0
2013-07-10 05:30:00,120.832,0
2013-07-10 06:00:00,141.306,0
2013-07-10 06:30:00,160.282,0
2013-07-10 07:00:00,170.293,0
2013-07-10 07:30:00,171.572,0
2013-07-10 08:00:00,167.594,0
2013-07-10 08:30:00,154.814,0
2013-07-10 09:00:00,155.119,0
2013-07-10 09:30:00,153.982,0
2013-07-10 10:00:00,157.152,0
2013-07-10 10:30:00,163.681,0
2013-07-10 11:00:00,154.335,0
2013-07-10 11:30:00,154.76,0
2013-07-10 12:00:00,155.598,0
2013-07-10 12:30:00,155.543,0
2013-07-10 13:00:00,152.878,0
2013-07-10 13:30:00,149.05,0
2013-07-10 14:00:00,149.41,0
2013-07-10 14:30:00,152.551,0
2013-07-10 15:00:00,150.065,0
2013-07-10 15:30:00,155.367,0
2013-07-10 16:00:00,173.411,0
2013-07-10 16:30:00,184.103,0
2013-07-10 17:00:00,186.864,0
2013-07-10 17:30:00,206.164,0
2013-07-10 18:00:00,211.855,0
2013-07-10 18:30:00,212.522,0
2013-07-10 19:00:00,215.811,0
2013-07-10 19:30:00,215.811,0
2013-07-10 20:00:00,217.518,0
2013-07-10 20:30:00,215.869,0
2013-07-10 21:00:00,222.095,0
2013-07-10 21:30:00,227.65,0
2013-07-10 22:00:00,205.565,0
2013-07-10 22:30:00,190.08,0
2013-07-10 23:00:00,160.665,0
2013-07-10 23:30:00,143.268,0
2013-07-11 00:00:00,126.269,0
2013-07-11 00:30:00,113.496,0
2013-07-11 01:00:00,103.603,0
2013-07-11 01:30:00,100.925,0
2013-07-11 02:00:00,96.547,0
2013-07-11 02:30:00,94.525,0
2013-07-11 03:00:00,91.898,0
2013-07-11 03:30:00,93.775,0
2013-07-11 04:00:00,93.26,0
2013-07-11 04:30:00,100.065,0
2013-07-11 05:00:00,110.422,0
2013-07-11 05:30:00,120.298,0
2013-07-11 06:00:00,141.403,0
2013-07-11 06:30:00,151.995,0
2013-07-11 07:00:00,166.558,0
2013-07-11 07:30:00,178.039,0
2013-07-11 08:00:00,172.633,0
2013-07-11 08:30:00,163.717,0
2013-07-11 09:00:00,155.605,0
2013-07-11 09:30:00,144.449,0
2013-07-11 10:00:00,146.209,0
2013-07-11 10:30:00,144.848,0
2013-07-11 11:00:00,151.577,0
2013-07-11 11:30:00,156.564,0
2013-07-11 12:00:00,158.212,0
2013-07-11 12:30:00,156.34,0
2013-07-11 13:00:00,147.126,0
2013-07-11 13:30:00,142.243,0
2013-07-11 14:00:00,143.989,0
2013-07-11 14:30:00,143.735,0
2013-07-11 15:00:00,151.879,0
2013-07-11 15:30:00,151.165,0
2013-07-11 16:00:00,167.739,0
2013-07-11 16:30:00,185.671,0
2013-07-11 17:00:00,197.698,0
2013-07-11 17:30:00,204.089,0
2013-07-11 18:00:00,203.712,0
2013-07-11 18:30:00,209.574,0
2013-07-11 19:00:00,202.001,0
2013-07-11 19:30:00,197.804,0
2013-07-11 20:00:00,200.288,0
2013-07-11 20:30:00,207.128,0
2013-07-11 21:00:00,216.598,0
2013-07-11 21:30:00,219.697,0
2013-07-11 22:00:00,199.504,0
2013-07-11 22:30:00,174.931,0
2013-07-11 23:00:00,156.022,0
2013-07-11 23:30:00,137.778,0
2013-07-12 00:00:00,117.563,0
2013-07-12 00:30:00,109.668,0
2013-07-12 01:00:00,101.256,0
2013-07-12 01:30:00,98.768,0
2013-07-12 02:00:00,98.385,0
2013-07-12 02:30:00,95.071,0
2013-07-12 03:00:00,92.219,0
2013-07-12 03:30:00,89.826,0
2013-07-12 04:00:00,90.51,0
2013-07-12 04:30:00,102.198,0
2013-07-12 05:00:00,105.617,0
2013-07-12 05:30:00,118.058,0
2013-07-12 06:00:00,132.386,0
2013-07-12 06:30:00,147.614,0
2013-07-12 07:00:00,159.647,0
2013-07-12 07:30:00,168.572,0
2013-07-12 08:00:00,169.097,0
2013-07-12 08:30:00,162.491,0
2013-07-12 09:00:00,161.857,0
2013-07-12 09:30:00,168.67,0
2013-07-12 10:00:00,168.791,0
2013-07-12 10:30:00,195.327,0
2013-07-12 11:00:00,194.551,0
2013-07-12 11:30:00,188.552,0
2013-07-12 12:00:00,190.554,0
2013-07-12 12:30:00,177.628,0
2013-07-12 13:00:00,170.037,0
2013-07-12 13:30:00,165.271,0
2013-07-12 14:00:00,164.362,0
2013-07-12 14:30:00,160.701,0
2013-07-12 15:00:00,166.981,0
2013-07-12 15:30:00,177.942,0
2013-07-12 16:00:00,180.533,0
2013-07-12 16:30:00,184.989,0
2013-07-12 17:00:00,192.862,0
2013-07-12 17:30:00,201.815,0
2013-07-12 18:00:00,199.059,0
2013-07-12 18:30:00,204.4,0
2013-07-12 19:00:00,200.705,0
2013-07-12 19:30:00,203.535,0
2013-07-12 20:00:00,203.955,0
2013-07-12 20:30:00,210.333,0
2013-07-12 21:00:00,224.093,0
2013-07-12 21:30:00,216.221,0
2013-07-12 22:00:00,202.713,0
2013-07-12 22:30:00,182.487,0
2013-07-12 23:00:00,165.256,0
2013-07-12 23:30:00,143.646,0
2013-07-13 00:00:00,127.556,0
2013-07-13 00:30:00,118.596,0
2013-07-13 01:00:00,111.536,0
2013-07-13 01:30:00,108.184,0
2013-07-13 02:00:00,105.81,0
2013-07-13 02:30:00,101.85,0
2013-07-13 03:00:00,97.629,0
2013-07-13 03:30:00,94.099,0
2013-07-13 04:00:00,94.762,0
2013-07-13 04:30:00,98.247,0
2013-07-13 05:00:00,106.102,0
2013-07-13 05:30:00,112.341,0
2013-07-13 06:00:00,117.789,0
2013-07-13 06:30:00,130.436,0
2013-07-13 07:00:00,151.353,0
2013-07-13 07:30:00,163.526,0
2013-07-13 08:00:00,171.947,0
2013-07-13 08:30:00,180.261,0
2013-07-13 09:00:00,187.001,0
2013-07-13 09:30:00,185.803,0
2013-07-13 10:00:00,179.228,0
2013-07-13 10:30:00,176.43,0
2013-07-13 11:00:00,177.179,0
2013-07-13 11:30:00,171.157,0
2013-07-13 12:00:00,175.228,0
2013-07-13 12:30:00,170.997,0
2013-07-13 13:00:00,175.397,0
2013-07-13 13:30:00,163.64,0
2013-07-13 14:00:00,165.308,0
2013-07-13 14:30:00,165.906,0
2013-07-13 15:00:00,170.248,0
2013-07-13 15:30:00,168.051,0
2013-07-13 16:00:00,173.505,0
2013-07-13 16:30:00,184.011,0
2013-07-13 17:00:00,183.464,0
2013-07-13 17:30:00,189.966,0
2013-07-13 18:00:00,201.95,0
2013-07-13 18:30:00,200.302,0
2013-07-13 19:00:00,199.117,0
2013-07-13 19:30:00,196.124,0
2013-07-13 20:00:00,193.953,0
2013-07-13 20:30:00,203.087,0
2013-07-13 21:00:00,210.331,0
2013-07-13 21:30:00,213.751,0
2013-07-13 22:00:00,198.956,0
2013-07-13 22:30:00,189.769,0
2013-07-13 23:00:00,169.634,0
2013-07-13 23:30:00,151.157,0
2013-07-14 00:00:00,133.84,0
2013-07-14 00:30:00,121.006,0
2013-07-14 01:00:00,114.371,0
2013-07-14 01:30:00,112.751,0
2013-07-14 02:00:00,104.811,0
2013-07-14 02:30:00,101.665,0
2013-07-14 03:00:00,101.421,0
2013-07-14 03:30:00,99.196,0
2013-07-14 04:00:00,96.89,0
2013-07-14 04:30:00,99.715,0
2013-07-14 05:00:00,103.383,0
2013-07-14 05:30:00,106.309,0
2013-07-14 06:00:00,113.395,0
2013-07-14 06:30:00,119.581,0
2013-07-14 07:00:00,134.546,0
2013-07-14 07:30:00,154.678,0
2013-07-14 08:00:00,160.933,0
2013-07-14 08:30:00,165.132,0
2013-07-14 09:00:00,169.825,0
2013-07-14 09:30:00,166.173,0
2013-07-14 10:00:00,174.129,0
2013-07-14 10:30:00,204.914,0
2013-07-14 11:00:00,196.909,0
2013-07-14 11:30:00,207.711,0
2013-07-14 12:00:00,202.361,0
2013-07-14 12:30:00,191.77,0
2013-07-14 13:00:00,190.846,0
2013-07-14 13:30:00,187.329,0
2013-07-14 14:00:00,176.77,0
2013-07-14 14:30:00,178.693,0
2013-07-14 15:00:00,175.997,0
2013-07-14 15:30:00,176.8,0
2013-07-14 16:00:00,185.282,0
2013-07-14 16:30:00,203.004,0
2013-07-14 17:00:00,204.676,0
2013-07-14 17:30:00,205.796,0
2013-07-14 18:00:00,214.788,0
2013-07-14 18:30:00,213.605,0
2013-07-14 19:00:00,205.044,0
2013-07-14 19:30:00,205.247,0
2013-07-14 20:00:00,206.712,0
2013-07-14 20:30:00,226.812,0
2013-07-14 21:00:00,227.981,0
2013-07-14 21:30:00,228.204,0
2013-07-14 22:00:00,210.949,0
2013-07-14 22:30:00,187.786,0
2013-07-14 23:00:00,166.736,0
2013-07-14 23:30:00,149.292,0
2013-07-15 00:00:00,132.417,0
2013-07-15 00:30:00,121.13,0
2013-07-15 01:00:00,115.949,0
2013-07-15 01:30:00,107.332,0
2013-07-15 02:00:00,106.344,0
2013-07-15 02:30:00,105.099,0
2013-07-15 03:00:00,102.03,0
2013-07-15 03:30:00,100.671,0
2013-07-15 04:00:00,104.96,0
2013-07-15 04:30:00,110.609,0
2013-07-15 05:00:00,108.01,0
2013-07-15 05:30:00,119.061,0
2013-07-15 06:00:00,142.998,0
2013-07-15 06:30:00,159.026,0
2013-07-15 07:00:00,165.169,0
2013-07-15 07:30:00,170.941,0
2013-07-15 08:00:00,159.135,0
2013-07-15 08:30:00,167.191,0
2013-07-15 09:00:00,158.273,0
2013-07-15 09:30:00,159.342,0
2013-07-15 10:00:00,163.834,0
2013-07-15 10:30:00,162.086,0
2013-07-15 11:00:00,160.733,0
2013-07-15 11:30:00,158.804,0
2013-07-15 12:00:00,158.068,0
2013-07-15 12:30:00,158.498,0
2013-07-15 13:00:00,154.74,0
2013-07-15 13:30:00,153.411,0
2013-07-15 14:00:00,149.211,0
2013-07-15 14:30:00,156.218,0
2013-07-15 15:00:00,162.308,0
2013-07-15 15:30:00,161.868,0
2013-07-15 16:00:00,174.005,0
2013-07-15 16:30:00,189.615,0
2013-07-15 17:00:00,195.171,0
2013-07-15 17:30:00,211.723,0
2013-07-15 18:00:00,219.326,0
2013-07-15 18:30:00,218.386,0
2013-07-15 19:00:00,205.764,0
2013-07-15 19:30:00,206.237,0
2013-07-15 20:00:00,214.83,0
2013-07-15 20:30:00,229.025,0
2013-07-15 21:00:00,237.037,0
2013-07-15 21:30:00,230.256,0
2013-07-15 22:00:00,216.111,0
2013-07-15 22:30:00,188.471,0
2013-07-15 23:00:00,161.93,0
2013-07-15 23:30:00,147.712,0
2013-07-16 00:00:00,129.751,0
2013-07-16 00:30:00,116.436,0
2013-07-16 01:00:00,109.233,0
2013-07-16 01:30:00,107.718,0
2013-07-16 02:00:00,106.458,0
2013-07-16 02:30:00,104.65,0
2013-07-16 03:00:00,99.866,0
2013-07-16 03:30:00,99.586,0
2013-07-16 04:00:00,98.417,0
2013-07-16 04:30:00,105.701,0
2013-07-16 05:00:00,112.079,0
2013-07-16 05:30:00,124.701,0
2013-07-16 06:00:00,140.445,0
2013-07-16 06:30:00,156.292,0
2013-07-16 07:00:00,167.766,0
2013-07-16 07:30:00,173.358,0
2013-07-16 08:00:00,171.612,0
2013-07-16 08:30:00,170.859,0
2013-07-16 09:00:00,169.229,0
2013-07-16 09:30:00,165.292,0
2013-07-16 10:00:00,155.725,0
2013-07-16 10:30:00,157.121,0
2013-07-16 11:00:00,157.427,0
2013-07-16 11:30:00,159.718,0
2013-07-16 12:00:00,152.216,0
2013-07-16 12:30:00,160.137,0
2013-07-16 13:00:00,149.221,0
2013-07-16 13:30:00,153.697,0
2013-07-16 14:00:00,153.289,0
2013-07-16 14:30:00,152.548,0
2013-07-16 15:00:00,154.641,0
2013-07-16 15:30:00,154.51,0
2013-07-16 16:00:00,175.062,0
2013-07-16 16:30:00,186.765,0
2013-07-16 17:00:00,191.306,0
2013-07-16 17:30:00,207.765,0
2013-07-16 18:00:00,213.22,0
2013-07-16 18:30:00,217.241,0
2013-07-16 19:00:00,218.423,0
2013-07-16 19:30:00,216.34,0
2013-07-16 20:00:00,221.633,0
2013-07-16 20:30:00,230.256,0
2013-07-16 21:00:00,236.57,0
2013-07-16 21:30:00,234.965,0
2013-07-16 22:00:00,209.195,0
2013-07-16 22:30:00,187.514,0
2013-07-16 23:00:00,165.4,0
2013-07-16 23:30:00,147.687,0
2013-07-17 00:00:00,133.609,0
2013-07-17 00:30:00,120.585,0
2013-07-17 01:00:00,112.48,0
2013-07-17 01:30:00,109.555,0
2013-07-17 02:00:00,107.61,0
2013-07-17 02:30:00,103.615,0
2013-07-17 03:00:00,101.405,0
2013-07-17 03:30:00,98.986,0
2013-07-17 04:00:00,101.489,0
2013-07-17 04:30:00,109.07,0
2013-07-17 05:00:00,114.93,0
2013-07-17 05:30:00,125.469,0
2013-07-17 06:00:00,147.698,0
2013-07-17 06:30:00,164.793,0
2013-07-17 07:00:00,175.243,0
2013-07-17 07:30:00,174.365,0
2013-07-17 08:00:00,170.837,0
2013-07-17 08:30:00,158.376,0
2013-07-17 09:00:00,168.69,0
2013-07-17 09:30:00,160.134,0
2013-07-17 10:00:00,162.78,0
2013-07-17 10:30:00,153.091,0
2013-07-17 11:00:00,156.928,0
2013-07-17 11:30:00,163.952,0
2013-07-17 12:00:00,155.668,0
2013-07-17 12:30:00,155.872,0
2013-07-17 13:00:00,157.347,0
2013-07-17 13:30:00,157.275,0
2013-07-17 14:00:00,152.828,0
2013-07-17 14:30:00,156.103,0
2013-07-17 15:00:00,168.229,0
2013-07-17 15:30:00,167.785,0
2013-07-17 16:00:00,180.825,0
2013-07-17 16:30:00,194.413,0
2013-07-17 17:00:00,195.415,0
2013-07-17 17:30:00,212.699,0
2013-07-17 18:00:00,223.619,0
2013-07-17 18:30:00,221.107,0
2013-07-17 19:00:00,214.625,0
2013-07-17 19:30:00,215.481,0
2013-07-17 20:00:00,219.594,0
2013-07-17 20:30:00,224.5,0
2013-07-17 21:00:00,230.756,0
2013-07-17 21:30:00,228.696,0
2013-07-17 22:00:00,209.592,0
2013-07-17 22:30:00,189.873,0
2013-07-17 23:00:00,171.435,0
2013-07-17 23:30:00,151.551,0
2013-07-18 00:00:00,134.249,0
2013-07-18 00:30:00,121.0,0
2013-07-18 01:00:00,114.64,0
2013-07-18 01:30:00,109.426,0
2013-07-18 02:00:00,107.219,0
2013-07-18 02:30:00,105.855,0
2013-07-18 03:00:00,103.006,0
2013-07-18 03:30:00,100.023,0
2013-07-18 04:00:00,103.179,0
2013-07-18 04:30:00,110.075,0
2013-07-18 05:00:00,112.503,0
2013-07-18 05:30:00,125.605,0
2013-07-18 06:00:00,141.484,0
2013-07-18 06:30:00,156.399,0
2013-07-18 07:00:00,173.696,0
2013-07-18 07:30:00,178.038,0
2013-07-18 08:00:00,168.895,0
2013-07-18 08:30:00,167.219,0
2013-07-18 09:00:00,157.271,0
2013-07-18 09:30:00,157.668,0
2013-07-18 10:00:00,155.474,0
2013-07-18 10:30:00,155.854,0
2013-07-18 11:00:00,161.774,0
2013-07-18 11:30:00,156.433,0
2013-07-18 12:00:00,154.867,0
2013-07-18 12:30:00,156.143,0
2013-07-18 13:00:00,157.846,0
2013-07-18 13:30:00,156.507,0
2013-07-18 14:00:00,155.977,0
2013-07-18 14:30:00,152.5,0
2013-07-18 15:00:00,150.278,0
2013-07-18 15:30:00,162.432,0
2013-07-18 16:00:00,173.44,0
2013-07-18 16:30:00,184.074,0
2013-07-18 17:00:00,185.265,0
2013-07-18 17:30:00,204.451,0
2013-07-18 18:00:00,207.822,0
2013-07-18 18:30:00,209.638,0
2013-07-18 19:00:00,203.887,0
2013-07-18 19:30:00,206.509,0
2013-07-18 20:00:00,200.912,0
2013-07-18 20:30:00,212.376,0
2013-07-18 21:00:00,223.888,0
2013-07-18 21:30:00,224.116,0
2013-07-18 22:00:00,209.298,0
2013-07-18 22:30:00,189.684,0
2013-07-18 23:00:00,167.091,0
2013-07-18 23:30:00,148.643,0
2013-07-19 00:00:00,126.133,0
2013-07-19 00:30:00,119.395,0
2013-07-19 01:00:00,110.962,0
2013-07-19 01:30:00,108.906,0
2013-07-19 02:00:00,105.851,0
2013-07-19 02:30:00,101.918,0
2013-07-19 03:00:00,97.589,0
2013-07-19 03:30:00,97.949,0
2013-07-19 04:00:00,99.957,0
2013-07-19 04:30:00,105.018,0
2013-07-19 05:00:00,107.454,0
2013-07-19 05:30:00,117.547,0
2013-07-19 06:00:00,133.909,0
2013-07-19 06:30:00,157.215,0
2013-07-19 07:00:00,163.169,0
2013-07-19 07:30:00,179.422,0
2013-07-19 08:00:00,162.014,0
2013-07-19 08:30:00,157.665,0
2013-07-19 09:00:00,159.023,0
2013-07-19 09:30:00,154.939,0
2013-07-19 10:00:00,166.758,0
2013-07-19 10:30:00,162.809,0
2013-07-19 11:00:00,156.035,0
2013-07-19 11:30:00,163.163,0
2013-07-19 12:00:00,162.74,0
2013-07-19 12:30:00,163.058,0
2013-07-19 13:00:00,155.908,0
2013-07-19 13:30:00,152.57,0
2013-07-19 14:00:00,152.735,0
2013-07-19 14:30:00,154.34,0
2013-07-19 15:00:00,152.448,0
2013-07-19 15:30:00,164.552,0
2013-07-19 16:00:00,168.071,0
2013-07-19 16:30:00,179.064,0
2013-07-19 17:00:00,182.796,0
2013-07-19 17:30:00,193.735,0
2013-07-19 18:00:00,197.0,0
2013-07-19 18:30:00,196.664,0
2013-07-19 19:00:00,189.613,0
2013-07-19 19:30:00,183.681,0
2013-07-19 20:00:00,183.606,0
2013-07-19 20:30:00,196.377,0
2013-07-19 21:00:00,210.719,0
2013-07-19 21:30:00,209.759,0
2013-07-19 22:00:00,195.502,0
2013-07-19 22:30:00,179.379,0
2013-07-19 23:00:00,162.402,0
2013-07-19 23:30:00,144.753,0
2013-07-20 00:00:00,135.036,0
2013-07-20 00:30:00,119.543,0
2013-07-20 01:00:00,112.538,0
2013-07-20 01:30:00,109.627,0
2013-07-20 02:00:00,103.69,0
2013-07-20 02:30:00,102.044,0
2013-07-20 03:00:00,97.617,0
2013-07-20 03:30:00,96.143,0
2013-07-20 04:00:00,98.101,0
2013-07-20 04:30:00,100.443,0
2013-07-20 05:00:00,99.032,0
2013-07-20 05:30:00,105.491,0
2013-07-20 06:00:00,112.098,0
2013-07-20 06:30:00,139.359,0
2013-07-20 07:00:00,155.81,0
2013-07-20 07:30:00,162.888,0
2013-07-20 08:00:00,171.383,0
2013-07-20 08:30:00,172.895,0
2013-07-20 09:00:00,177.945,0
2013-07-20 09:30:00,174.361,0
2013-07-20 10:00:00,176.44,0
2013-07-20 10:30:00,170.608,0
2013-07-20 11:00:00,171.701,0
2013-07-20 11:30:00,175.608,0
2013-07-20 12:00:00,173.994,0
2013-07-20 12:30:00,175.823,0
2013-07-20 13:00:00,170.095,0
2013-07-20 13:30:00,168.664,0
2013-07-20 14:00:00,166.3,0
2013-07-20 14:30:00,159.64600000000002,0
2013-07-20 15:00:00,157.697,0
2013-07-20 15:30:00,163.426,0
2013-07-20 16:00:00,174.502,0
2013-07-20 16:30:00,188.136,0
2013-07-20 17:00:00,187.606,0
2013-07-20 17:30:00,188.774,0
2013-07-20 18:00:00,199.946,0
2013-07-20 18:30:00,201.326,0
2013-07-20 19:00:00,191.681,0
2013-07-20 19:30:00,194.786,0
2013-07-20 20:00:00,199.756,0
2013-07-20 20:30:00,201.27,0
2013-07-20 21:00:00,199.542,0
2013-07-20 21:30:00,202.191,0
2013-07-20 22:00:00,196.045,0
2013-07-20 22:30:00,185.789,0
2013-07-20 23:00:00,157.573,0
2013-07-20 23:30:00,140.952,0
2013-07-21 00:00:00,129.42,0
2013-07-21 00:30:00,116.77,0
2013-07-21 01:00:00,108.689,0
2013-07-21 01:30:00,107.447,0
2013-07-21 02:00:00,106.66,0
2013-07-21 02:30:00,100.014,0
2013-07-21 03:00:00,91.791,0
2013-07-21 03:30:00,91.758,0
2013-07-21 04:00:00,92.633,0
2013-07-21 04:30:00,96.789,0
2013-07-21 05:00:00,99.077,0
2013-07-21 05:30:00,103.31,0
2013-07-21 06:00:00,110.487,0
2013-07-21 06:30:00,121.833,0
2013-07-21 07:00:00,135.283,0
2013-07-21 07:30:00,157.211,0
2013-07-21 08:00:00,167.548,0
2013-07-21 08:30:00,177.579,0
2013-07-21 09:00:00,186.742,0
2013-07-21 09:30:00,180.988,0
2013-07-21 10:00:00,181.586,0
2013-07-21 10:30:00,192.792,0
2013-07-21 11:00:00,191.484,0
2013-07-21 11:30:00,191.716,0
2013-07-21 12:00:00,192.248,0
2013-07-21 12:30:00,187.39,0
2013-07-21 13:00:00,189.727,0
2013-07-21 13:30:00,179.881,0
2013-07-21 14:00:00,175.201,0
2013-07-21 14:30:00,176.08,0
2013-07-21 15:00:00,181.603,0
2013-07-21 15:30:00,182.023,0
2013-07-21 16:00:00,176.166,0
2013-07-21 16:30:00,179.904,0
2013-07-21 17:00:00,191.542,0
2013-07-21 17:30:00,202.85,0
2013-07-21 18:00:00,202.211,0
2013-07-21 18:30:00,203.04,0
2013-07-21 19:00:00,204.402,0
2013-07-21 19:30:00,201.756,0
2013-07-21 20:00:00,209.108,0
2013-07-21 20:30:00,218.146,0
2013-07-21 21:00:00,225.048,0
2013-07-21 21:30:00,222.316,0
2013-07-21 22:00:00,205.769,0
2013-07-21 22:30:00,182.769,0
2013-07-21 23:00:00,158.064,0
2013-07-21 23:30:00,139.125,0
2013-07-22 00:00:00,126.078,0
2013-07-22 00:30:00,114.769,0
2013-07-22 01:00:00,106.496,0
2013-07-22 01:30:00,103.986,0
2013-07-22 02:00:00,102.119,0
2013-07-22 02:30:00,99.362,0
2013-07-22 03:00:00,98.238,0
2013-07-22 03:30:00,97.519,0
2013-07-22 04:00:00,95.708,0
2013-07-22 04:30:00,100.93,0
2013-07-22 05:00:00,110.076,0
2013-07-22 05:30:00,123.029,0
2013-07-22 06:00:00,134.594,0
2013-07-22 06:30:00,148.546,0
2013-07-22 07:00:00,159.403,0
2013-07-22 07:30:00,153.846,0
2013-07-22 08:00:00,156.441,0
2013-07-22 08:30:00,151.973,0
2013-07-22 09:00:00,153.908,0
2013-07-22 09:30:00,153.5,0
2013-07-22 10:00:00,155.979,0
2013-07-22 10:30:00,184.841,0
2013-07-22 11:00:00,180.433,0
2013-07-22 11:30:00,191.828,0
2013-07-22 12:00:00,172.733,0
2013-07-22 12:30:00,169.542,0
2013-07-22 13:00:00,167.296,0
2013-07-22 13:30:00,167.892,0
2013-07-22 14:00:00,169.19,0
2013-07-22 14:30:00,181.684,0
2013-07-22 15:00:00,178.835,0
2013-07-22 15:30:00,178.199,0
2013-07-22 16:00:00,192.29,0
2013-07-22 16:30:00,207.255,0
2013-07-22 17:00:00,215.451,0
2013-07-22 17:30:00,227.466,0
2013-07-22 18:00:00,229.017,0
2013-07-22 18:30:00,231.22,0
2013-07-22 19:00:00,224.289,0
2013-07-22 19:30:00,218.76,0
2013-07-22 20:00:00,225.488,0
2013-07-22 20:30:00,240.007,0
2013-07-22 21:00:00,247.932,0
2013-07-22 21:30:00,249.82,0
2013-07-22 22:00:00,226.125,0
2013-07-22 22:30:00,192.437,0
2013-07-22 23:00:00,167.147,0
2013-07-22 23:30:00,146.436,0
2013-07-23 00:00:00,129.153,0
2013-07-23 00:30:00,119.332,0
2013-07-23 01:00:00,113.103,0
2013-07-23 01:30:00,110.639,0
2013-07-23 02:00:00,111.578,0
2013-07-23 02:30:00,107.239,0
2013-07-23 03:00:00,105.558,0
2013-07-23 03:30:00,102.971,0
2013-07-23 04:00:00,104.218,0
2013-07-23 04:30:00,109.452,0
2013-07-23 05:00:00,114.104,0
2013-07-23 05:30:00,123.522,0
2013-07-23 06:00:00,132.914,0
2013-07-23 06:30:00,156.694,0
2013-07-23 07:00:00,166.622,0
2013-07-23 07:30:00,170.052,0
2013-07-23 08:00:00,170.129,0
2013-07-23 08:30:00,168.428,0
2013-07-23 09:00:00,161.369,0
2013-07-23 09:30:00,158.743,0
2013-07-23 10:00:00,160.673,0
2013-07-23 10:30:00,158.436,0
2013-07-23 11:00:00,162.444,0
2013-07-23 11:30:00,169.274,0
2013-07-23 12:00:00,167.515,0
2013-07-23 12:30:00,164.781,0
2013-07-23 13:00:00,160.655,0
2013-07-23 13:30:00,158.921,0
2013-07-23 14:00:00,160.306,0
2013-07-23 14:30:00,161.947,0
2013-07-23 15:00:00,158.837,0
2013-07-23 15:30:00,174.599,0
2013-07-23 16:00:00,179.673,0
2013-07-23 16:30:00,190.642,0
2013-07-23 17:00:00,207.984,0
2013-07-23 17:30:00,214.829,0
2013-07-23 18:00:00,223.23,0
2013-07-23 18:30:00,211.445,0
2013-07-23 19:00:00,223.936,0
2013-07-23 19:30:00,222.026,0
2013-07-23 20:00:00,218.211,0
2013-07-23 20:30:00,226.17,0
2013-07-23 21:00:00,226.9,0
2013-07-23 21:30:00,235.833,0
2013-07-23 22:00:00,206.266,0
2013-07-23 22:30:00,185.082,0
2013-07-23 23:00:00,160.356,0
2013-07-23 23:30:00,137.817,0
2013-07-24 00:00:00,124.687,0
2013-07-24 00:30:00,115.586,0
2013-07-24 01:00:00,109.738,0
2013-07-24 01:30:00,105.79,0
2013-07-24 02:00:00,105.941,0
2013-07-24 02:30:00,101.784,0
2013-07-24 03:00:00,95.396,0
2013-07-24 03:30:00,97.347,0
2013-07-24 04:00:00,94.908,0
2013-07-24 04:30:00,103.576,0
2013-07-24 05:00:00,114.975,0
2013-07-24 05:30:00,119.521,0
2013-07-24 06:00:00,133.585,0
2013-07-24 06:30:00,152.117,0
2013-07-24 07:00:00,157.828,0
2013-07-24 07:30:00,164.699,0
2013-07-24 08:00:00,159.845,0
2013-07-24 08:30:00,155.509,0
2013-07-24 09:00:00,151.806,0
2013-07-24 09:30:00,153.158,0
2013-07-24 10:00:00,153.665,0
2013-07-24 10:30:00,142.673,0
2013-07-24 11:00:00,151.245,0
2013-07-24 11:30:00,159.052,0
2013-07-24 12:00:00,164.324,0
2013-07-24 12:30:00,157.97,0
2013-07-24 13:00:00,160.354,0
2013-07-24 13:30:00,151.15,0
2013-07-24 14:00:00,149.707,0
2013-07-24 14:30:00,147.638,0
2013-07-24 15:00:00,153.934,0
2013-07-24 15:30:00,156.505,0
2013-07-24 16:00:00,165.996,0
2013-07-24 16:30:00,176.757,0
2013-07-24 17:00:00,190.955,0
2013-07-24 17:30:00,197.197,0
2013-07-24 18:00:00,214.895,0
2013-07-24 18:30:00,210.86,0
2013-07-24 19:00:00,207.142,0
2013-07-24 19:30:00,209.42,0
2013-07-24 20:00:00,210.228,0
2013-07-24 20:30:00,226.972,0
2013-07-24 21:00:00,227.962,0
2013-07-24 21:30:00,224.655,0
2013-07-24 22:00:00,205.567,0
2013-07-24 22:30:00,181.681,0
2013-07-24 23:00:00,160.536,0
2013-07-24 23:30:00,140.988,0
2013-07-25 00:00:00,124.477,0
2013-07-25 00:30:00,118.421,0
2013-07-25 01:00:00,112.898,0
2013-07-25 01:30:00,113.826,0
2013-07-25 02:00:00,113.314,0
2013-07-25 02:30:00,108.449,0
2013-07-25 03:00:00,105.389,0
2013-07-25 03:30:00,100.657,0
2013-07-25 04:00:00,97.614,0
2013-07-25 04:30:00,102.502,0
2013-07-25 05:00:00,103.599,0
2013-07-25 05:30:00,113.594,0
2013-07-25 06:00:00,127.082,0
2013-07-25 06:30:00,139.524,0
2013-07-25 07:00:00,158.904,0
2013-07-25 07:30:00,188.14,0
2013-07-25 08:00:00,181.831,0
2013-07-25 08:30:00,178.915,0
2013-07-25 09:00:00,181.504,0
2013-07-25 09:30:00,171.567,0
2013-07-25 10:00:00,168.973,0
2013-07-25 10:30:00,152.866,0
2013-07-25 11:00:00,163.166,0
2013-07-25 11:30:00,157.076,0
2013-07-25 12:00:00,157.606,0
2013-07-25 12:30:00,160.786,0
2013-07-25 13:00:00,159.107,0
2013-07-25 13:30:00,159.036,0
2013-07-25 14:00:00,152.312,0
2013-07-25 14:30:00,159.026,0
2013-07-25 15:00:00,153.948,0
2013-07-25 15:30:00,157.835,0
2013-07-25 16:00:00,163.701,0
2013-07-25 16:30:00,179.591,0
2013-07-25 17:00:00,189.723,0
2013-07-25 17:30:00,206.934,0
2013-07-25 18:00:00,208.324,0
2013-07-25 18:30:00,209.914,0
2013-07-25 19:00:00,206.478,0
2013-07-25 19:30:00,204.949,0
2013-07-25 20:00:00,206.177,0
2013-07-25 20:30:00,216.693,0
2013-07-25 21:00:00,216.667,0
2013-07-25 21:30:00,226.896,0
2013-07-25 22:00:00,199.83,0
2013-07-25 22:30:00,184.927,0
2013-07-25 23:00:00,151.86,0
2013-07-25 23:30:00,136.141,0
2013-07-26 00:00:00,123.039,0
2013-07-26 00:30:00,115.607,0
2013-07-26 01:00:00,107.787,0
2013-07-26 01:30:00,105.799,0
2013-07-26 02:00:00,104.233,0
2013-07-26 02:30:00,101.248,0
2013-07-26 03:00:00,96.303,0
2013-07-26 03:30:00,95.164,0
2013-07-26 04:00:00,98.596,0
2013-07-26 04:30:00,101.463,0
2013-07-26 05:00:00,105.155,0
2013-07-26 05:30:00,116.927,0
2013-07-26 06:00:00,128.131,0
2013-07-26 06:30:00,139.02,0
2013-07-26 07:00:00,154.89,0
2013-07-26 07:30:00,173.892,0
2013-07-26 08:00:00,169.243,0
2013-07-26 08:30:00,164.206,0
2013-07-26 09:00:00,165.868,0
2013-07-26 09:30:00,159.684,0
2013-07-26 10:00:00,158.529,0
2013-07-26 10:30:00,161.456,0
2013-07-26 11:00:00,168.083,0
2013-07-26 11:30:00,160.753,0
2013-07-26 12:00:00,156.483,0
2013-07-26 12:30:00,159.691,0
2013-07-26 13:00:00,155.652,0
2013-07-26 13:30:00,152.849,0
2013-07-26 14:00:00,151.373,0
2013-07-26 14:30:00,162.337,0
2013-07-26 15:00:00,157.934,0
2013-07-26 15:30:00,158.961,0
2013-07-26 16:00:00,166.869,0
2013-07-26 16:30:00,177.34,0
2013-07-26 17:00:00,187.203,0
2013-07-26 17:30:00,188.802,0
2013-07-26 18:00:00,202.151,0
2013-07-26 18:30:00,199.339,0
2013-07-26 19:00:00,192.444,0
2013-07-26 19:30:00,195.656,0
2013-07-26 20:00:00,205.465,0
2013-07-26 20:30:00,216.123,0
2013-07-26 21:00:00,220.715,0
2013-07-26 21:30:00,215.054,0
2013-07-26 22:00:00,198.532,0
2013-07-26 22:30:00,180.85,0
2013-07-26 23:00:00,158.743,0
2013-07-26 23:30:00,138.51,0
2013-07-27 00:00:00,125.105,0
2013-07-27 00:30:00,119.991,0
2013-07-27 01:00:00,110.406,0
2013-07-27 01:30:00,108.49,0
2013-07-27 02:00:00,109.274,0
2013-07-27 02:30:00,107.209,0
2013-07-27 03:00:00,102.056,0
2013-07-27 03:30:00,98.526,0
2013-07-27 04:00:00,95.795,0
2013-07-27 04:30:00,100.393,0
2013-07-27 05:00:00,101.117,0
2013-07-27 05:30:00,108.617,0
2013-07-27 06:00:00,112.923,0
2013-07-27 06:30:00,129.532,0
2013-07-27 07:00:00,146.641,0
2013-07-27 07:30:00,159.96,0
2013-07-27 08:00:00,165.22299999999998,0
2013-07-27 08:30:00,175.351,0
2013-07-27 09:00:00,171.606,0
2013-07-27 09:30:00,166.216,0
2013-07-27 10:00:00,167.633,0
2013-07-27 10:30:00,162.089,0
2013-07-27 11:00:00,158.023,0
2013-07-27 11:30:00,156.937,0
2013-07-27 12:00:00,160.101,0
2013-07-27 12:30:00,157.386,0
2013-07-27 13:00:00,154.103,0
2013-07-27 13:30:00,157.108,0
2013-07-27 14:00:00,154.194,0
2013-07-27 14:30:00,154.67,0
2013-07-27 15:00:00,155.95,0
2013-07-27 15:30:00,169.229,0
2013-07-27 16:00:00,172.999,0
2013-07-27 16:30:00,191.807,0
2013-07-27 17:00:00,201.835,0
2013-07-27 17:30:00,213.758,0
2013-07-27 18:00:00,219.431,0
2013-07-27 18:30:00,229.589,0
2013-07-27 19:00:00,239.397,0
2013-07-27 19:30:00,238.394,0
2013-07-27 20:00:00,229.088,0
2013-07-27 20:30:00,222.391,0
2013-07-27 21:00:00,220.997,0
2013-07-27 21:30:00,212.959,0
2013-07-27 22:00:00,193.627,0
2013-07-27 22:30:00,175.817,0
2013-07-27 23:00:00,159.22,0
2013-07-27 23:30:00,139.527,0
2013-07-28 00:00:00,129.709,0
2013-07-28 00:30:00,119.523,0
2013-07-28 01:00:00,112.528,0
2013-07-28 01:30:00,105.443,0
2013-07-28 02:00:00,107.144,0
2013-07-28 02:30:00,103.934,0
2013-07-28 03:00:00,100.833,0
2013-07-28 03:30:00,96.388,0
2013-07-28 04:00:00,94.051,0
2013-07-28 04:30:00,93.514,0
2013-07-28 05:00:00,96.697,0
2013-07-28 05:30:00,105.55,0
2013-07-28 06:00:00,112.948,0
2013-07-28 06:30:00,121.199,0
2013-07-28 07:00:00,142.263,0
2013-07-28 07:30:00,161.232,0
2013-07-28 08:00:00,166.528,0
2013-07-28 08:30:00,173.14,0
2013-07-28 09:00:00,183.11,0
2013-07-28 09:30:00,180.123,0
2013-07-28 10:00:00,183.439,0
2013-07-28 10:30:00,194.239,0
2013-07-28 11:00:00,193.547,0
2013-07-28 11:30:00,188.764,0
2013-07-28 12:00:00,194.554,0
2013-07-28 12:30:00,187.95,0
2013-07-28 13:00:00,188.435,0
2013-07-28 13:30:00,189.154,0
2013-07-28 14:00:00,183.495,0
2013-07-28 14:30:00,173.533,0
2013-07-28 15:00:00,180.945,0
2013-07-28 15:30:00,192.854,0
2013-07-28 16:00:00,196.184,0
2013-07-28 16:30:00,202.401,0
2013-07-28 17:00:00,198.483,0
2013-07-28 17:30:00,212.156,0
2013-07-28 18:00:00,220.279,0
2013-07-28 18:30:00,216.838,0
2013-07-28 19:00:00,216.509,0
2013-07-28 19:30:00,214.887,0
2013-07-28 20:00:00,210.544,0
2013-07-28 20:30:00,224.989,0
2013-07-28 21:00:00,224.894,0
2013-07-28 21:30:00,223.9,0
2013-07-28 22:00:00,203.272,0
2013-07-28 22:30:00,178.314,0
2013-07-28 23:00:00,159.279,0
2013-07-28 23:30:00,138.999,0
2013-07-29 00:00:00,120.183,0
2013-07-29 00:30:00,112.823,0
2013-07-29 01:00:00,105.236,0
2013-07-29 01:30:00,103.291,0
2013-07-29 02:00:00,103.194,0
2013-07-29 02:30:00,100.415,0
2013-07-29 03:00:00,96.183,0
2013-07-29 03:30:00,95.594,0
2013-07-29 04:00:00,95.919,0
2013-07-29 04:30:00,102.762,0
2013-07-29 05:00:00,105.35,0
2013-07-29 05:30:00,109.553,0
2013-07-29 06:00:00,127.268,0
2013-07-29 06:30:00,146.763,0
2013-07-29 07:00:00,158.371,0
2013-07-29 07:30:00,163.648,0
2013-07-29 08:00:00,172.201,0
2013-07-29 08:30:00,164.824,0
2013-07-29 09:00:00,160.004,0
2013-07-29 09:30:00,167.461,0
2013-07-29 10:00:00,154.873,0
2013-07-29 10:30:00,157.136,0
2013-07-29 11:00:00,156.964,0
2013-07-29 11:30:00,170.579,0
2013-07-29 12:00:00,163.425,0
2013-07-29 12:30:00,171.448,0
2013-07-29 13:00:00,162.655,0
2013-07-29 13:30:00,156.863,0
2013-07-29 14:00:00,150.407,0
2013-07-29 14:30:00,152.449,0
2013-07-29 15:00:00,160.353,0
2013-07-29 15:30:00,170.778,0
2013-07-29 16:00:00,176.256,0
2013-07-29 16:30:00,186.667,0
2013-07-29 17:00:00,193.605,0
2013-07-29 17:30:00,212.402,0
2013-07-29 18:00:00,216.399,0
2013-07-29 18:30:00,224.754,0
2013-07-29 19:00:00,227.151,0
2013-07-29 19:30:00,219.536,0
2013-07-29 20:00:00,229.227,0
2013-07-29 20:30:00,235.964,0
2013-07-29 21:00:00,235.433,0
2013-07-29 21:30:00,233.951,0
2013-07-29 22:00:00,202.325,0
2013-07-29 22:30:00,174.627,0
2013-07-29 23:00:00,154.055,0
2013-07-29 23:30:00,130.592,0
2013-07-30 00:00:00,115.895,0
2013-07-30 00:30:00,107.057,0
2013-07-30 01:00:00,103.643,0
2013-07-30 01:30:00,102.602,0
2013-07-30 02:00:00,102.413,0
2013-07-30 02:30:00,97.789,0
2013-07-30 03:00:00,94.682,0
2013-07-30 03:30:00,93.898,0
2013-07-30 04:00:00,91.592,0
2013-07-30 04:30:00,96.194,0
2013-07-30 05:00:00,101.238,0
2013-07-30 05:30:00,114.463,0
2013-07-30 06:00:00,120.495,0
2013-07-30 06:30:00,142.144,0
2013-07-30 07:00:00,146.114,0
2013-07-30 07:30:00,166.554,0
2013-07-30 08:00:00,172.336,0
2013-07-30 08:30:00,181.603,0
2013-07-30 09:00:00,181.511,0
2013-07-30 09:30:00,172.837,0
2013-07-30 10:00:00,168.921,0
2013-07-30 10:30:00,170.666,0
2013-07-30 11:00:00,177.898,0
2013-07-30 11:30:00,175.458,0
2013-07-30 12:00:00,178.932,0
2013-07-30 12:30:00,174.477,0
2013-07-30 13:00:00,170.76,0
2013-07-30 13:30:00,173.968,0
2013-07-30 14:00:00,168.825,0
2013-07-30 14:30:00,165.256,0
2013-07-30 15:00:00,163.601,0
2013-07-30 15:30:00,168.332,0
2013-07-30 16:00:00,175.86,0
2013-07-30 16:30:00,191.671,0
2013-07-30 17:00:00,199.912,0
2013-07-30 17:30:00,216.769,0
2013-07-30 18:00:00,217.409,0
2013-07-30 18:30:00,212.135,0
2013-07-30 19:00:00,206.282,0
2013-07-30 19:30:00,205.574,0
2013-07-30 20:00:00,212.813,0
2013-07-30 20:30:00,224.891,0
2013-07-30 21:00:00,228.31,0
2013-07-30 21:30:00,224.883,0
2013-07-30 22:00:00,205.915,0
2013-07-30 22:30:00,178.235,0
2013-07-30 23:00:00,157.345,0
2013-07-30 23:30:00,133.142,0
2013-07-31 00:00:00,118.504,0
2013-07-31 00:30:00,107.321,0
2013-07-31 01:00:00,101.501,0
2013-07-31 01:30:00,96.617,0
2013-07-31 02:00:00,94.957,0
2013-07-31 02:30:00,96.99,0
2013-07-31 03:00:00,92.13,0
2013-07-31 03:30:00,91.436,0
2013-07-31 04:00:00,92.529,0
2013-07-31 04:30:00,97.488,0
2013-07-31 05:00:00,99.883,0
2013-07-31 05:30:00,112.95,0
2013-07-31 06:00:00,125.215,0
2013-07-31 06:30:00,147.052,0
2013-07-31 07:00:00,154.587,0
2013-07-31 07:30:00,169.38,0
2013-07-31 08:00:00,163.378,0
2013-07-31 08:30:00,156.201,0
2013-07-31 09:00:00,160.043,0
2013-07-31 09:30:00,162.256,0
2013-07-31 10:00:00,157.074,0
2013-07-31 10:30:00,193.178,0
2013-07-31 11:00:00,183.913,0
2013-07-31 11:30:00,185.609,0
2013-07-31 12:00:00,191.369,0
2013-07-31 12:30:00,184.186,0
2013-07-31 13:00:00,177.157,0
2013-07-31 13:30:00,175.677,0
2013-07-31 14:00:00,173.023,0
2013-07-31 14:30:00,177.203,0
2013-07-31 15:00:00,179.616,0
2013-07-31 15:30:00,175.053,0
2013-07-31 16:00:00,187.255,0
2013-07-31 16:30:00,201.256,0
2013-07-31 17:00:00,202.533,0
2013-07-31 17:30:00,213.857,0
2013-07-31 18:00:00,221.747,0
2013-07-31 18:30:00,237.323,0
2013-07-31 19:00:00,244.078,0
2013-07-31 19:30:00,248.159,0
2013-07-31 20:00:00,242.418,0
2013-07-31 20:30:00,239.825,0
2013-07-31 21:00:00,236.042,0
2013-07-31 21:30:00,232.441,0
2013-07-31 22:00:00,210.004,0
2013-07-31 22:30:00,180.34,0
2013-07-31 23:00:00,151.907,0
2013-07-31 23:30:00,130.818,0
2013-08-01 00:00:00,121.956,0
2013-08-01 00:30:00,110.865,0
2013-08-01 01:00:00,104.647,0
2013-08-01 01:30:00,100.479,0
2013-08-01 02:00:00,98.264,0
2013-08-01 02:30:00,96.893,0
2013-08-01 03:00:00,93.373,0
2013-08-01 03:30:00,93.868,0
2013-08-01 04:00:00,95.059,0
2013-08-01 04:30:00,99.174,0
2013-08-01 05:00:00,109.143,0
2013-08-01 05:30:00,116.135,0
2013-08-01 06:00:00,127.73,0
2013-08-01 06:30:00,145.4,0
2013-08-01 07:00:00,162.665,0
2013-08-01 07:30:00,173.035,0
2013-08-01 08:00:00,178.28,0
2013-08-01 08:30:00,163.634,0
2013-08-01 09:00:00,152.566,0
2013-08-01 09:30:00,157.256,0
2013-08-01 10:00:00,167.042,0
2013-08-01 10:30:00,157.304,0
2013-08-01 11:00:00,159.849,0
2013-08-01 11:30:00,157.857,0
2013-08-01 12:00:00,160.814,0
2013-08-01 12:30:00,157.946,0
2013-08-01 13:00:00,154.944,0
2013-08-01 13:30:00,146.653,0
2013-08-01 14:00:00,146.23,0
2013-08-01 14:30:00,151.965,0
2013-08-01 15:00:00,158.782,0
2013-08-01 15:30:00,164.421,0
2013-08-01 16:00:00,169.586,0
2013-08-01 16:30:00,186.91,0
2013-08-01 17:00:00,198.471,0
2013-08-01 17:30:00,218.641,0
2013-08-01 18:00:00,230.878,0
2013-08-01 18:30:00,224.54,0
2013-08-01 19:00:00,219.357,0
2013-08-01 19:30:00,216.666,0
2013-08-01 20:00:00,217.636,0
2013-08-01 20:30:00,227.473,0
2013-08-01 21:00:00,237.697,0
2013-08-01 21:30:00,235.722,0
2013-08-01 22:00:00,215.77,0
2013-08-01 22:30:00,193.868,0
2013-08-01 23:00:00,165.93,0
2013-08-01 23:30:00,146.399,0
2013-08-02 00:00:00,135.964,0
2013-08-02 00:30:00,125.727,0
2013-08-02 01:00:00,117.476,0
2013-08-02 01:30:00,110.995,0
2013-08-02 02:00:00,113.563,0
2013-08-02 02:30:00,106.991,0
2013-08-02 03:00:00,104.712,0
2013-08-02 03:30:00,105.78,0
2013-08-02 04:00:00,102.444,0
2013-08-02 04:30:00,106.214,0
2013-08-02 05:00:00,110.149,0
2013-08-02 05:30:00,120.298,0
2013-08-02 06:00:00,126.01,0
2013-08-02 06:30:00,145.459,0
2013-08-02 07:00:00,162.825,0
2013-08-02 07:30:00,171.57,0
2013-08-02 08:00:00,174.443,0
2013-08-02 08:30:00,173.374,0
2013-08-02 09:00:00,175.969,0
2013-08-02 09:30:00,166.148,0
2013-08-02 10:00:00,164.552,0
2013-08-02 10:30:00,165.378,0
2013-08-02 11:00:00,165.628,0
2013-08-02 11:30:00,165.062,0
2013-08-02 12:00:00,170.19,0
2013-08-02 12:30:00,162.557,0
2013-08-02 13:00:00,159.479,0
2013-08-02 13:30:00,158.262,0
2013-08-02 14:00:00,159.027,0
2013-08-02 14:30:00,160.162,0
2013-08-02 15:00:00,161.982,0
2013-08-02 15:30:00,161.854,0
2013-08-02 16:00:00,171.138,0
2013-08-02 16:30:00,176.098,0
2013-08-02 17:00:00,185.069,0
2013-08-02 17:30:00,202.417,0
2013-08-02 18:00:00,216.819,0
2013-08-02 18:30:00,212.756,0
2013-08-02 19:00:00,200.053,0
2013-08-02 19:30:00,201.13,0
2013-08-02 20:00:00,217.091,0
2013-08-02 20:30:00,225.479,0
2013-08-02 21:00:00,217.573,0
2013-08-02 21:30:00,210.804,0
2013-08-02 22:00:00,201.701,0
2013-08-02 22:30:00,179.909,0
2013-08-02 23:00:00,164.821,0
2013-08-02 23:30:00,141.069,0
2013-08-03 00:00:00,126.192,0
2013-08-03 00:30:00,115.463,0
2013-08-03 01:00:00,111.627,0
2013-08-03 01:30:00,102.091,0
2013-08-03 02:00:00,102.317,0
2013-08-03 02:30:00,101.707,0
2013-08-03 03:00:00,96.183,0
2013-08-03 03:30:00,95.155,0
2013-08-03 04:00:00,94.855,0
2013-08-03 04:30:00,98.056,0
2013-08-03 05:00:00,96.365,0
2013-08-03 05:30:00,108.287,0
2013-08-03 06:00:00,115.375,0
2013-08-03 06:30:00,126.317,0
2013-08-03 07:00:00,133.424,0
2013-08-03 07:30:00,156.703,0
2013-08-03 08:00:00,167.279,0
2013-08-03 08:30:00,173.156,0
2013-08-03 09:00:00,177.261,0
2013-08-03 09:30:00,173.387,0
2013-08-03 10:00:00,172.382,0
2013-08-03 10:30:00,180.213,0
2013-08-03 11:00:00,173.65,0
2013-08-03 11:30:00,172.355,0
2013-08-03 12:00:00,173.134,0
2013-08-03 12:30:00,163.424,0
2013-08-03 13:00:00,168.72,0
2013-08-03 13:30:00,173.009,0
2013-08-03 14:00:00,166.603,0
2013-08-03 14:30:00,164.983,0
2013-08-03 15:00:00,162.496,0
2013-08-03 15:30:00,166.384,0
2013-08-03 16:00:00,170.211,0
2013-08-03 16:30:00,187.694,0
2013-08-03 17:00:00,195.0,0
2013-08-03 17:30:00,200.361,0
2013-08-03 18:00:00,192.364,0
2013-08-03 18:30:00,194.219,0
2013-08-03 19:00:00,196.521,0
2013-08-03 19:30:00,191.569,0
2013-08-03 20:00:00,194.021,0
2013-08-03 20:30:00,205.825,0
2013-08-03 21:00:00,204.631,0
2013-08-03 21:30:00,202.0,0
2013-08-03 22:00:00,193.985,0
2013-08-03 22:30:00,171.401,0
2013-08-03 23:00:00,156.333,0
2013-08-03 23:30:00,140.968,0
2013-08-04 00:00:00,127.41,0
2013-08-04 00:30:00,116.932,0
2013-08-04 01:00:00,110.121,0
2013-08-04 01:30:00,106.202,0
2013-08-04 02:00:00,102.829,0
2013-08-04 02:30:00,99.7,0
2013-08-04 03:00:00,94.926,0
2013-08-04 03:30:00,93.062,0
2013-08-04 04:00:00,93.039,0
2013-08-04 04:30:00,96.472,0
2013-08-04 05:00:00,95.82,0
2013-08-04 05:30:00,102.685,0
2013-08-04 06:00:00,103.49,0
2013-08-04 06:30:00,117.174,0
2013-08-04 07:00:00,133.646,0
2013-08-04 07:30:00,148.578,0
2013-08-04 08:00:00,163.34,0
2013-08-04 08:30:00,174.285,0
2013-08-04 09:00:00,172.748,0
2013-08-04 09:30:00,186.876,0
2013-08-04 10:00:00,180.795,0
2013-08-04 10:30:00,186.62,0
2013-08-04 11:00:00,188.326,0
2013-08-04 11:30:00,195.435,0
2013-08-04 12:00:00,198.605,0
2013-08-04 12:30:00,196.899,0
2013-08-04 13:00:00,192.022,0
2013-08-04 13:30:00,181.527,0
2013-08-04 14:00:00,173.613,0
2013-08-04 14:30:00,178.404,0
2013-08-04 15:00:00,180.579,0
2013-08-04 15:30:00,189.758,0
2013-08-04 16:00:00,195.828,0
2013-08-04 16:30:00,196.859,0
2013-08-04 17:00:00,205.644,0
2013-08-04 17:30:00,212.934,0
2013-08-04 18:00:00,208.534,0
2013-08-04 18:30:00,215.425,0
2013-08-04 19:00:00,210.161,0
2013-08-04 19:30:00,215.82,0
2013-08-04 20:00:00,230.929,0
2013-08-04 20:30:00,231.646,0
2013-08-04 21:00:00,233.818,0
2013-08-04 21:30:00,215.634,0
2013-08-04 22:00:00,195.31,0
2013-08-04 22:30:00,173.978,0
2013-08-04 23:00:00,150.268,0
2013-08-04 23:30:00,134.329,0
2013-08-05 00:00:00,118.316,0
2013-08-05 00:30:00,112.985,0
2013-08-05 01:00:00,103.914,0
2013-08-05 01:30:00,100.374,0
2013-08-05 02:00:00,98.247,0
2013-08-05 02:30:00,97.805,0
2013-08-05 03:00:00,91.078,0
2013-08-05 03:30:00,90.34,0
2013-08-05 04:00:00,90.648,0
2013-08-05 04:30:00,96.97,0
2013-08-05 05:00:00,104.017,0
2013-08-05 05:30:00,109.241,0
2013-08-05 06:00:00,123.23,0
2013-08-05 06:30:00,142.598,0
2013-08-05 07:00:00,156.307,0
2013-08-05 07:30:00,164.692,0
2013-08-05 08:00:00,162.948,0
2013-08-05 08:30:00,151.06,0
2013-08-05 09:00:00,158.591,0
2013-08-05 09:30:00,163.014,0
2013-08-05 10:00:00,160.929,0
2013-08-05 10:30:00,155.685,0
2013-08-05 11:00:00,158.905,0
2013-08-05 11:30:00,167.595,0
2013-08-05 12:00:00,168.219,0
2013-08-05 12:30:00,174.082,0
2013-08-05 13:00:00,162.497,0
2013-08-05 13:30:00,160.82,0
2013-08-05 14:00:00,158.845,0
2013-08-05 14:30:00,157.16,0
2013-08-05 15:00:00,163.415,0
2013-08-05 15:30:00,178.035,0
2013-08-05 16:00:00,188.622,0
2013-08-05 16:30:00,199.908,0
2013-08-05 17:00:00,216.529,0
2013-08-05 17:30:00,223.436,0
2013-08-05 18:00:00,236.887,0
2013-08-05 18:30:00,237.189,0
2013-08-05 19:00:00,233.368,0
2013-08-05 19:30:00,223.949,0
2013-08-05 20:00:00,223.627,0
2013-08-05 20:30:00,231.574,0
2013-08-05 21:00:00,222.651,0
2013-08-05 21:30:00,221.279,0
2013-08-05 22:00:00,195.855,0
2013-08-05 22:30:00,176.442,0
2013-08-05 23:00:00,147.171,0
2013-08-05 23:30:00,129.15,0
2013-08-06 00:00:00,115.418,0
2013-08-06 00:30:00,105.24,0
2013-08-06 01:00:00,100.403,0
2013-08-06 01:30:00,99.814,0
2013-08-06 02:00:00,99.452,0
2013-08-06 02:30:00,99.07,0
2013-08-06 03:00:00,93.848,0
2013-08-06 03:30:00,91.021,0
2013-08-06 04:00:00,91.78,0
2013-08-06 04:30:00,97.252,0
2013-08-06 05:00:00,103.333,0
2013-08-06 05:30:00,105.896,0
2013-08-06 06:00:00,117.93,0
2013-08-06 06:30:00,136.603,0
2013-08-06 07:00:00,152.383,0
2013-08-06 07:30:00,163.279,0
2013-08-06 08:00:00,155.029,0
2013-08-06 08:30:00,157.735,0
2013-08-06 09:00:00,155.329,0
2013-08-06 09:30:00,158.107,0
2013-08-06 10:00:00,149.147,0
2013-08-06 10:30:00,144.692,0
2013-08-06 11:00:00,144.417,0
2013-08-06 11:30:00,151.013,0
2013-08-06 12:00:00,153.472,0
2013-08-06 12:30:00,149.069,0
2013-08-06 13:00:00,146.101,0
2013-08-06 13:30:00,144.561,0
2013-08-06 14:00:00,142.404,0
2013-08-06 14:30:00,148.068,0
2013-08-06 15:00:00,150.871,0
2013-08-06 15:30:00,150.302,0
2013-08-06 16:00:00,161.326,0
2013-08-06 16:30:00,207.782,0
2013-08-06 17:00:00,221.245,0
2013-08-06 17:30:00,233.981,0
2013-08-06 18:00:00,236.624,0
2013-08-06 18:30:00,239.297,0
2013-08-06 19:00:00,234.06,0
2013-08-06 19:30:00,236.636,0
2013-08-06 20:00:00,231.232,0
2013-08-06 20:30:00,246.351,0
2013-08-06 21:00:00,241.001,0
2013-08-06 21:30:00,230.735,0
2013-08-06 22:00:00,204.92,0
2013-08-06 22:30:00,177.047,0
2013-08-06 23:00:00,147.237,0
2013-08-06 23:30:00,131.211,0
2013-08-07 00:00:00,119.499,0
2013-08-07 00:30:00,105.307,0
2013-08-07 01:00:00,100.18,0
2013-08-07 01:30:00,97.38,0
2013-08-07 02:00:00,97.266,0
2013-08-07 02:30:00,95.93,0
2013-08-07 03:00:00,90.462,0
2013-08-07 03:30:00,91.464,0
2013-08-07 04:00:00,89.91,0
2013-08-07 04:30:00,93.239,0
2013-08-07 05:00:00,105.292,0
2013-08-07 05:30:00,113.224,0
2013-08-07 06:00:00,123.208,0
2013-08-07 06:30:00,145.083,0
2013-08-07 07:00:00,153.707,0
2013-08-07 07:30:00,166.102,0
2013-08-07 08:00:00,162.959,0
2013-08-07 08:30:00,159.226,0
2013-08-07 09:00:00,152.282,0
2013-08-07 09:30:00,155.595,0
2013-08-07 10:00:00,149.857,0
2013-08-07 10:30:00,146.875,0
2013-08-07 11:00:00,150.252,0
2013-08-07 11:30:00,160.759,0
2013-08-07 12:00:00,151.829,0
2013-08-07 12:30:00,149.437,0
2013-08-07 13:00:00,139.3,0
2013-08-07 13:30:00,139.688,0
2013-08-07 14:00:00,140.7,0
2013-08-07 14:30:00,140.589,0
2013-08-07 15:00:00,147.657,0
2013-08-07 15:30:00,155.293,0
2013-08-07 16:00:00,165.125,0
2013-08-07 16:30:00,174.085,0
2013-08-07 17:00:00,180.095,0
2013-08-07 17:30:00,203.842,0
2013-08-07 18:00:00,215.604,0
2013-08-07 18:30:00,207.722,0
2013-08-07 19:00:00,213.134,0
2013-08-07 19:30:00,217.147,0
2013-08-07 20:00:00,215.087,0
2013-08-07 20:30:00,232.543,0
2013-08-07 21:00:00,229.867,0
2013-08-07 21:30:00,219.449,0
2013-08-07 22:00:00,198.2,0
2013-08-07 22:30:00,170.858,0
2013-08-07 23:00:00,145.805,0
2013-08-07 23:30:00,130.257,0
2013-08-08 00:00:00,113.492,0
2013-08-08 00:30:00,105.915,0
2013-08-08 01:00:00,97.12,0
2013-08-08 01:30:00,95.31,0
2013-08-08 02:00:00,93.29,0
2013-08-08 02:30:00,94.431,0
2013-08-08 03:00:00,91.431,0
2013-08-08 03:30:00,88.343,0
2013-08-08 04:00:00,87.926,0
2013-08-08 04:30:00,95.86,0
2013-08-08 05:00:00,101.48,0
2013-08-08 05:30:00,107.298,0
2013-08-08 06:00:00,122.874,0
2013-08-08 06:30:00,143.898,0
2013-08-08 07:00:00,164.431,0
2013-08-08 07:30:00,166.429,0
2013-08-08 08:00:00,165.345,0
2013-08-08 08:30:00,160.577,0
2013-08-08 09:00:00,159.271,0
2013-08-08 09:30:00,158.678,0
2013-08-08 10:00:00,154.913,0
2013-08-08 10:30:00,153.984,0
2013-08-08 11:00:00,152.707,0
2013-08-08 11:30:00,153.74,0
2013-08-08 12:00:00,159.141,0
2013-08-08 12:30:00,149.092,0
2013-08-08 13:00:00,146.218,0
2013-08-08 13:30:00,149.019,0
2013-08-08 14:00:00,150.47,0
2013-08-08 14:30:00,149.104,0
2013-08-08 15:00:00,151.698,0
2013-08-08 15:30:00,159.8,0
2013-08-08 16:00:00,165.311,0
2013-08-08 16:30:00,174.85,0
2013-08-08 17:00:00,191.257,0
2013-08-08 17:30:00,211.912,0
2013-08-08 18:00:00,212.167,0
2013-08-08 18:30:00,211.339,0
2013-08-08 19:00:00,210.258,0
2013-08-08 19:30:00,220.117,0
2013-08-08 20:00:00,228.782,0
2013-08-08 20:30:00,236.261,0
2013-08-08 21:00:00,226.94,0
2013-08-08 21:30:00,218.86,0
2013-08-08 22:00:00,196.041,0
2013-08-08 22:30:00,169.648,0
2013-08-08 23:00:00,147.514,0
2013-08-08 23:30:00,130.372,0
2013-08-09 00:00:00,116.766,0
2013-08-09 00:30:00,104.733,0
2013-08-09 01:00:00,100.303,0
2013-08-09 01:30:00,97.502,0
2013-08-09 02:00:00,96.428,0
2013-08-09 02:30:00,95.925,0
2013-08-09 03:00:00,89.283,0
2013-08-09 03:30:00,87.924,0
2013-08-09 04:00:00,92.63,0
2013-08-09 04:30:00,95.891,0
2013-08-09 05:00:00,102.304,0
2013-08-09 05:30:00,112.004,0
2013-08-09 06:00:00,128.091,0
2013-08-09 06:30:00,136.48,0
2013-08-09 07:00:00,163.751,0
2013-08-09 07:30:00,159.221,0
2013-08-09 08:00:00,164.406,0
2013-08-09 08:30:00,159.514,0
2013-08-09 09:00:00,160.11,0
2013-08-09 09:30:00,162.969,0
2013-08-09 10:00:00,153.291,0
2013-08-09 10:30:00,154.343,0
2013-08-09 11:00:00,160.205,0
2013-08-09 11:30:00,160.67,0
2013-08-09 12:00:00,163.22,0
2013-08-09 12:30:00,161.823,0
2013-08-09 13:00:00,153.067,0
2013-08-09 13:30:00,147.078,0
2013-08-09 14:00:00,144.259,0
2013-08-09 14:30:00,148.769,0
2013-08-09 15:00:00,153.84,0
2013-08-09 15:30:00,158.732,0
2013-08-09 16:00:00,163.818,0
2013-08-09 16:30:00,210.596,0
2013-08-09 17:00:00,215.459,0
2013-08-09 17:30:00,223.225,0
2013-08-09 18:00:00,231.165,0
2013-08-09 18:30:00,233.098,0
2013-08-09 19:00:00,231.258,0
2013-08-09 19:30:00,216.314,0
2013-08-09 20:00:00,206.545,0
2013-08-09 20:30:00,217.215,0
2013-08-09 21:00:00,210.128,0
2013-08-09 21:30:00,203.347,0
2013-08-09 22:00:00,188.825,0
2013-08-09 22:30:00,166.677,0
2013-08-09 23:00:00,150.961,0
2013-08-09 23:30:00,133.882,0
2013-08-10 00:00:00,119.119,0
2013-08-10 00:30:00,110.155,0
2013-08-10 01:00:00,103.709,0
2013-08-10 01:30:00,101.632,0
2013-08-10 02:00:00,96.176,0
2013-08-10 02:30:00,96.725,0
2013-08-10 03:00:00,90.95,0
2013-08-10 03:30:00,91.512,0
2013-08-10 04:00:00,91.645,0
2013-08-10 04:30:00,92.725,0
2013-08-10 05:00:00,93.243,0
2013-08-10 05:30:00,104.946,0
2013-08-10 06:00:00,107.821,0
2013-08-10 06:30:00,125.213,0
2013-08-10 07:00:00,141.583,0
2013-08-10 07:30:00,145.415,0
2013-08-10 08:00:00,159.279,0
2013-08-10 08:30:00,175.754,0
2013-08-10 09:00:00,169.033,0
2013-08-10 09:30:00,165.36,0
2013-08-10 10:00:00,175.785,0
2013-08-10 10:30:00,166.713,0
2013-08-10 11:00:00,173.091,0
2013-08-10 11:30:00,180.829,0
2013-08-10 12:00:00,177.72,0
2013-08-10 12:30:00,169.669,0
2013-08-10 13:00:00,175.141,0
2013-08-10 13:30:00,167.104,0
2013-08-10 14:00:00,168.72899999999998,0
2013-08-10 14:30:00,169.317,0
2013-08-10 15:00:00,164.974,0
2013-08-10 15:30:00,169.999,0
2013-08-10 16:00:00,172.538,0
2013-08-10 16:30:00,180.951,0
2013-08-10 17:00:00,195.422,0
2013-08-10 17:30:00,189.908,0
2013-08-10 18:00:00,193.306,0
2013-08-10 18:30:00,195.953,0
2013-08-10 19:00:00,198.666,0
2013-08-10 19:30:00,208.78,0
2013-08-10 20:00:00,209.404,0
2013-08-10 20:30:00,218.184,0
2013-08-10 21:00:00,216.675,0
2013-08-10 21:30:00,205.775,0
2013-08-10 22:00:00,193.489,0
2013-08-10 22:30:00,174.392,0
2013-08-10 23:00:00,157.636,0
2013-08-10 23:30:00,139.47,0
2013-08-11 00:00:00,123.616,0
2013-08-11 00:30:00,111.955,0
2013-08-11 01:00:00,106.102,0
2013-08-11 01:30:00,99.125,0
2013-08-11 02:00:00,99.748,0
2013-08-11 02:30:00,96.161,0
2013-08-11 03:00:00,91.177,0
2013-08-11 03:30:00,91.149,0
2013-08-11 04:00:00,88.986,0
2013-08-11 04:30:00,91.132,0
2013-08-11 05:00:00,94.405,0
2013-08-11 05:30:00,99.455,0
2013-08-11 06:00:00,108.377,0
2013-08-11 06:30:00,115.86,0
2013-08-11 07:00:00,136.884,0
2013-08-11 07:30:00,152.604,0
2013-08-11 08:00:00,168.532,0
2013-08-11 08:30:00,173.126,0
2013-08-11 09:00:00,169.111,0
2013-08-11 09:30:00,182.879,0
2013-08-11 10:00:00,182.315,0
2013-08-11 10:30:00,185.192,0
2013-08-11 11:00:00,174.932,0
2013-08-11 11:30:00,184.025,0
2013-08-11 12:00:00,187.644,0
2013-08-11 12:30:00,183.923,0
2013-08-11 13:00:00,185.067,0
2013-08-11 13:30:00,176.059,0
2013-08-11 14:00:00,174.612,0
2013-08-11 14:30:00,175.622,0
2013-08-11 15:00:00,187.302,0
2013-08-11 15:30:00,177.069,0
2013-08-11 16:00:00,181.107,0
2013-08-11 16:30:00,187.337,0
2013-08-11 17:00:00,197.107,0
2013-08-11 17:30:00,206.211,0
2013-08-11 18:00:00,214.385,0
2013-08-11 18:30:00,210.319,0
2013-08-11 19:00:00,202.954,0
2013-08-11 19:30:00,207.361,0
2013-08-11 20:00:00,215.563,0
2013-08-11 20:30:00,227.659,0
2013-08-11 21:00:00,221.787,0
2013-08-11 21:30:00,217.303,0
2013-08-11 22:00:00,198.68,0
2013-08-11 22:30:00,173.884,0
2013-08-11 23:00:00,145.57,0
2013-08-11 23:30:00,132.372,0
2013-08-12 00:00:00,118.331,0
2013-08-12 00:30:00,109.226,0
2013-08-12 01:00:00,99.421,0
2013-08-12 01:30:00,97.994,0
2013-08-12 02:00:00,96.146,0
2013-08-12 02:30:00,95.116,0
2013-08-12 03:00:00,89.975,0
2013-08-12 03:30:00,89.035,0
2013-08-12 04:00:00,89.368,0
2013-08-12 04:30:00,94.531,0
2013-08-12 05:00:00,99.772,0
2013-08-12 05:30:00,106.362,0
2013-08-12 06:00:00,121.181,0
2013-08-12 06:30:00,140.825,0
2013-08-12 07:00:00,156.746,0
2013-08-12 07:30:00,163.034,0
2013-08-12 08:00:00,165.674,0
2013-08-12 08:30:00,157.833,0
2013-08-12 09:00:00,146.83,0
2013-08-12 09:30:00,156.605,0
2013-08-12 10:00:00,155.055,0
2013-08-12 10:30:00,152.052,0
2013-08-12 11:00:00,160.055,0
2013-08-12 11:30:00,159.598,0
2013-08-12 12:00:00,157.588,0
2013-08-12 12:30:00,155.59,0
2013-08-12 13:00:00,160.631,0
2013-08-12 13:30:00,154.243,0
2013-08-12 14:00:00,146.275,0
2013-08-12 14:30:00,156.464,0
2013-08-12 15:00:00,161.928,0
2013-08-12 15:30:00,165.868,0
2013-08-12 16:00:00,174.508,0
2013-08-12 16:30:00,182.52,0
2013-08-12 17:00:00,200.644,0
2013-08-12 17:30:00,208.686,0
2013-08-12 18:00:00,215.702,0
2013-08-12 18:30:00,220.639,0
2013-08-12 19:00:00,215.669,0
2013-08-12 19:30:00,228.32,0
2013-08-12 20:00:00,237.534,0
2013-08-12 20:30:00,235.087,0
2013-08-12 21:00:00,231.675,0
2013-08-12 21:30:00,219.001,0
2013-08-12 22:00:00,199.463,0
2013-08-12 22:30:00,169.457,0
2013-08-12 23:00:00,143.78,0
2013-08-12 23:30:00,127.079,0
2013-08-13 00:00:00,114.152,0
2013-08-13 00:30:00,106.112,0
2013-08-13 01:00:00,100.58,0
2013-08-13 01:30:00,95.125,0
2013-08-13 02:00:00,93.322,0
2013-08-13 02:30:00,93.441,0
2013-08-13 03:00:00,89.05,0
2013-08-13 03:30:00,88.782,0
2013-08-13 04:00:00,90.119,0
2013-08-13 04:30:00,93.476,0
2013-08-13 05:00:00,100.732,0
2013-08-13 05:30:00,109.2,0
2013-08-13 06:00:00,124.82,0
2013-08-13 06:30:00,135.078,0
2013-08-13 07:00:00,148.213,0
2013-08-13 07:30:00,159.958,0
2013-08-13 08:00:00,156.202,0
2013-08-13 08:30:00,155.483,0
2013-08-13 09:00:00,153.46,0
2013-08-13 09:30:00,157.762,0
2013-08-13 10:00:00,150.905,0
2013-08-13 10:30:00,151.916,0
2013-08-13 11:00:00,153.084,0
2013-08-13 11:30:00,155.6,0
2013-08-13 12:00:00,153.494,0
2013-08-13 12:30:00,151.845,0
2013-08-13 13:00:00,149.63,0
2013-08-13 13:30:00,183.081,0
2013-08-13 14:00:00,177.434,0
2013-08-13 14:30:00,188.053,0
2013-08-13 15:00:00,180.812,0
2013-08-13 15:30:00,184.834,0
2013-08-13 16:00:00,196.575,0
2013-08-13 16:30:00,208.334,0
2013-08-13 17:00:00,203.971,0
2013-08-13 17:30:00,221.067,0
2013-08-13 18:00:00,232.576,0
2013-08-13 18:30:00,227.89,0
2013-08-13 19:00:00,217.503,0
2013-08-13 19:30:00,216.075,0
2013-08-13 20:00:00,223.681,0
2013-08-13 20:30:00,237.726,0
2013-08-13 21:00:00,229.638,0
2013-08-13 21:30:00,220.11,0
2013-08-13 22:00:00,203.161,0
2013-08-13 22:30:00,174.858,0
2013-08-13 23:00:00,148.759,0
2013-08-13 23:30:00,126.055,0
2013-08-14 00:00:00,110.7,0
2013-08-14 00:30:00,102.585,0
2013-08-14 01:00:00,94.089,0
2013-08-14 01:30:00,93.367,0
2013-08-14 02:00:00,93.197,0
2013-08-14 02:30:00,89.878,0
2013-08-14 03:00:00,86.988,0
2013-08-14 03:30:00,88.22,0
2013-08-14 04:00:00,86.98,0
2013-08-14 04:30:00,92.113,0
2013-08-14 05:00:00,101.357,0
2013-08-14 05:30:00,113.678,0
2013-08-14 06:00:00,122.639,0
2013-08-14 06:30:00,140.703,0
2013-08-14 07:00:00,163.845,0
2013-08-14 07:30:00,164.033,0
2013-08-14 08:00:00,156.227,0
2013-08-14 08:30:00,163.793,0
2013-08-14 09:00:00,157.702,0
2013-08-14 09:30:00,158.121,0
2013-08-14 10:00:00,153.07,0
2013-08-14 10:30:00,150.781,0
2013-08-14 11:00:00,150.461,0
2013-08-14 11:30:00,160.355,0
2013-08-14 12:00:00,159.908,0
2013-08-14 12:30:00,160.157,0
2013-08-14 13:00:00,155.98,0
2013-08-14 13:30:00,149.142,0
2013-08-14 14:00:00,144.209,0
2013-08-14 14:30:00,147.732,0
2013-08-14 15:00:00,150.595,0
2013-08-14 15:30:00,164.315,0
2013-08-14 16:00:00,171.94,0
2013-08-14 16:30:00,182.256,0
2013-08-14 17:00:00,202.42,0
2013-08-14 17:30:00,226.929,0
2013-08-14 18:00:00,230.798,0
2013-08-14 18:30:00,224.187,0
2013-08-14 19:00:00,228.059,0
2013-08-14 19:30:00,225.874,0
2013-08-14 20:00:00,232.662,0
2013-08-14 20:30:00,230.669,0
2013-08-14 21:00:00,219.642,0
2013-08-14 21:30:00,222.412,0
2013-08-14 22:00:00,196.056,0
2013-08-14 22:30:00,168.346,0
2013-08-14 23:00:00,145.281,0
2013-08-14 23:30:00,128.401,0
2013-08-15 00:00:00,115.874,0
2013-08-15 00:30:00,106.98,0
2013-08-15 01:00:00,97.613,0
2013-08-15 01:30:00,97.366,0
2013-08-15 02:00:00,95.483,0
2013-08-15 02:30:00,92.133,0
2013-08-15 03:00:00,88.089,0
2013-08-15 03:30:00,87.562,0
2013-08-15 04:00:00,87.102,0
2013-08-15 04:30:00,94.375,0
2013-08-15 05:00:00,102.118,0
2013-08-15 05:30:00,108.913,0
2013-08-15 06:00:00,121.705,0
2013-08-15 06:30:00,141.497,0
2013-08-15 07:00:00,156.037,0
2013-08-15 07:30:00,165.357,0
2013-08-15 08:00:00,167.223,0
2013-08-15 08:30:00,164.90200000000002,0
2013-08-15 09:00:00,160.877,0
2013-08-15 09:30:00,155.673,0
2013-08-15 10:00:00,158.563,0
2013-08-15 10:30:00,150.897,0
2013-08-15 11:00:00,152.452,0
2013-08-15 11:30:00,160.437,0
2013-08-15 12:00:00,163.647,0
2013-08-15 12:30:00,155.105,0
2013-08-15 13:00:00,155.686,0
2013-08-15 13:30:00,151.53,0
2013-08-15 14:00:00,151.802,0
2013-08-15 14:30:00,161.4,0
2013-08-15 15:00:00,160.676,0
2013-08-15 15:30:00,171.968,0
2013-08-15 16:00:00,174.143,0
2013-08-15 16:30:00,190.291,0
2013-08-15 17:00:00,200.098,0
2013-08-15 17:30:00,214.307,0
2013-08-15 18:00:00,211.319,0
2013-08-15 18:30:00,212.461,0
2013-08-15 19:00:00,213.445,0
2013-08-15 19:30:00,215.115,0
2013-08-15 20:00:00,228.267,0
2013-08-15 20:30:00,241.038,0
2013-08-15 21:00:00,226.71,0
2013-08-15 21:30:00,220.325,0
2013-08-15 22:00:00,202.32,0
2013-08-15 22:30:00,175.877,0
2013-08-15 23:00:00,155.688,0
2013-08-15 23:30:00,137.066,0
2013-08-16 00:00:00,117.813,0
2013-08-16 00:30:00,105.698,0
2013-08-16 01:00:00,102.173,0
2013-08-16 01:30:00,95.478,0
2013-08-16 02:00:00,96.774,0
2013-08-16 02:30:00,97.833,0
2013-08-16 03:00:00,92.501,0
2013-08-16 03:30:00,88.464,0
2013-08-16 04:00:00,90.169,0
2013-08-16 04:30:00,101.021,0
2013-08-16 05:00:00,104.113,0
2013-08-16 05:30:00,113.93,0
2013-08-16 06:00:00,120.701,0
2013-08-16 06:30:00,138.817,0
2013-08-16 07:00:00,157.393,0
2013-08-16 07:30:00,169.257,0
2013-08-16 08:00:00,170.278,0
2013-08-16 08:30:00,176.509,0
2013-08-16 09:00:00,173.299,0
2013-08-16 09:30:00,171.782,0
2013-08-16 10:00:00,163.556,0
2013-08-16 10:30:00,160.118,0
2013-08-16 11:00:00,170.223,0
2013-08-16 11:30:00,175.785,0
2013-08-16 12:00:00,171.973,0
2013-08-16 12:30:00,173.015,0
2013-08-16 13:00:00,172.4,0
2013-08-16 13:30:00,169.069,0
2013-08-16 14:00:00,164.669,0
2013-08-16 14:30:00,171.532,0
2013-08-16 15:00:00,170.175,0
2013-08-16 15:30:00,172.832,0
2013-08-16 16:00:00,172.734,0
2013-08-16 16:30:00,186.578,0
2013-08-16 17:00:00,190.704,0
2013-08-16 17:30:00,203.368,0
2013-08-16 18:00:00,214.214,0
2013-08-16 18:30:00,214.392,0
2013-08-16 19:00:00,209.99,0
2013-08-16 19:30:00,203.108,0
2013-08-16 20:00:00,224.844,0
2013-08-16 20:30:00,230.286,0
2013-08-16 21:00:00,218.125,0
2013-08-16 21:30:00,205.328,0
2013-08-16 22:00:00,198.264,0
2013-08-16 22:30:00,176.467,0
2013-08-16 23:00:00,154.397,0
2013-08-16 23:30:00,142.065,0
2013-08-17 00:00:00,125.455,0
2013-08-17 00:30:00,114.965,0
2013-08-17 01:00:00,108.19,0
2013-08-17 01:30:00,102.024,0
2013-08-17 02:00:00,98.112,0
2013-08-17 02:30:00,98.221,0
2013-08-17 03:00:00,92.74,0
2013-08-17 03:30:00,90.609,0
2013-08-17 04:00:00,90.31,0
2013-08-17 04:30:00,91.788,0
2013-08-17 05:00:00,93.173,0
2013-08-17 05:30:00,103.022,0
2013-08-17 06:00:00,110.819,0
2013-08-17 06:30:00,129.114,0
2013-08-17 07:00:00,139.182,0
2013-08-17 07:30:00,155.09,0
2013-08-17 08:00:00,168.265,0
2013-08-17 08:30:00,175.82,0
2013-08-17 09:00:00,171.162,0
2013-08-17 09:30:00,172.72,0
2013-08-17 10:00:00,176.649,0
2013-08-17 10:30:00,177.277,0
2013-08-17 11:00:00,177.12,0
2013-08-17 11:30:00,174.646,0
2013-08-17 12:00:00,186.284,0
2013-08-17 12:30:00,183.865,0
2013-08-17 13:00:00,176.977,0
2013-08-17 13:30:00,176.431,0
2013-08-17 14:00:00,165.488,0
2013-08-17 14:30:00,177.47,0
2013-08-17 15:00:00,175.241,0
2013-08-17 15:30:00,173.902,0
2013-08-17 16:00:00,186.456,0
2013-08-17 16:30:00,189.748,0
2013-08-17 17:00:00,206.669,0
2013-08-17 17:30:00,213.822,0
2013-08-17 18:00:00,210.124,0
2013-08-17 18:30:00,220.069,0
2013-08-17 19:00:00,225.311,0
2013-08-17 19:30:00,227.009,0
2013-08-17 20:00:00,220.312,0
2013-08-17 20:30:00,225.481,0
2013-08-17 21:00:00,220.964,0
2013-08-17 21:30:00,209.907,0
2013-08-17 22:00:00,197.428,0
2013-08-17 22:30:00,178.971,0
2013-08-17 23:00:00,157.289,0
2013-08-17 23:30:00,143.469,0
2013-08-18 00:00:00,122.589,0
2013-08-18 00:30:00,111.315,0
2013-08-18 01:00:00,103.295,0
2013-08-18 01:30:00,102.414,0
2013-08-18 02:00:00,98.439,0
2013-08-18 02:30:00,99.348,0
2013-08-18 03:00:00,92.83,0
2013-08-18 03:30:00,89.668,0
2013-08-18 04:00:00,90.403,0
2013-08-18 04:30:00,91.654,0
2013-08-18 05:00:00,98.044,0
2013-08-18 05:30:00,98.172,0
2013-08-18 06:00:00,107.207,0
2013-08-18 06:30:00,118.544,0
2013-08-18 07:00:00,129.955,0
2013-08-18 07:30:00,141.904,0
2013-08-18 08:00:00,155.604,0
2013-08-18 08:30:00,164.823,0
2013-08-18 09:00:00,170.84,0
2013-08-18 09:30:00,167.139,0
2013-08-18 10:00:00,166.217,0
2013-08-18 10:30:00,193.508,0
2013-08-18 11:00:00,200.328,0
2013-08-18 11:30:00,205.9,0
2013-08-18 12:00:00,211.52,0
2013-08-18 12:30:00,212.341,0
2013-08-18 13:00:00,202.802,0
2013-08-18 13:30:00,197.515,0
2013-08-18 14:00:00,180.382,0
2013-08-18 14:30:00,179.36,0
2013-08-18 15:00:00,177.304,0
2013-08-18 15:30:00,185.216,0
2013-08-18 16:00:00,191.236,0
2013-08-18 16:30:00,204.15,0
2013-08-18 17:00:00,207.088,0
2013-08-18 17:30:00,204.855,0
2013-08-18 18:00:00,214.156,0
2013-08-18 18:30:00,221.528,0
2013-08-18 19:00:00,214.96,0
2013-08-18 19:30:00,224.81,0
2013-08-18 20:00:00,233.853,0
2013-08-18 20:30:00,236.413,0
2013-08-18 21:00:00,226.59,0
2013-08-18 21:30:00,221.139,0
2013-08-18 22:00:00,195.816,0
2013-08-18 22:30:00,167.516,0
2013-08-18 23:00:00,143.801,0
2013-08-18 23:30:00,128.35,0
2013-08-19 00:00:00,116.277,0
2013-08-19 00:30:00,107.995,0
2013-08-19 01:00:00,99.737,0
2013-08-19 01:30:00,97.401,0
2013-08-19 02:00:00,95.765,0
2013-08-19 02:30:00,93.023,0
2013-08-19 03:00:00,87.642,0
2013-08-19 03:30:00,88.14,0
2013-08-19 04:00:00,85.335,0
2013-08-19 04:30:00,92.069,0
2013-08-19 05:00:00,99.421,0
2013-08-19 05:30:00,113.914,0
2013-08-19 06:00:00,131.25,0
2013-08-19 06:30:00,146.702,0
2013-08-19 07:00:00,150.443,0
2013-08-19 07:30:00,154.686,0
2013-08-19 08:00:00,158.317,0
2013-08-19 08:30:00,163.218,0
2013-08-19 09:00:00,160.598,0
2013-08-19 09:30:00,156.221,0
2013-08-19 10:00:00,153.164,0
2013-08-19 10:30:00,150.169,0
2013-08-19 11:00:00,156.373,0
2013-08-19 11:30:00,159.017,0
2013-08-19 12:00:00,171.183,0
2013-08-19 12:30:00,162.519,0
2013-08-19 13:00:00,150.852,0
2013-08-19 13:30:00,159.84,0
2013-08-19 14:00:00,156.819,0
2013-08-19 14:30:00,153.364,0
2013-08-19 15:00:00,154.801,0
2013-08-19 15:30:00,157.768,0
2013-08-19 16:00:00,171.018,0
2013-08-19 16:30:00,184.427,0
2013-08-19 17:00:00,200.171,0
2013-08-19 17:30:00,215.276,0
2013-08-19 18:00:00,221.641,0
2013-08-19 18:30:00,209.8,0
2013-08-19 19:00:00,211.849,0
2013-08-19 19:30:00,228.55,0
2013-08-19 20:00:00,246.795,0
2013-08-19 20:30:00,247.747,0
2013-08-19 21:00:00,233.395,0
2013-08-19 21:30:00,214.828,0
2013-08-19 22:00:00,191.908,0
2013-08-19 22:30:00,164.706,0
2013-08-19 23:00:00,147.965,0
2013-08-19 23:30:00,130.537,0
2013-08-20 00:00:00,114.398,0
2013-08-20 00:30:00,109.007,0
2013-08-20 01:00:00,98.915,0
2013-08-20 01:30:00,95.693,0
2013-08-20 02:00:00,96.924,0
2013-08-20 02:30:00,94.616,0
2013-08-20 03:00:00,87.761,0
2013-08-20 03:30:00,89.998,0
2013-08-20 04:00:00,87.389,0
2013-08-20 04:30:00,92.175,0
2013-08-20 05:00:00,104.331,0
2013-08-20 05:30:00,115.981,0
2013-08-20 06:00:00,124.133,0
2013-08-20 06:30:00,136.583,0
2013-08-20 07:00:00,152.881,0
2013-08-20 07:30:00,164.385,0
2013-08-20 08:00:00,166.894,0
2013-08-20 08:30:00,162.125,0
2013-08-20 09:00:00,164.589,0
2013-08-20 09:30:00,155.686,0
2013-08-20 10:00:00,153.212,0
2013-08-20 10:30:00,157.822,0
2013-08-20 11:00:00,162.346,0
2013-08-20 11:30:00,157.968,0
2013-08-20 12:00:00,164.749,0
2013-08-20 12:30:00,163.296,0
2013-08-20 13:00:00,148.531,0
2013-08-20 13:30:00,152.993,0
2013-08-20 14:00:00,146.775,0
2013-08-20 14:30:00,146.172,0
2013-08-20 15:00:00,148.523,0
2013-08-20 15:30:00,154.815,0
2013-08-20 16:00:00,165.136,0
2013-08-20 16:30:00,182.894,0
2013-08-20 17:00:00,192.438,0
2013-08-20 17:30:00,196.248,0
2013-08-20 18:00:00,202.387,0
2013-08-20 18:30:00,213.824,0
2013-08-20 19:00:00,221.53,0
2013-08-20 19:30:00,225.69,0
2013-08-20 20:00:00,235.81,0
2013-08-20 20:30:00,243.27,0
2013-08-20 21:00:00,228.184,0
2013-08-20 21:30:00,219.407,0
2013-08-20 22:00:00,202.731,0
2013-08-20 22:30:00,173.506,0
2013-08-20 23:00:00,155.7,0
2013-08-20 23:30:00,134.785,0
2013-08-21 00:00:00,120.541,0
2013-08-21 00:30:00,106.572,0
2013-08-21 01:00:00,99.898,0
2013-08-21 01:30:00,96.454,0
2013-08-21 02:00:00,96.064,0
2013-08-21 02:30:00,92.269,0
2013-08-21 03:00:00,91.076,0
2013-08-21 03:30:00,88.477,0
2013-08-21 04:00:00,90.218,0
2013-08-21 04:30:00,92.857,0
2013-08-21 05:00:00,100.084,0
2013-08-21 05:30:00,111.394,0
2013-08-21 06:00:00,124.895,0
2013-08-21 06:30:00,145.825,0
2013-08-21 07:00:00,154.947,0
2013-08-21 07:30:00,161.349,0
2013-08-21 08:00:00,166.093,0
2013-08-21 08:30:00,166.253,0
2013-08-21 09:00:00,165.308,0
2013-08-21 09:30:00,167.403,0
2013-08-21 10:00:00,165.044,0
2013-08-21 10:30:00,168.278,0
2013-08-21 11:00:00,165.437,0
2013-08-21 11:30:00,162.571,0
2013-08-21 12:00:00,168.458,0
2013-08-21 12:30:00,159.814,0
2013-08-21 13:00:00,162.299,0
2013-08-21 13:30:00,160.533,0
2013-08-21 14:00:00,154.874,0
2013-08-21 14:30:00,149.835,0
2013-08-21 15:00:00,155.408,0
2013-08-21 15:30:00,154.849,0
2013-08-21 16:00:00,173.489,0
2013-08-21 16:30:00,190.088,0
2013-08-21 17:00:00,195.981,0
2013-08-21 17:30:00,205.887,0
2013-08-21 18:00:00,211.785,0
2013-08-21 18:30:00,219.921,0
2013-08-21 19:00:00,223.069,0
2013-08-21 19:30:00,232.127,0
2013-08-21 20:00:00,240.686,0
2013-08-21 20:30:00,239.684,0
2013-08-21 21:00:00,231.461,0
2013-08-21 21:30:00,221.288,0
2013-08-21 22:00:00,197.833,0
2013-08-21 22:30:00,174.977,0
2013-08-21 23:00:00,152.846,0
2013-08-21 23:30:00,131.541,0
2013-08-22 00:00:00,113.159,0
2013-08-22 00:30:00,107.683,0
2013-08-22 01:00:00,101.609,0
2013-08-22 01:30:00,95.447,0
2013-08-22 02:00:00,97.629,0
2013-08-22 02:30:00,97.797,0
2013-08-22 03:00:00,92.473,0
2013-08-22 03:30:00,90.491,0
2013-08-22 04:00:00,91.48,0
2013-08-22 04:30:00,93.643,0
2013-08-22 05:00:00,102.823,0
2013-08-22 05:30:00,115.611,0
2013-08-22 06:00:00,126.597,0
2013-08-22 06:30:00,145.043,0
2013-08-22 07:00:00,152.655,0
2013-08-22 07:30:00,174.525,0
2013-08-22 08:00:00,178.143,0
2013-08-22 08:30:00,170.742,0
2013-08-22 09:00:00,163.849,0
2013-08-22 09:30:00,161.989,0
2013-08-22 10:00:00,161.706,0
2013-08-22 10:30:00,176.925,0
2013-08-22 11:00:00,180.476,0
2013-08-22 11:30:00,170.925,0
2013-08-22 12:00:00,168.238,0
2013-08-22 12:30:00,169.997,0
2013-08-22 13:00:00,168.192,0
2013-08-22 13:30:00,175.68,0
2013-08-22 14:00:00,170.251,0
2013-08-22 14:30:00,162.169,0
2013-08-22 15:00:00,161.94,0
2013-08-22 15:30:00,166.824,0
2013-08-22 16:00:00,176.462,0
2013-08-22 16:30:00,187.654,0
2013-08-22 17:00:00,191.113,0
2013-08-22 17:30:00,208.054,0
2013-08-22 18:00:00,211.903,0
2013-08-22 18:30:00,220.923,0
2013-08-22 19:00:00,216.064,0
2013-08-22 19:30:00,237.43,0
2013-08-22 20:00:00,241.548,0
2013-08-22 20:30:00,242.288,0
2013-08-22 21:00:00,230.91,0
2013-08-22 21:30:00,216.632,0
2013-08-22 22:00:00,200.032,0
2013-08-22 22:30:00,175.323,0
2013-08-22 23:00:00,153.825,0
2013-08-22 23:30:00,136.194,0
2013-08-23 00:00:00,121.515,0
2013-08-23 00:30:00,107.117,0
2013-08-23 01:00:00,105.835,0
2013-08-23 01:30:00,98.346,0
2013-08-23 02:00:00,98.824,0
2013-08-23 02:30:00,97.4,0
2013-08-23 03:00:00,92.051,0
2013-08-23 03:30:00,89.494,0
2013-08-23 04:00:00,93.527,0
2013-08-23 04:30:00,99.036,0
2013-08-23 05:00:00,102.811,0
2013-08-23 05:30:00,109.472,0
2013-08-23 06:00:00,126.39,0
2013-08-23 06:30:00,144.655,0
2013-08-23 07:00:00,160.112,0
2013-08-23 07:30:00,169.417,0
2013-08-23 08:00:00,166.552,0
2013-08-23 08:30:00,168.155,0
2013-08-23 09:00:00,175.394,0
2013-08-23 09:30:00,168.23,0
2013-08-23 10:00:00,161.529,0
2013-08-23 10:30:00,162.888,0
2013-08-23 11:00:00,168.621,0
2013-08-23 11:30:00,175.088,0
2013-08-23 12:00:00,174.499,0
2013-08-23 12:30:00,163.764,0
2013-08-23 13:00:00,160.149,0
2013-08-23 13:30:00,159.91,0
2013-08-23 14:00:00,161.089,0
2013-08-23 14:30:00,165.626,0
2013-08-23 15:00:00,166.771,0
2013-08-23 15:30:00,163.624,0
2013-08-23 16:00:00,171.592,0
2013-08-23 16:30:00,192.316,0
2013-08-23 17:00:00,198.378,0
2013-08-23 17:30:00,221.781,0
2013-08-23 18:00:00,224.763,0
2013-08-23 18:30:00,225.028,0
2013-08-23 19:00:00,223.531,0
2013-08-23 19:30:00,231.845,0
2013-08-23 20:00:00,232.823,0
2013-08-23 20:30:00,229.075,0
2013-08-23 21:00:00,222.896,0
2013-08-23 21:30:00,210.331,0
2013-08-23 22:00:00,197.085,0
2013-08-23 22:30:00,175.572,0
2013-08-23 23:00:00,157.303,0
2013-08-23 23:30:00,142.546,0
2013-08-24 00:00:00,125.442,0
2013-08-24 00:30:00,116.632,0
2013-08-24 01:00:00,106.795,0
2013-08-24 01:30:00,106.171,0
2013-08-24 02:00:00,103.019,0
2013-08-24 02:30:00,100.319,0
2013-08-24 03:00:00,96.278,0
2013-08-24 03:30:00,92.253,0
2013-08-24 04:00:00,92.731,0
2013-08-24 04:30:00,94.4,0
2013-08-24 05:00:00,100.577,0
2013-08-24 05:30:00,108.72,0
2013-08-24 06:00:00,121.723,0
2013-08-24 06:30:00,127.075,0
2013-08-24 07:00:00,141.986,0
2013-08-24 07:30:00,156.957,0
2013-08-24 08:00:00,158.011,0
2013-08-24 08:30:00,171.997,0
2013-08-24 09:00:00,177.791,0
2013-08-24 09:30:00,175.465,0
2013-08-24 10:00:00,178.037,0
2013-08-24 10:30:00,181.724,0
2013-08-24 11:00:00,186.891,0
2013-08-24 11:30:00,184.406,0
2013-08-24 12:00:00,188.446,0
2013-08-24 12:30:00,196.614,0
2013-08-24 13:00:00,185.38,0
2013-08-24 13:30:00,184.007,0
2013-08-24 14:00:00,187.202,0
2013-08-24 14:30:00,180.484,0
2013-08-24 15:00:00,182.517,0
2013-08-24 15:30:00,192.8,0
2013-08-24 16:00:00,199.47,0
2013-08-24 16:30:00,212.604,0
2013-08-24 17:00:00,212.619,0
2013-08-24 17:30:00,225.151,0
2013-08-24 18:00:00,227.553,0
2013-08-24 18:30:00,231.008,0
2013-08-24 19:00:00,233.623,0
2013-08-24 19:30:00,233.525,0
2013-08-24 20:00:00,232.031,0
2013-08-24 20:30:00,226.722,0
2013-08-24 21:00:00,224.364,0
2013-08-24 21:30:00,214.342,0
2013-08-24 22:00:00,192.829,0
2013-08-24 22:30:00,178.116,0
2013-08-24 23:00:00,157.973,0
2013-08-24 23:30:00,144.176,0
2013-08-25 00:00:00,127.183,0
2013-08-25 00:30:00,112.897,0
2013-08-25 01:00:00,106.587,0
2013-08-25 01:30:00,100.303,0
2013-08-25 02:00:00,95.297,0
2013-08-25 02:30:00,94.685,0
2013-08-25 03:00:00,89.832,0
2013-08-25 03:30:00,88.872,0
2013-08-25 04:00:00,88.656,0
2013-08-25 04:30:00,89.028,0
2013-08-25 05:00:00,94.917,0
2013-08-25 05:30:00,101.053,0
2013-08-25 06:00:00,109.215,0
2013-08-25 06:30:00,118.435,0
2013-08-25 07:00:00,131.841,0
2013-08-25 07:30:00,146.023,0
2013-08-25 08:00:00,168.896,0
2013-08-25 08:30:00,184.398,0
2013-08-25 09:00:00,190.405,0
2013-08-25 09:30:00,187.408,0
2013-08-25 10:00:00,190.933,0
2013-08-25 10:30:00,185.629,0
2013-08-25 11:00:00,196.53,0
2013-08-25 11:30:00,193.635,0
2013-08-25 12:00:00,202.772,0
2013-08-25 12:30:00,192.758,0
2013-08-25 13:00:00,198.82,0
2013-08-25 13:30:00,188.512,0
2013-08-25 14:00:00,187.267,0
2013-08-25 14:30:00,183.89,0
2013-08-25 15:00:00,175.569,0
2013-08-25 15:30:00,176.916,0
2013-08-25 16:00:00,185.066,0
2013-08-25 16:30:00,196.137,0
2013-08-25 17:00:00,201.264,0
2013-08-25 17:30:00,207.396,0
2013-08-25 18:00:00,202.777,0
2013-08-25 18:30:00,208.947,0
2013-08-25 19:00:00,198.213,0
2013-08-25 19:30:00,249.501,0
2013-08-25 20:00:00,251.578,0
2013-08-25 20:30:00,249.353,0
2013-08-25 21:00:00,243.016,0
2013-08-25 21:30:00,223.228,0
2013-08-25 22:00:00,208.651,0
2013-08-25 22:30:00,178.502,0
2013-08-25 23:00:00,152.843,0
2013-08-25 23:30:00,135.585,0
2013-08-26 00:00:00,119.656,0
2013-08-26 00:30:00,107.75,0
2013-08-26 01:00:00,102.645,0
2013-08-26 01:30:00,96.703,0
2013-08-26 02:00:00,97.073,0
2013-08-26 02:30:00,97.094,0
2013-08-26 03:00:00,90.823,0
2013-08-26 03:30:00,90.147,0
2013-08-26 04:00:00,88.756,0
2013-08-26 04:30:00,91.196,0
2013-08-26 05:00:00,92.507,0
2013-08-26 05:30:00,102.591,0
2013-08-26 06:00:00,105.572,0
2013-08-26 06:30:00,115.332,0
2013-08-26 07:00:00,130.944,0
2013-08-26 07:30:00,144.275,0
2013-08-26 08:00:00,157.263,0
2013-08-26 08:30:00,165.534,0
2013-08-26 09:00:00,176.568,0
2013-08-26 09:30:00,176.212,0
2013-08-26 10:00:00,180.479,0
2013-08-26 10:30:00,180.823,0
2013-08-26 11:00:00,182.106,0
2013-08-26 11:30:00,172.107,0
2013-08-26 12:00:00,177.465,0
2013-08-26 12:30:00,181.284,0
2013-08-26 13:00:00,174.034,0
2013-08-26 13:30:00,170.443,0
2013-08-26 14:00:00,164.485,0
2013-08-26 14:30:00,167.082,0
2013-08-26 15:00:00,162.529,0
2013-08-26 15:30:00,173.548,0
2013-08-26 16:00:00,168.009,0
2013-08-26 16:30:00,187.296,0
2013-08-26 17:00:00,192.716,0
2013-08-26 17:30:00,212.332,0
2013-08-26 18:00:00,220.196,0
2013-08-26 18:30:00,211.234,0
2013-08-26 19:00:00,219.793,0
2013-08-26 19:30:00,239.407,0
2013-08-26 20:00:00,247.619,0
2013-08-26 20:30:00,235.27,0
2013-08-26 21:00:00,233.777,0
2013-08-26 21:30:00,218.353,0
2013-08-26 22:00:00,198.027,0
2013-08-26 22:30:00,173.693,0
2013-08-26 23:00:00,151.004,0
2013-08-26 23:30:00,130.25,0
2013-08-27 00:00:00,116.565,0
2013-08-27 00:30:00,106.22,0
2013-08-27 01:00:00,97.118,0
2013-08-27 01:30:00,96.243,0
2013-08-27 02:00:00,96.283,0
2013-08-27 02:30:00,95.599,0
2013-08-27 03:00:00,90.534,0
2013-08-27 03:30:00,88.34,0
2013-08-27 04:00:00,86.099,0
2013-08-27 04:30:00,94.604,0
2013-08-27 05:00:00,100.657,0
2013-08-27 05:30:00,109.874,0
2013-08-27 06:00:00,118.377,0
2013-08-27 06:30:00,138.341,0
2013-08-27 07:00:00,163.035,0
2013-08-27 07:30:00,166.586,0
2013-08-27 08:00:00,162.093,0
2013-08-27 08:30:00,163.64600000000002,0
2013-08-27 09:00:00,166.503,0
2013-08-27 09:30:00,164.033,0
2013-08-27 10:00:00,153.416,0
2013-08-27 10:30:00,162.221,0
2013-08-27 11:00:00,157.56,0
2013-08-27 11:30:00,164.535,0
2013-08-27 12:00:00,159.138,0
2013-08-27 12:30:00,159.953,0
2013-08-27 13:00:00,152.152,0
2013-08-27 13:30:00,155.43,0
2013-08-27 14:00:00,159.046,0
2013-08-27 14:30:00,154.348,0
2013-08-27 15:00:00,148.235,0
2013-08-27 15:30:00,158.744,0
2013-08-27 16:00:00,166.839,0
2013-08-27 16:30:00,179.892,0
2013-08-27 17:00:00,190.874,0
2013-08-27 17:30:00,203.074,0
2013-08-27 18:00:00,215.997,0
2013-08-27 18:30:00,224.886,0
2013-08-27 19:00:00,217.62,0
2013-08-27 19:30:00,246.691,0
2013-08-27 20:00:00,248.926,0
2013-08-27 20:30:00,240.511,0
2013-08-27 21:00:00,231.958,0
2013-08-27 21:30:00,229.736,0
2013-08-27 22:00:00,205.92,0
2013-08-27 22:30:00,175.765,0
2013-08-27 23:00:00,147.46,0
2013-08-27 23:30:00,124.442,0
2013-08-28 00:00:00,109.692,0
2013-08-28 00:30:00,102.695,0
2013-08-28 01:00:00,94.736,0
2013-08-28 01:30:00,90.292,0
2013-08-28 02:00:00,90.571,0
2013-08-28 02:30:00,90.62,0
2013-08-28 03:00:00,89.152,0
2013-08-28 03:30:00,87.357,0
2013-08-28 04:00:00,90.314,0
2013-08-28 04:30:00,94.005,0
2013-08-28 05:00:00,98.665,0
2013-08-28 05:30:00,105.947,0
2013-08-28 06:00:00,127.612,0
2013-08-28 06:30:00,145.994,0
2013-08-28 07:00:00,154.894,0
2013-08-28 07:30:00,155.381,0
2013-08-28 08:00:00,154.932,0
2013-08-28 08:30:00,159.297,0
2013-08-28 09:00:00,156.513,0
2013-08-28 09:30:00,154.905,0
2013-08-28 10:00:00,150.74,0
2013-08-28 10:30:00,151.831,0
2013-08-28 11:00:00,155.609,0
2013-08-28 11:30:00,157.326,0
2013-08-28 12:00:00,154.806,0
2013-08-28 12:30:00,151.381,0
2013-08-28 13:00:00,150.21,0
2013-08-28 13:30:00,144.261,0
2013-08-28 14:00:00,141.43,0
2013-08-28 14:30:00,142.618,0
2013-08-28 15:00:00,147.958,0
2013-08-28 15:30:00,145.486,0
2013-08-28 16:00:00,155.187,0
2013-08-28 16:30:00,205.742,0
2013-08-28 17:00:00,203.274,0
2013-08-28 17:30:00,220.771,0
2013-08-28 18:00:00,244.559,0
2013-08-28 18:30:00,249.423,0
2013-08-28 19:00:00,253.766,0
2013-08-28 19:30:00,269.593,0
2013-08-28 20:00:00,257.868,0
2013-08-28 20:30:00,251.922,0
2013-08-28 21:00:00,242.407,0
2013-08-28 21:30:00,226.038,0
2013-08-28 22:00:00,204.101,0
2013-08-28 22:30:00,178.687,0
2013-08-28 23:00:00,156.217,0
2013-08-28 23:30:00,136.984,0
2013-08-29 00:00:00,119.707,0
2013-08-29 00:30:00,108.684,0
2013-08-29 01:00:00,101.685,0
2013-08-29 01:30:00,97.287,0
2013-08-29 02:00:00,96.934,0
2013-08-29 02:30:00,96.804,0
2013-08-29 03:00:00,92.252,0
2013-08-29 03:30:00,90.566,0
2013-08-29 04:00:00,89.198,0
2013-08-29 04:30:00,91.756,0
2013-08-29 05:00:00,99.593,0
2013-08-29 05:30:00,107.647,0
2013-08-29 06:00:00,123.693,0
2013-08-29 06:30:00,142.991,0
2013-08-29 07:00:00,150.893,0
2013-08-29 07:30:00,162.006,0
2013-08-29 08:00:00,160.225,0
2013-08-29 08:30:00,161.56,0
2013-08-29 09:00:00,154.229,0
2013-08-29 09:30:00,147.994,0
2013-08-29 10:00:00,144.759,0
2013-08-29 10:30:00,150.827,0
2013-08-29 11:00:00,158.167,0
2013-08-29 11:30:00,155.895,0
2013-08-29 12:00:00,154.289,0
2013-08-29 12:30:00,156.962,0
2013-08-29 13:00:00,153.685,0
2013-08-29 13:30:00,152.218,0
2013-08-29 14:00:00,142.888,0
2013-08-29 14:30:00,147.785,0
2013-08-29 15:00:00,151.36,0
2013-08-29 15:30:00,150.431,0
2013-08-29 16:00:00,161.492,0
2013-08-29 16:30:00,181.869,0
2013-08-29 17:00:00,188.623,0
2013-08-29 17:30:00,202.946,0
2013-08-29 18:00:00,204.053,0
2013-08-29 18:30:00,211.378,0
2013-08-29 19:00:00,206.397,0
2013-08-29 19:30:00,231.225,0
2013-08-29 20:00:00,237.375,0
2013-08-29 20:30:00,238.505,0
2013-08-29 21:00:00,224.986,0
2013-08-29 21:30:00,219.011,0
2013-08-29 22:00:00,199.333,0
2013-08-29 22:30:00,169.585,0
2013-08-29 23:00:00,149.58,0
2013-08-29 23:30:00,131.481,0
2013-08-30 00:00:00,119.774,0
2013-08-30 00:30:00,108.401,0
2013-08-30 01:00:00,103.856,0
2013-08-30 01:30:00,99.251,0
2013-08-30 02:00:00,98.06,0
2013-08-30 02:30:00,94.506,0
2013-08-30 03:00:00,90.147,0
2013-08-30 03:30:00,88.174,0
2013-08-30 04:00:00,95.179,0
2013-08-30 04:30:00,98.35,0
2013-08-30 05:00:00,100.15,0
2013-08-30 05:30:00,110.173,0
2013-08-30 06:00:00,124.439,0
2013-08-30 06:30:00,139.22,0
2013-08-30 07:00:00,162.062,0
2013-08-30 07:30:00,165.964,0
2013-08-30 08:00:00,172.612,0
2013-08-30 08:30:00,171.933,0
2013-08-30 09:00:00,157.426,0
2013-08-30 09:30:00,167.034,0
2013-08-30 10:00:00,159.416,0
2013-08-30 10:30:00,162.793,0
2013-08-30 11:00:00,166.755,0
2013-08-30 11:30:00,165.458,0
2013-08-30 12:00:00,164.237,0
2013-08-30 12:30:00,159.818,0
2013-08-30 13:00:00,155.237,0
2013-08-30 13:30:00,155.185,0
2013-08-30 14:00:00,151.96,0
2013-08-30 14:30:00,156.152,0
2013-08-30 15:00:00,155.661,0
2013-08-30 15:30:00,159.082,0
2013-08-30 16:00:00,168.639,0
2013-08-30 16:30:00,181.461,0
2013-08-30 17:00:00,183.979,0
2013-08-30 17:30:00,200.265,0
2013-08-30 18:00:00,218.352,0
2013-08-30 18:30:00,221.067,0
2013-08-30 19:00:00,225.649,0
2013-08-30 19:30:00,245.826,0
2013-08-30 20:00:00,243.585,0
2013-08-30 20:30:00,226.879,0
2013-08-30 21:00:00,221.267,0
2013-08-30 21:30:00,216.785,0
2013-08-30 22:00:00,198.131,0
2013-08-30 22:30:00,178.526,0
2013-08-30 23:00:00,159.566,0
2013-08-30 23:30:00,138.76,0
2013-08-31 00:00:00,126.448,0
2013-08-31 00:30:00,113.143,0
2013-08-31 01:00:00,106.213,0
2013-08-31 01:30:00,103.965,0
2013-08-31 02:00:00,103.756,0
2013-08-31 02:30:00,97.826,0
2013-08-31 03:00:00,93.766,0
2013-08-31 03:30:00,95.03,0
2013-08-31 04:00:00,92.813,0
2013-08-31 04:30:00,96.412,0
2013-08-31 05:00:00,95.807,0
2013-08-31 05:30:00,101.906,0
2013-08-31 06:00:00,109.586,0
2013-08-31 06:30:00,125.481,0
2013-08-31 07:00:00,146.133,0
2013-08-31 07:30:00,159.993,0
2013-08-31 08:00:00,170.216,0
2013-08-31 08:30:00,173.269,0
2013-08-31 09:00:00,174.378,0
2013-08-31 09:30:00,173.826,0
2013-08-31 10:00:00,180.483,0
2013-08-31 10:30:00,171.103,0
2013-08-31 11:00:00,176.363,0
2013-08-31 11:30:00,176.894,0
2013-08-31 12:00:00,199.088,0
2013-08-31 12:30:00,176.218,0
2013-08-31 13:00:00,169.746,0
2013-08-31 13:30:00,174.56,0
2013-08-31 14:00:00,173.012,0
2013-08-31 14:30:00,172.945,0
2013-08-31 15:00:00,168.447,0
2013-08-31 15:30:00,169.804,0
2013-08-31 16:00:00,177.753,0
2013-08-31 16:30:00,182.957,0
2013-08-31 17:00:00,195.105,0
2013-08-31 17:30:00,202.844,0
2013-08-31 18:00:00,209.8,0
2013-08-31 18:30:00,217.495,0
2013-08-31 19:00:00,229.318,0
2013-08-31 19:30:00,240.404,0
2013-08-31 20:00:00,230.49,0
2013-08-31 20:30:00,226.459,0
2013-08-31 21:00:00,220.407,0
2013-08-31 21:30:00,210.384,0
2013-08-31 22:00:00,191.921,0
2013-08-31 22:30:00,174.54,0
2013-08-31 23:00:00,154.327,0
2013-08-31 23:30:00,139.322,0
2013-09-01 00:00:00,123.517,0
2013-09-01 00:30:00,112.758,0
2013-09-01 01:00:00,102.183,0
2013-09-01 01:30:00,97.718,0
2013-09-01 02:00:00,95.611,0
2013-09-01 02:30:00,95.026,0
2013-09-01 03:00:00,89.613,0
2013-09-01 03:30:00,88.882,0
2013-09-01 04:00:00,86.981,0
2013-09-01 04:30:00,89.201,0
2013-09-01 05:00:00,93.709,0
2013-09-01 05:30:00,102.026,0
2013-09-01 06:00:00,108.585,0
2013-09-01 06:30:00,126.265,0
2013-09-01 07:00:00,130.699,0
2013-09-01 07:30:00,148.306,0
2013-09-01 08:00:00,156.676,0
2013-09-01 08:30:00,162.01,0
2013-09-01 09:00:00,164.068,0
2013-09-01 09:30:00,164.04,0
2013-09-01 10:00:00,159.997,0
2013-09-01 10:30:00,184.83,0
2013-09-01 11:00:00,195.569,0
2013-09-01 11:30:00,198.577,0
2013-09-01 12:00:00,202.148,0
2013-09-01 12:30:00,201.151,0
2013-09-01 13:00:00,192.891,0
2013-09-01 13:30:00,187.475,0
2013-09-01 14:00:00,181.215,0
2013-09-01 14:30:00,186.832,0
2013-09-01 15:00:00,189.51,0
2013-09-01 15:30:00,191.523,0
2013-09-01 16:00:00,194.694,0
2013-09-01 16:30:00,204.214,0
2013-09-01 17:00:00,216.925,0
2013-09-01 17:30:00,218.509,0
2013-09-01 18:00:00,220.92,0
2013-09-01 18:30:00,242.286,0
2013-09-01 19:00:00,259.085,0
2013-09-01 19:30:00,252.294,0
2013-09-01 20:00:00,248.714,0
2013-09-01 20:30:00,239.928,0
2013-09-01 21:00:00,228.224,0
2013-09-01 21:30:00,228.793,0
2013-09-01 22:00:00,199.846,0
2013-09-01 22:30:00,167.588,0
2013-09-01 23:00:00,142.403,0
2013-09-01 23:30:00,128.24,0
2013-09-02 00:00:00,113.785,0
2013-09-02 00:30:00,103.556,0
2013-09-02 01:00:00,97.128,0
2013-09-02 01:30:00,93.566,0
2013-09-02 02:00:00,93.624,0
2013-09-02 02:30:00,89.79,0
2013-09-02 03:00:00,87.053,0
2013-09-02 03:30:00,85.88,0
2013-09-02 04:00:00,88.665,0
2013-09-02 04:30:00,92.355,0
2013-09-02 05:00:00,100.055,0
2013-09-02 05:30:00,119.775,0
2013-09-02 06:00:00,135.418,0
2013-09-02 06:30:00,171.528,0
2013-09-02 07:00:00,181.621,0
2013-09-02 07:30:00,201.098,0
2013-09-02 08:00:00,204.63,0
2013-09-02 08:30:00,196.284,0
2013-09-02 09:00:00,185.571,0
2013-09-02 09:30:00,185.114,0
2013-09-02 10:00:00,180.015,0
2013-09-02 10:30:00,160.129,0
2013-09-02 11:00:00,154.702,0
2013-09-02 11:30:00,162.822,0
2013-09-02 12:00:00,165.342,0
2013-09-02 12:30:00,162.739,0
2013-09-02 13:00:00,147.826,0
2013-09-02 13:30:00,150.073,0
2013-09-02 14:00:00,150.079,0
2013-09-02 14:30:00,150.953,0
2013-09-02 15:00:00,157.443,0
2013-09-02 15:30:00,164.613,0
2013-09-02 16:00:00,172.248,0
2013-09-02 16:30:00,181.44,0
2013-09-02 17:00:00,194.144,0
2013-09-02 17:30:00,207.334,0
2013-09-02 18:00:00,214.088,0
2013-09-02 18:30:00,210.731,0
2013-09-02 19:00:00,238.05,0
2013-09-02 19:30:00,247.165,0
2013-09-02 20:00:00,253.996,0
2013-09-02 20:30:00,236.905,0
2013-09-02 21:00:00,228.811,0
2013-09-02 21:30:00,222.914,0
2013-09-02 22:00:00,203.026,0
2013-09-02 22:30:00,179.77,0
2013-09-02 23:00:00,150.272,0
2013-09-02 23:30:00,130.978,0
2013-09-03 00:00:00,119.197,0
2013-09-03 00:30:00,106.634,0
2013-09-03 01:00:00,95.8,0
2013-09-03 01:30:00,96.038,0
2013-09-03 02:00:00,93.003,0
2013-09-03 02:30:00,94.829,0
2013-09-03 03:00:00,88.337,0
2013-09-03 03:30:00,89.297,0
2013-09-03 04:00:00,88.82,0
2013-09-03 04:30:00,98.558,0
2013-09-03 05:00:00,100.905,0
2013-09-03 05:30:00,110.333,0
2013-09-03 06:00:00,128.027,0
2013-09-03 06:30:00,150.477,0
2013-09-03 07:00:00,163.404,0
2013-09-03 07:30:00,176.907,0
2013-09-03 08:00:00,166.829,0
2013-09-03 08:30:00,169.106,0
2013-09-03 09:00:00,166.334,0
2013-09-03 09:30:00,161.705,0
2013-09-03 10:00:00,160.717,0
2013-09-03 10:30:00,159.956,0
2013-09-03 11:00:00,155.521,0
2013-09-03 11:30:00,163.507,0
2013-09-03 12:00:00,159.591,0
2013-09-03 12:30:00,163.311,0
2013-09-03 13:00:00,158.751,0
2013-09-03 13:30:00,155.485,0
2013-09-03 14:00:00,157.798,0
2013-09-03 14:30:00,156.476,0
2013-09-03 15:00:00,161.078,0
2013-09-03 15:30:00,170.838,0
2013-09-03 16:00:00,178.732,0
2013-09-03 16:30:00,190.391,0
2013-09-03 17:00:00,208.935,0
2013-09-03 17:30:00,211.823,0
2013-09-03 18:00:00,227.183,0
2013-09-03 18:30:00,229.787,0
2013-09-03 19:00:00,240.632,0
2013-09-03 19:30:00,260.066,0
2013-09-03 20:00:00,247.217,0
2013-09-03 20:30:00,239.741,0
2013-09-03 21:00:00,232.778,0
2013-09-03 21:30:00,231.692,0
2013-09-03 22:00:00,202.134,0
2013-09-03 22:30:00,175.855,0
2013-09-03 23:00:00,152.231,0
2013-09-03 23:30:00,132.871,0
2013-09-04 00:00:00,117.597,0
2013-09-04 00:30:00,108.56,0
2013-09-04 01:00:00,101.819,0
2013-09-04 01:30:00,95.296,0
2013-09-04 02:00:00,93.733,0
2013-09-04 02:30:00,92.865,0
2013-09-04 03:00:00,90.919,0
2013-09-04 03:30:00,89.901,0
2013-09-04 04:00:00,89.372,0
2013-09-04 04:30:00,95.851,0
2013-09-04 05:00:00,104.179,0
2013-09-04 05:30:00,124.545,0
2013-09-04 06:00:00,133.981,0
2013-09-04 06:30:00,161.668,0
2013-09-04 07:00:00,170.553,0
2013-09-04 07:30:00,175.141,0
2013-09-04 08:00:00,168.369,0
2013-09-04 08:30:00,165.803,0
2013-09-04 09:00:00,162.733,0
2013-09-04 09:30:00,164.81,0
2013-09-04 10:00:00,153.615,0
2013-09-04 10:30:00,157.627,0
2013-09-04 11:00:00,149.96,0
2013-09-04 11:30:00,153.642,0
2013-09-04 12:00:00,159.337,0
2013-09-04 12:30:00,162.458,0
2013-09-04 13:00:00,159.094,0
2013-09-04 13:30:00,155.654,0
2013-09-04 14:00:00,146.448,0
2013-09-04 14:30:00,153.436,0
2013-09-04 15:00:00,155.374,0
2013-09-04 15:30:00,170.078,0
2013-09-04 16:00:00,176.709,0
2013-09-04 16:30:00,189.403,0
2013-09-04 17:00:00,208.589,0
2013-09-04 17:30:00,216.688,0
2013-09-04 18:00:00,215.947,0
2013-09-04 18:30:00,225.803,0
2013-09-04 19:00:00,237.811,0
2013-09-04 19:30:00,255.439,0
2013-09-04 20:00:00,255.835,0
2013-09-04 20:30:00,253.233,0
2013-09-04 21:00:00,243.788,0
2013-09-04 21:30:00,228.727,0
2013-09-04 22:00:00,201.922,0
2013-09-04 22:30:00,179.541,0
2013-09-04 23:00:00,153.49,0
2013-09-04 23:30:00,132.366,0
2013-09-05 00:00:00,119.954,0
2013-09-05 00:30:00,109.466,0
2013-09-05 01:00:00,103.219,0
2013-09-05 01:30:00,99.385,0
2013-09-05 02:00:00,99.766,0
2013-09-05 02:30:00,96.647,0
2013-09-05 03:00:00,91.468,0
2013-09-05 03:30:00,89.848,0
2013-09-05 04:00:00,91.859,0
2013-09-05 04:30:00,96.026,0
2013-09-05 05:00:00,107.736,0
2013-09-05 05:30:00,121.227,0
2013-09-05 06:00:00,141.757,0
2013-09-05 06:30:00,164.205,0
2013-09-05 07:00:00,174.813,0
2013-09-05 07:30:00,168.209,0
2013-09-05 08:00:00,170.492,0
2013-09-05 08:30:00,164.699,0
2013-09-05 09:00:00,159.724,0
2013-09-05 09:30:00,167.531,0
2013-09-05 10:00:00,156.484,0
2013-09-05 10:30:00,151.328,0
2013-09-05 11:00:00,153.579,0
2013-09-05 11:30:00,156.322,0
2013-09-05 12:00:00,157.017,0
2013-09-05 12:30:00,157.081,0
2013-09-05 13:00:00,146.491,0
2013-09-05 13:30:00,150.131,0
2013-09-05 14:00:00,149.101,0
2013-09-05 14:30:00,153.662,0
2013-09-05 15:00:00,150.301,0
2013-09-05 15:30:00,157.64,0
2013-09-05 16:00:00,169.844,0
2013-09-05 16:30:00,190.524,0
2013-09-05 17:00:00,198.337,0
2013-09-05 17:30:00,226.343,0
2013-09-05 18:00:00,224.618,0
2013-09-05 18:30:00,228.117,0
2013-09-05 19:00:00,238.675,0
2013-09-05 19:30:00,257.337,0
2013-09-05 20:00:00,258.485,0
2013-09-05 20:30:00,246.393,0
2013-09-05 21:00:00,238.543,0
2013-09-05 21:30:00,227.602,0
2013-09-05 22:00:00,203.827,0
2013-09-05 22:30:00,180.579,0
2013-09-05 23:00:00,157.072,0
2013-09-05 23:30:00,137.077,0
2013-09-06 00:00:00,125.764,0
2013-09-06 00:30:00,115.303,0
2013-09-06 01:00:00,104.826,0
2013-09-06 01:30:00,101.14,0
2013-09-06 02:00:00,98.802,0
2013-09-06 02:30:00,95.87,0
2013-09-06 03:00:00,94.222,0
2013-09-06 03:30:00,94.261,0
2013-09-06 04:00:00,93.753,0
2013-09-06 04:30:00,98.228,0
2013-09-06 05:00:00,106.891,0
2013-09-06 05:30:00,127.475,0
2013-09-06 06:00:00,149.776,0
2013-09-06 06:30:00,165.569,0
2013-09-06 07:00:00,169.16,0
2013-09-06 07:30:00,175.316,0
2013-09-06 08:00:00,179.989,0
2013-09-06 08:30:00,185.351,0
2013-09-06 09:00:00,178.654,0
2013-09-06 09:30:00,175.251,0
2013-09-06 10:00:00,170.986,0
2013-09-06 10:30:00,180.258,0
2013-09-06 11:00:00,178.462,0
2013-09-06 11:30:00,190.632,0
2013-09-06 12:00:00,183.995,0
2013-09-06 12:30:00,178.196,0
2013-09-06 13:00:00,166.746,0
2013-09-06 13:30:00,161.697,0
2013-09-06 14:00:00,165.542,0
2013-09-06 14:30:00,171.442,0
2013-09-06 15:00:00,168.768,0
2013-09-06 15:30:00,180.179,0
2013-09-06 16:00:00,182.273,0
2013-09-06 16:30:00,190.328,0
2013-09-06 17:00:00,202.115,0
2013-09-06 17:30:00,217.527,0
2013-09-06 18:00:00,215.805,0
2013-09-06 18:30:00,227.035,0
2013-09-06 19:00:00,246.512,0
2013-09-06 19:30:00,245.032,0
2013-09-06 20:00:00,247.071,0
2013-09-06 20:30:00,237.021,0
2013-09-06 21:00:00,223.221,0
2013-09-06 21:30:00,214.46,0
2013-09-06 22:00:00,199.778,0
2013-09-06 22:30:00,179.652,0
2013-09-06 23:00:00,158.04,0
2013-09-06 23:30:00,140.237,0
2013-09-07 00:00:00,122.896,0
2013-09-07 00:30:00,111.861,0
2013-09-07 01:00:00,106.232,0
2013-09-07 01:30:00,106.473,0
2013-09-07 02:00:00,97.284,0
2013-09-07 02:30:00,95.098,0
2013-09-07 03:00:00,92.827,0
2013-09-07 03:30:00,89.454,0
2013-09-07 04:00:00,87.81700000000001,0
2013-09-07 04:30:00,89.66,0
2013-09-07 05:00:00,91.621,0
2013-09-07 05:30:00,103.406,0
2013-09-07 06:00:00,119.75,0
2013-09-07 06:30:00,135.081,0
2013-09-07 07:00:00,144.392,0
2013-09-07 07:30:00,166.735,0
2013-09-07 08:00:00,162.34,0
2013-09-07 08:30:00,176.162,0
2013-09-07 09:00:00,185.087,0
2013-09-07 09:30:00,180.727,0
2013-09-07 10:00:00,180.178,0
2013-09-07 10:30:00,171.897,0
2013-09-07 11:00:00,180.961,0
2013-09-07 11:30:00,185.845,0
2013-09-07 12:00:00,183.192,0
2013-09-07 12:30:00,184.493,0
2013-09-07 13:00:00,183.294,0
2013-09-07 13:30:00,187.093,0
2013-09-07 14:00:00,174.065,0
2013-09-07 14:30:00,172.816,0
2013-09-07 15:00:00,179.156,0
2013-09-07 15:30:00,177.069,0
2013-09-07 16:00:00,178.597,0
2013-09-07 16:30:00,182.915,0
2013-09-07 17:00:00,201.198,0
2013-09-07 17:30:00,212.478,0
2013-09-07 18:00:00,224.674,0
2013-09-07 18:30:00,232.314,0
2013-09-07 19:00:00,237.127,0
2013-09-07 19:30:00,245.718,0
2013-09-07 20:00:00,241.615,0
2013-09-07 20:30:00,235.612,0
2013-09-07 21:00:00,226.486,0
2013-09-07 21:30:00,212.904,0
2013-09-07 22:00:00,193.063,0
2013-09-07 22:30:00,174.199,0
2013-09-07 23:00:00,153.851,0
2013-09-07 23:30:00,134.926,0
2013-09-08 00:00:00,122.68,0
2013-09-08 00:30:00,112.54,0
2013-09-08 01:00:00,105.717,0
2013-09-08 01:30:00,98.761,0
2013-09-08 02:00:00,95.664,0
2013-09-08 02:30:00,92.633,0
2013-09-08 03:00:00,88.738,0
2013-09-08 03:30:00,86.19,0
2013-09-08 04:00:00,86.387,0
2013-09-08 04:30:00,88.347,0
2013-09-08 05:00:00,92.925,0
2013-09-08 05:30:00,95.133,0
2013-09-08 06:00:00,103.846,0
2013-09-08 06:30:00,123.586,0
2013-09-08 07:00:00,131.795,0
2013-09-08 07:30:00,159.053,0
2013-09-08 08:00:00,183.086,0
2013-09-08 08:30:00,187.072,0
2013-09-08 09:00:00,186.237,0
2013-09-08 09:30:00,197.724,0
2013-09-08 10:00:00,198.766,0
2013-09-08 10:30:00,195.619,0
2013-09-08 11:00:00,188.38,0
2013-09-08 11:30:00,200.112,0
2013-09-08 12:00:00,203.949,0
2013-09-08 12:30:00,223.06,0
2013-09-08 13:00:00,213.038,0
2013-09-08 13:30:00,211.267,0
2013-09-08 14:00:00,193.933,0
2013-09-08 14:30:00,195.598,0
2013-09-08 15:00:00,201.863,0
2013-09-08 15:30:00,204.429,0
2013-09-08 16:00:00,221.837,0
2013-09-08 16:30:00,227.072,0
2013-09-08 17:00:00,223.964,0
2013-09-08 17:30:00,234.311,0
2013-09-08 18:00:00,242.064,0
2013-09-08 18:30:00,250.652,0
2013-09-08 19:00:00,256.783,0
2013-09-08 19:30:00,305.845,0
2013-09-08 20:00:00,297.181,0
2013-09-08 20:30:00,282.526,0
2013-09-08 21:00:00,263.074,0
2013-09-08 21:30:00,247.591,0
2013-09-08 22:00:00,220.279,0
2013-09-08 22:30:00,187.311,0
2013-09-08 23:00:00,154.3,0
2013-09-08 23:30:00,131.316,0
2013-09-09 00:00:00,112.629,0
2013-09-09 00:30:00,100.807,0
2013-09-09 01:00:00,94.447,0
2013-09-09 01:30:00,90.144,0
2013-09-09 02:00:00,91.891,0
2013-09-09 02:30:00,86.112,0
2013-09-09 03:00:00,83.19,0
2013-09-09 03:30:00,84.721,0
2013-09-09 04:00:00,84.717,0
2013-09-09 04:30:00,92.742,0
2013-09-09 05:00:00,101.568,0
2013-09-09 05:30:00,123.867,0
2013-09-09 06:00:00,151.78300000000002,0
2013-09-09 06:30:00,169.128,0
2013-09-09 07:00:00,172.967,0
2013-09-09 07:30:00,170.413,0
2013-09-09 08:00:00,172.782,0
2013-09-09 08:30:00,166.676,0
2013-09-09 09:00:00,168.706,0
2013-09-09 09:30:00,170.887,0
2013-09-09 10:00:00,171.94,0
2013-09-09 10:30:00,175.05,0
2013-09-09 11:00:00,168.676,0
2013-09-09 11:30:00,182.737,0
2013-09-09 12:00:00,188.268,0
2013-09-09 12:30:00,184.973,0
2013-09-09 13:00:00,185.553,0
2013-09-09 13:30:00,176.15,0
2013-09-09 14:00:00,169.107,0
2013-09-09 14:30:00,170.028,0
2013-09-09 15:00:00,179.577,0
2013-09-09 15:30:00,185.634,0
2013-09-09 16:00:00,194.009,0
2013-09-09 16:30:00,225.131,0
2013-09-09 17:00:00,230.583,0
2013-09-09 17:30:00,248.149,0
2013-09-09 18:00:00,252.054,0
2013-09-09 18:30:00,277.601,0
2013-09-09 19:00:00,274.295,0
2013-09-09 19:30:00,281.158,0
2013-09-09 20:00:00,272.5,0
2013-09-09 20:30:00,258.401,0
2013-09-09 21:00:00,252.393,0
2013-09-09 21:30:00,247.503,0
2013-09-09 22:00:00,210.072,0
2013-09-09 22:30:00,183.13,0
2013-09-09 23:00:00,146.511,0
2013-09-09 23:30:00,128.76,0
2013-09-10 00:00:00,112.199,0
2013-09-10 00:30:00,107.651,0
2013-09-10 01:00:00,100.179,0
2013-09-10 01:30:00,95.225,0
2013-09-10 02:00:00,91.876,0
2013-09-10 02:30:00,88.906,0
2013-09-10 03:00:00,89.044,0
2013-09-10 03:30:00,85.162,0
2013-09-10 04:00:00,87.14,0
2013-09-10 04:30:00,94.958,0
2013-09-10 05:00:00,105.097,0
2013-09-10 05:30:00,124.041,0
2013-09-10 06:00:00,144.687,0
2013-09-10 06:30:00,171.697,0
2013-09-10 07:00:00,186.244,0
2013-09-10 07:30:00,191.943,0
2013-09-10 08:00:00,186.953,0
2013-09-10 08:30:00,177.241,0
2013-09-10 09:00:00,180.655,0
2013-09-10 09:30:00,167.061,0
2013-09-10 10:00:00,157.343,0
2013-09-10 10:30:00,164.099,0
2013-09-10 11:00:00,174.042,0
2013-09-10 11:30:00,176.841,0
2013-09-10 12:00:00,175.666,0
2013-09-10 12:30:00,173.015,0
2013-09-10 13:00:00,167.084,0
2013-09-10 13:30:00,162.522,0
2013-09-10 14:00:00,157.855,0
2013-09-10 14:30:00,158.916,0
2013-09-10 15:00:00,172.332,0
2013-09-10 15:30:00,194.809,0
2013-09-10 16:00:00,214.459,0
2013-09-10 16:30:00,228.954,0
2013-09-10 17:00:00,233.021,0
2013-09-10 17:30:00,277.562,0
2013-09-10 18:00:00,288.558,0
2013-09-10 18:30:00,309.432,0
2013-09-10 19:00:00,297.347,0
2013-09-10 19:30:00,276.467,0
2013-09-10 20:00:00,279.037,0
2013-09-10 20:30:00,282.535,0
2013-09-10 21:00:00,260.677,0
2013-09-10 21:30:00,250.142,0
2013-09-10 22:00:00,223.247,0
2013-09-10 22:30:00,189.786,0
2013-09-10 23:00:00,160.774,0
2013-09-10 23:30:00,136.788,0
2013-09-11 00:00:00,125.552,0
2013-09-11 00:30:00,106.988,0
2013-09-11 01:00:00,99.223,0
2013-09-11 01:30:00,93.351,0
2013-09-11 02:00:00,92.555,0
2013-09-11 02:30:00,92.409,0
2013-09-11 03:00:00,87.765,0
2013-09-11 03:30:00,86.471,0
2013-09-11 04:00:00,91.654,0
2013-09-11 04:30:00,98.899,0
2013-09-11 05:00:00,109.839,0
2013-09-11 05:30:00,128.814,0
2013-09-11 06:00:00,151.143,0
2013-09-11 06:30:00,178.649,0
2013-09-11 07:00:00,178.27,0
2013-09-11 07:30:00,188.449,0
2013-09-11 08:00:00,173.826,0
2013-09-11 08:30:00,172.05,0
2013-09-11 09:00:00,165.842,0
2013-09-11 09:30:00,178.899,0
2013-09-11 10:00:00,171.075,0
2013-09-11 10:30:00,160.779,0
2013-09-11 11:00:00,176.17,0
2013-09-11 11:30:00,173.007,0
2013-09-11 12:00:00,165.09,0
2013-09-11 12:30:00,169.173,0
2013-09-11 13:00:00,161.537,0
2013-09-11 13:30:00,158.984,0
2013-09-11 14:00:00,159.089,0
2013-09-11 14:30:00,161.637,0
2013-09-11 15:00:00,167.456,0
2013-09-11 15:30:00,185.536,0
2013-09-11 16:00:00,204.914,0
2013-09-11 16:30:00,227.678,0
2013-09-11 17:00:00,238.335,0
2013-09-11 17:30:00,251.072,0
2013-09-11 18:00:00,270.647,0
2013-09-11 18:30:00,286.111,0
2013-09-11 19:00:00,293.542,0
2013-09-11 19:30:00,295.956,0
2013-09-11 20:00:00,271.788,0
2013-09-11 20:30:00,261.033,0
2013-09-11 21:00:00,250.996,0
2013-09-11 21:30:00,237.028,0
2013-09-11 22:00:00,216.676,0
2013-09-11 22:30:00,177.591,0
2013-09-11 23:00:00,149.273,0
2013-09-11 23:30:00,130.989,0
2013-09-12 00:00:00,114.197,0
2013-09-12 00:30:00,103.933,0
2013-09-12 01:00:00,97.916,0
2013-09-12 01:30:00,97.197,0
2013-09-12 02:00:00,91.64,0
2013-09-12 02:30:00,89.077,0
2013-09-12 03:00:00,86.97,0
2013-09-12 03:30:00,85.166,0
2013-09-12 04:00:00,86.66,0
2013-09-12 04:30:00,95.302,0
2013-09-12 05:00:00,100.464,0
2013-09-12 05:30:00,125.197,0
2013-09-12 06:00:00,152.433,0
2013-09-12 06:30:00,172.412,0
2013-09-12 07:00:00,185.543,0
2013-09-12 07:30:00,191.996,0
2013-09-12 08:00:00,192.445,0
2013-09-12 08:30:00,179.38,0
2013-09-12 09:00:00,174.808,0
2013-09-12 09:30:00,167.128,0
2013-09-12 10:00:00,163.605,0
2013-09-12 10:30:00,161.806,0
2013-09-12 11:00:00,160.51,0
2013-09-12 11:30:00,165.194,0
2013-09-12 12:00:00,169.185,0
2013-09-12 12:30:00,166.593,0
2013-09-12 13:00:00,157.385,0
2013-09-12 13:30:00,155.374,0
2013-09-12 14:00:00,157.912,0
2013-09-12 14:30:00,156.098,0
2013-09-12 15:00:00,167.314,0
2013-09-12 15:30:00,180.925,0
2013-09-12 16:00:00,192.677,0
2013-09-12 16:30:00,204.457,0
2013-09-12 17:00:00,214.045,0
2013-09-12 17:30:00,228.185,0
2013-09-12 18:00:00,237.069,0
2013-09-12 18:30:00,275.119,0
2013-09-12 19:00:00,278.36,0
2013-09-12 19:30:00,274.572,0
2013-09-12 20:00:00,267.823,0
2013-09-12 20:30:00,257.46,0
2013-09-12 21:00:00,249.289,0
2013-09-12 21:30:00,237.636,0
2013-09-12 22:00:00,212.869,0
2013-09-12 22:30:00,183.842,0
2013-09-12 23:00:00,156.169,0
2013-09-12 23:30:00,137.873,0
2013-09-13 00:00:00,118.941,0
2013-09-13 00:30:00,109.294,0
2013-09-13 01:00:00,100.222,0
2013-09-13 01:30:00,95.603,0
2013-09-13 02:00:00,94.221,0
2013-09-13 02:30:00,90.706,0
2013-09-13 03:00:00,87.46,0
2013-09-13 03:30:00,89.379,0
2013-09-13 04:00:00,90.406,0
2013-09-13 04:30:00,96.779,0
2013-09-13 05:00:00,102.64,0
2013-09-13 05:30:00,116.216,0
2013-09-13 06:00:00,150.683,0
2013-09-13 06:30:00,175.127,0
2013-09-13 07:00:00,177.72,0
2013-09-13 07:30:00,178.446,0
2013-09-13 08:00:00,173.514,0
2013-09-13 08:30:00,173.468,0
2013-09-13 09:00:00,179.036,0
2013-09-13 09:30:00,175.36,0
2013-09-13 10:00:00,166.118,0
2013-09-13 10:30:00,215.589,0
2013-09-13 11:00:00,214.588,0
2013-09-13 11:30:00,229.679,0
2013-09-13 12:00:00,223.774,0
2013-09-13 12:30:00,209.987,0
2013-09-13 13:00:00,200.724,0
2013-09-13 13:30:00,184.935,0
2013-09-13 14:00:00,179.779,0
2013-09-13 14:30:00,173.919,0
2013-09-13 15:00:00,184.067,0
2013-09-13 15:30:00,194.709,0
2013-09-13 16:00:00,207.224,0
2013-09-13 16:30:00,216.504,0
2013-09-13 17:00:00,233.864,0
2013-09-13 17:30:00,261.01800000000003,0
2013-09-13 18:00:00,258.97,0
2013-09-13 18:30:00,277.711,0
2013-09-13 19:00:00,278.11,0
2013-09-13 19:30:00,268.824,0
2013-09-13 20:00:00,253.185,0
2013-09-13 20:30:00,248.005,0
2013-09-13 21:00:00,236.471,0
2013-09-13 21:30:00,225.281,0
2013-09-13 22:00:00,205.335,0
2013-09-13 22:30:00,184.838,0
2013-09-13 23:00:00,160.427,0
2013-09-13 23:30:00,141.109,0
2013-09-14 00:00:00,124.297,0
2013-09-14 00:30:00,110.411,0
2013-09-14 01:00:00,104.151,0
2013-09-14 01:30:00,97.39,0
2013-09-14 02:00:00,96.8,0
2013-09-14 02:30:00,94.003,0
2013-09-14 03:00:00,90.489,0
2013-09-14 03:30:00,87.087,0
2013-09-14 04:00:00,88.509,0
2013-09-14 04:30:00,91.123,0
2013-09-14 05:00:00,94.612,0
2013-09-14 05:30:00,103.054,0
2013-09-14 06:00:00,114.899,0
2013-09-14 06:30:00,135.844,0
2013-09-14 07:00:00,159.456,0
2013-09-14 07:30:00,172.563,0
2013-09-14 08:00:00,192.428,0
2013-09-14 08:30:00,196.73,0
2013-09-14 09:00:00,193.163,0
2013-09-14 09:30:00,197.881,0
2013-09-14 10:00:00,185.381,0
2013-09-14 10:30:00,192.183,0
2013-09-14 11:00:00,203.927,0
2013-09-14 11:30:00,206.996,0
2013-09-14 12:00:00,215.919,0
2013-09-14 12:30:00,206.047,0
2013-09-14 13:00:00,201.275,0
2013-09-14 13:30:00,192.013,0
2013-09-14 14:00:00,183.89,0
2013-09-14 14:30:00,194.643,0
2013-09-14 15:00:00,195.341,0
2013-09-14 15:30:00,202.879,0
2013-09-14 16:00:00,206.204,0
2013-09-14 16:30:00,224.047,0
2013-09-14 17:00:00,229.119,0
2013-09-14 17:30:00,252.234,0
2013-09-14 18:00:00,252.628,0
2013-09-14 18:30:00,272.385,0
2013-09-14 19:00:00,285.2,0
2013-09-14 19:30:00,281.079,0
2013-09-14 20:00:00,268.544,0
2013-09-14 20:30:00,255.624,0
2013-09-14 21:00:00,251.278,0
2013-09-14 21:30:00,235.309,0
2013-09-14 22:00:00,211.703,0
2013-09-14 22:30:00,189.115,0
2013-09-14 23:00:00,163.701,0
2013-09-14 23:30:00,150.378,0
2013-09-15 00:00:00,134.952,0
2013-09-15 00:30:00,120.361,0
2013-09-15 01:00:00,110.318,0
2013-09-15 01:30:00,106.429,0
2013-09-15 02:00:00,103.049,0
2013-09-15 02:30:00,95.823,0
2013-09-15 03:00:00,92.752,0
2013-09-15 03:30:00,90.747,0
2013-09-15 04:00:00,89.483,0
2013-09-15 04:30:00,88.542,0
2013-09-15 05:00:00,91.379,0
2013-09-15 05:30:00,99.279,0
2013-09-15 06:00:00,113.086,0
2013-09-15 06:30:00,138.447,0
2013-09-15 07:00:00,153.324,0
2013-09-15 07:30:00,172.149,0
2013-09-15 08:00:00,184.359,0
2013-09-15 08:30:00,207.073,0
2013-09-15 09:00:00,204.083,0
2013-09-15 09:30:00,209.529,0
2013-09-15 10:00:00,210.751,0
2013-09-15 10:30:00,211.434,0
2013-09-15 11:00:00,217.002,0
2013-09-15 11:30:00,235.501,0
2013-09-15 12:00:00,238.695,0
2013-09-15 12:30:00,250.369,0
2013-09-15 13:00:00,240.599,0
2013-09-15 13:30:00,232.624,0
2013-09-15 14:00:00,222.725,0
2013-09-15 14:30:00,224.381,0
2013-09-15 15:00:00,226.595,0
2013-09-15 15:30:00,238.197,0
2013-09-15 16:00:00,244.419,0
2013-09-15 16:30:00,265.996,0
2013-09-15 17:00:00,284.775,0
2013-09-15 17:30:00,286.629,0
2013-09-15 18:00:00,300.114,0
2013-09-15 18:30:00,306.556,0
2013-09-15 19:00:00,307.198,0
2013-09-15 19:30:00,301.192,0
2013-09-15 20:00:00,284.598,0
2013-09-15 20:30:00,273.58,0
2013-09-15 21:00:00,265.798,0
2013-09-15 21:30:00,245.366,0
2013-09-15 22:00:00,213.859,0
2013-09-15 22:30:00,181.134,0
2013-09-15 23:00:00,157.867,0
2013-09-15 23:30:00,134.5,0
2013-09-16 00:00:00,119.708,0
2013-09-16 00:30:00,109.946,0
2013-09-16 01:00:00,102.081,0
2013-09-16 01:30:00,97.985,0
2013-09-16 02:00:00,96.724,0
2013-09-16 02:30:00,92.898,0
2013-09-16 03:00:00,89.254,0
2013-09-16 03:30:00,90.316,0
2013-09-16 04:00:00,90.743,0
2013-09-16 04:30:00,95.627,0
2013-09-16 05:00:00,105.152,0
2013-09-16 05:30:00,128.879,0
2013-09-16 06:00:00,155.765,0
2013-09-16 06:30:00,183.598,0
2013-09-16 07:00:00,187.595,0
2013-09-16 07:30:00,186.215,0
2013-09-16 08:00:00,181.322,0
2013-09-16 08:30:00,178.95,0
2013-09-16 09:00:00,174.585,0
2013-09-16 09:30:00,182.164,0
2013-09-16 10:00:00,171.575,0
2013-09-16 10:30:00,168.529,0
2013-09-16 11:00:00,167.163,0
2013-09-16 11:30:00,174.935,0
2013-09-16 12:00:00,172.183,0
2013-09-16 12:30:00,179.412,0
2013-09-16 13:00:00,163.69,0
2013-09-16 13:30:00,158.243,0
2013-09-16 14:00:00,158.478,0
2013-09-16 14:30:00,158.847,0
2013-09-16 15:00:00,165.426,0
2013-09-16 15:30:00,178.079,0
2013-09-16 16:00:00,197.936,0
2013-09-16 16:30:00,211.048,0
2013-09-16 17:00:00,221.755,0
2013-09-16 17:30:00,235.19,0
2013-09-16 18:00:00,247.877,0
2013-09-16 18:30:00,271.088,0
2013-09-16 19:00:00,295.16,0
2013-09-16 19:30:00,291.805,0
2013-09-16 20:00:00,284.061,0
2013-09-16 20:30:00,270.599,0
2013-09-16 21:00:00,253.577,0
2013-09-16 21:30:00,258.371,0
2013-09-16 22:00:00,217.964,0
2013-09-16 22:30:00,182.851,0
2013-09-16 23:00:00,158.752,0
2013-09-16 23:30:00,131.969,0
2013-09-17 00:00:00,116.877,0
2013-09-17 00:30:00,108.71,0
2013-09-17 01:00:00,101.273,0
2013-09-17 01:30:00,95.692,0
2013-09-17 02:00:00,96.938,0
2013-09-17 02:30:00,93.986,0
2013-09-17 03:00:00,90.563,0
2013-09-17 03:30:00,92.598,0
2013-09-17 04:00:00,95.203,0
2013-09-17 04:30:00,97.716,0
2013-09-17 05:00:00,103.826,0
2013-09-17 05:30:00,129.045,0
2013-09-17 06:00:00,159.514,0
2013-09-17 06:30:00,187.73,0
2013-09-17 07:00:00,192.015,0
2013-09-17 07:30:00,183.68,0
2013-09-17 08:00:00,173.068,0
2013-09-17 08:30:00,170.096,0
2013-09-17 09:00:00,165.288,0
2013-09-17 09:30:00,165.914,0
2013-09-17 10:00:00,161.007,0
2013-09-17 10:30:00,163.102,0
2013-09-17 11:00:00,170.613,0
2013-09-17 11:30:00,169.951,0
2013-09-17 12:00:00,173.84,0
2013-09-17 12:30:00,167.766,0
2013-09-17 13:00:00,175.884,0
2013-09-17 13:30:00,177.498,0
2013-09-17 14:00:00,181.53,0
2013-09-17 14:30:00,185.145,0
2013-09-17 15:00:00,182.408,0
2013-09-17 15:30:00,197.505,0
2013-09-17 16:00:00,226.651,0
2013-09-17 16:30:00,248.852,0
2013-09-17 17:00:00,256.747,0
2013-09-17 17:30:00,278.468,0
2013-09-17 18:00:00,297.174,0
2013-09-17 18:30:00,312.602,0
2013-09-17 19:00:00,310.016,0
2013-09-17 19:30:00,298.685,0
2013-09-17 20:00:00,287.921,0
2013-09-17 20:30:00,278.572,0
2013-09-17 21:00:00,267.583,0
2013-09-17 21:30:00,251.399,0
2013-09-17 22:00:00,220.054,0
2013-09-17 22:30:00,214.936,0
2013-09-17 23:00:00,182.88,0
2013-09-17 23:30:00,164.213,0
2013-09-18 00:00:00,141.726,0
2013-09-18 00:30:00,114.525,0
2013-09-18 01:00:00,105.921,0
2013-09-18 01:30:00,103.971,0
2013-09-18 02:00:00,103.076,0
2013-09-18 02:30:00,96.962,0
2013-09-18 03:00:00,94.535,0
2013-09-18 03:30:00,91.492,0
2013-09-18 04:00:00,94.03,0
2013-09-18 04:30:00,97.181,0
2013-09-18 05:00:00,106.088,0
2013-09-18 05:30:00,128.578,0
2013-09-18 06:00:00,163.357,0
2013-09-18 06:30:00,177.331,0
2013-09-18 07:00:00,193.949,0
2013-09-18 07:30:00,187.781,0
2013-09-18 08:00:00,192.234,0
2013-09-18 08:30:00,188.603,0
2013-09-18 09:00:00,177.846,0
2013-09-18 09:30:00,183.568,0
2013-09-18 10:00:00,166.927,0
2013-09-18 10:30:00,165.882,0
2013-09-18 11:00:00,173.477,0
2013-09-18 11:30:00,168.715,0
2013-09-18 12:00:00,168.717,0
2013-09-18 12:30:00,170.948,0
2013-09-18 13:00:00,166.805,0
2013-09-18 13:30:00,162.548,0
2013-09-18 14:00:00,161.407,0
2013-09-18 14:30:00,156.388,0
2013-09-18 15:00:00,171.648,0
2013-09-18 15:30:00,179.606,0
2013-09-18 16:00:00,194.459,0
2013-09-18 16:30:00,204.964,0
2013-09-18 17:00:00,216.982,0
2013-09-18 17:30:00,239.064,0
2013-09-18 18:00:00,247.596,0
2013-09-18 18:30:00,267.995,0
2013-09-18 19:00:00,284.382,0
2013-09-18 19:30:00,288.306,0
2013-09-18 20:00:00,277.705,0
2013-09-18 20:30:00,266.012,0
2013-09-18 21:00:00,260.187,0
2013-09-18 21:30:00,248.868,0
2013-09-18 22:00:00,218.121,0
2013-09-18 22:30:00,187.374,0
2013-09-18 23:00:00,151.173,0
2013-09-18 23:30:00,133.166,0
2013-09-19 00:00:00,114.65,0
2013-09-19 00:30:00,103.116,0
2013-09-19 01:00:00,98.022,0
2013-09-19 01:30:00,96.163,0
2013-09-19 02:00:00,96.359,0
2013-09-19 02:30:00,96.011,0
2013-09-19 03:00:00,92.22,0
2013-09-19 03:30:00,88.202,0
2013-09-19 04:00:00,89.766,0
2013-09-19 04:30:00,96.112,0
2013-09-19 05:00:00,104.434,0
2013-09-19 05:30:00,127.559,0
2013-09-19 06:00:00,159.235,0
2013-09-19 06:30:00,177.209,0
2013-09-19 07:00:00,191.442,0
2013-09-19 07:30:00,190.406,0
2013-09-19 08:00:00,177.672,0
2013-09-19 08:30:00,170.899,0
2013-09-19 09:00:00,170.258,0
2013-09-19 09:30:00,165.02,0
2013-09-19 10:00:00,170.412,0
2013-09-19 10:30:00,160.77,0
2013-09-19 11:00:00,166.119,0
2013-09-19 11:30:00,160.618,0
2013-09-19 12:00:00,171.489,0
2013-09-19 12:30:00,174.27,0
2013-09-19 13:00:00,174.419,0
2013-09-19 13:30:00,166.396,0
2013-09-19 14:00:00,174.11,0
2013-09-19 14:30:00,182.147,0
2013-09-19 15:00:00,179.014,0
2013-09-19 15:30:00,198.998,0
2013-09-19 16:00:00,222.577,0
2013-09-19 16:30:00,230.594,0
2013-09-19 17:00:00,236.92,0
2013-09-19 17:30:00,246.043,0
2013-09-19 18:00:00,264.184,0
2013-09-19 18:30:00,291.388,0
2013-09-19 19:00:00,304.544,0
2013-09-19 19:30:00,291.594,0
2013-09-19 20:00:00,280.289,0
2013-09-19 20:30:00,271.935,0
2013-09-19 21:00:00,256.575,0
2013-09-19 21:30:00,245.114,0
2013-09-19 22:00:00,218.792,0
2013-09-19 22:30:00,192.071,0
2013-09-19 23:00:00,164.87,0
2013-09-19 23:30:00,139.375,0
2013-09-20 00:00:00,123.738,0
2013-09-20 00:30:00,110.832,0
2013-09-20 01:00:00,105.815,0
2013-09-20 01:30:00,100.097,0
2013-09-20 02:00:00,95.678,0
2013-09-20 02:30:00,93.673,0
2013-09-20 03:00:00,90.69,0
2013-09-20 03:30:00,90.299,0
2013-09-20 04:00:00,89.738,0
2013-09-20 04:30:00,100.222,0
2013-09-20 05:00:00,108.941,0
2013-09-20 05:30:00,129.314,0
2013-09-20 06:00:00,160.832,0
2013-09-20 06:30:00,188.909,0
2013-09-20 07:00:00,197.859,0
2013-09-20 07:30:00,191.169,0
2013-09-20 08:00:00,190.551,0
2013-09-20 08:30:00,191.6,0
2013-09-20 09:00:00,176.046,0
2013-09-20 09:30:00,172.169,0
2013-09-20 10:00:00,166.648,0
2013-09-20 10:30:00,170.703,0
2013-09-20 11:00:00,169.824,0
2013-09-20 11:30:00,173.202,0
2013-09-20 12:00:00,174.569,0
2013-09-20 12:30:00,176.339,0
2013-09-20 13:00:00,168.597,0
2013-09-20 13:30:00,165.595,0
2013-09-20 14:00:00,167.131,0
2013-09-20 14:30:00,170.395,0
2013-09-20 15:00:00,171.872,0
2013-09-20 15:30:00,179.285,0
2013-09-20 16:00:00,185.368,0
2013-09-20 16:30:00,205.438,0
2013-09-20 17:00:00,217.08,0
2013-09-20 17:30:00,234.807,0
2013-09-20 18:00:00,247.977,0
2013-09-20 18:30:00,272.566,0
2013-09-20 19:00:00,273.693,0
2013-09-20 19:30:00,273.361,0
2013-09-20 20:00:00,264.257,0
2013-09-20 20:30:00,255.474,0
2013-09-20 21:00:00,242.918,0
2013-09-20 21:30:00,229.037,0
2013-09-20 22:00:00,211.736,0
2013-09-20 22:30:00,185.262,0
2013-09-20 23:00:00,158.643,0
2013-09-20 23:30:00,140.673,0
2013-09-21 00:00:00,124.455,0
2013-09-21 00:30:00,109.273,0
2013-09-21 01:00:00,103.375,0
2013-09-21 01:30:00,100.832,0
2013-09-21 02:00:00,97.748,0
2013-09-21 02:30:00,95.959,0
2013-09-21 03:00:00,89.123,0
2013-09-21 03:30:00,87.855,0
2013-09-21 04:00:00,91.112,0
2013-09-21 04:30:00,93.391,0
2013-09-21 05:00:00,96.526,0
2013-09-21 05:30:00,102.231,0
2013-09-21 06:00:00,118.102,0
2013-09-21 06:30:00,138.427,0
2013-09-21 07:00:00,155.821,0
2013-09-21 07:30:00,181.752,0
2013-09-21 08:00:00,199.139,0
2013-09-21 08:30:00,199.424,0
2013-09-21 09:00:00,198.839,0
2013-09-21 09:30:00,200.945,0
2013-09-21 10:00:00,201.182,0
2013-09-21 10:30:00,191.321,0
2013-09-21 11:00:00,189.261,0
2013-09-21 11:30:00,191.016,0
2013-09-21 12:00:00,195.035,0
2013-09-21 12:30:00,197.198,0
2013-09-21 13:00:00,187.742,0
2013-09-21 13:30:00,183.153,0
2013-09-21 14:00:00,178.493,0
2013-09-21 14:30:00,174.149,0
2013-09-21 15:00:00,178.805,0
2013-09-21 15:30:00,193.39,0
2013-09-21 16:00:00,208.958,0
2013-09-21 16:30:00,226.143,0
2013-09-21 17:00:00,228.221,0
2013-09-21 17:30:00,245.974,0
2013-09-21 18:00:00,257.344,0
2013-09-21 18:30:00,261.475,0
2013-09-21 19:00:00,270.676,0
2013-09-21 19:30:00,265.945,0
2013-09-21 20:00:00,247.858,0
2013-09-21 20:30:00,241.557,0
2013-09-21 21:00:00,239.119,0
2013-09-21 21:30:00,230.813,0
2013-09-21 22:00:00,211.451,0
2013-09-21 22:30:00,188.609,0
2013-09-21 23:00:00,160.662,0
2013-09-21 23:30:00,137.316,0
2013-09-22 00:00:00,122.625,0
2013-09-22 00:30:00,113.091,0
2013-09-22 01:00:00,102.504,0
2013-09-22 01:30:00,103.504,0
2013-09-22 02:00:00,95.981,0
2013-09-22 02:30:00,95.279,0
2013-09-22 03:00:00,90.849,0
2013-09-22 03:30:00,89.487,0
2013-09-22 04:00:00,89.894,0
2013-09-22 04:30:00,94.703,0
2013-09-22 05:00:00,95.393,0
2013-09-22 05:30:00,103.83,0
2013-09-22 06:00:00,112.237,0
2013-09-22 06:30:00,125.208,0
2013-09-22 07:00:00,150.611,0
2013-09-22 07:30:00,175.986,0
2013-09-22 08:00:00,187.559,0
2013-09-22 08:30:00,201.262,0
2013-09-22 09:00:00,209.366,0
2013-09-22 09:30:00,207.722,0
2013-09-22 10:00:00,211.275,0
2013-09-22 10:30:00,212.268,0
2013-09-22 11:00:00,220.973,0
2013-09-22 11:30:00,226.372,0
2013-09-22 12:00:00,238.45,0
2013-09-22 12:30:00,226.583,0
2013-09-22 13:00:00,227.414,0
2013-09-22 13:30:00,221.566,0
2013-09-22 14:00:00,210.485,0
2013-09-22 14:30:00,210.694,0
2013-09-22 15:00:00,210.205,0
2013-09-22 15:30:00,210.962,0
2013-09-22 16:00:00,225.397,0
2013-09-22 16:30:00,242.278,0
2013-09-22 17:00:00,242.98,0
2013-09-22 17:30:00,253.22,0
2013-09-22 18:00:00,274.43,0
2013-09-22 18:30:00,305.301,0
2013-09-22 19:00:00,308.501,0
2013-09-22 19:30:00,295.497,0
2013-09-22 20:00:00,280.851,0
2013-09-22 20:30:00,268.165,0
2013-09-22 21:00:00,244.121,0
2013-09-22 21:30:00,245.516,0
2013-09-22 22:00:00,213.533,0
2013-09-22 22:30:00,181.402,0
2013-09-22 23:00:00,149.636,0
2013-09-22 23:30:00,131.949,0
2013-09-23 00:00:00,119.249,0
2013-09-23 00:30:00,108.077,0
2013-09-23 01:00:00,97.299,0
2013-09-23 01:30:00,95.075,0
2013-09-23 02:00:00,96.437,0
2013-09-23 02:30:00,91.65,0
2013-09-23 03:00:00,90.114,0
2013-09-23 03:30:00,87.957,0
2013-09-23 04:00:00,88.721,0
2013-09-23 04:30:00,94.367,0
2013-09-23 05:00:00,107.496,0
2013-09-23 05:30:00,133.147,0
2013-09-23 06:00:00,158.906,0
2013-09-23 06:30:00,176.064,0
2013-09-23 07:00:00,191.439,0
2013-09-23 07:30:00,197.28,0
2013-09-23 08:00:00,189.23,0
2013-09-23 08:30:00,183.901,0
2013-09-23 09:00:00,184.629,0
2013-09-23 09:30:00,181.911,0
2013-09-23 10:00:00,171.675,0
2013-09-23 10:30:00,168.426,0
2013-09-23 11:00:00,172.551,0
2013-09-23 11:30:00,177.977,0
2013-09-23 12:00:00,180.95,0
2013-09-23 12:30:00,175.926,0
2013-09-23 13:00:00,175.632,0
2013-09-23 13:30:00,160.656,0
2013-09-23 14:00:00,155.849,0
2013-09-23 14:30:00,163.58,0
2013-09-23 15:00:00,169.713,0
2013-09-23 15:30:00,174.571,0
2013-09-23 16:00:00,182.931,0
2013-09-23 16:30:00,213.354,0
2013-09-23 17:00:00,220.584,0
2013-09-23 17:30:00,242.752,0
2013-09-23 18:00:00,266.167,0
2013-09-23 18:30:00,290.692,0
2013-09-23 19:00:00,308.478,0
2013-09-23 19:30:00,294.382,0
2013-09-23 20:00:00,278.897,0
2013-09-23 20:30:00,263.819,0
2013-09-23 21:00:00,251.906,0
2013-09-23 21:30:00,240.033,0
2013-09-23 22:00:00,213.46,0
2013-09-23 22:30:00,188.461,0
2013-09-23 23:00:00,158.783,0
2013-09-23 23:30:00,132.68,0
2013-09-24 00:00:00,117.776,0
2013-09-24 00:30:00,105.846,0
2013-09-24 01:00:00,100.271,0
2013-09-24 01:30:00,94.982,0
2013-09-24 02:00:00,95.672,0
2013-09-24 02:30:00,94.941,0
2013-09-24 03:00:00,90.667,0
2013-09-24 03:30:00,89.604,0
2013-09-24 04:00:00,89.158,0
2013-09-24 04:30:00,93.055,0
2013-09-24 05:00:00,102.017,0
2013-09-24 05:30:00,119.675,0
2013-09-24 06:00:00,151.317,0
2013-09-24 06:30:00,171.776,0
2013-09-24 07:00:00,180.527,0
2013-09-24 07:30:00,183.921,0
2013-09-24 08:00:00,183.021,0
2013-09-24 08:30:00,188.896,0
2013-09-24 09:00:00,183.242,0
2013-09-24 09:30:00,180.216,0
2013-09-24 10:00:00,157.079,0
2013-09-24 10:30:00,163.803,0
2013-09-24 11:00:00,167.139,0
2013-09-24 11:30:00,163.922,0
2013-09-24 12:00:00,162.891,0
2013-09-24 12:30:00,168.182,0
2013-09-24 13:00:00,161.05,0
2013-09-24 13:30:00,158.566,0
2013-09-24 14:00:00,155.636,0
2013-09-24 14:30:00,153.924,0
2013-09-24 15:00:00,163.59,0
2013-09-24 15:30:00,178.125,0
2013-09-24 16:00:00,193.756,0
2013-09-24 16:30:00,207.131,0
2013-09-24 17:00:00,212.983,0
2013-09-24 17:30:00,234.357,0
2013-09-24 18:00:00,254.84,0
2013-09-24 18:30:00,278.336,0
2013-09-24 19:00:00,281.727,0
2013-09-24 19:30:00,283.978,0
2013-09-24 20:00:00,276.209,0
2013-09-24 20:30:00,265.253,0
2013-09-24 21:00:00,239.183,0
2013-09-24 21:30:00,234.702,0
2013-09-24 22:00:00,202.838,0
2013-09-24 22:30:00,178.288,0
2013-09-24 23:00:00,155.781,0
2013-09-24 23:30:00,140.856,0
2013-09-25 00:00:00,120.522,0
2013-09-25 00:30:00,104.984,0
2013-09-25 01:00:00,98.817,0
2013-09-25 01:30:00,97.331,0
2013-09-25 02:00:00,97.652,0
2013-09-25 02:30:00,97.193,0
2013-09-25 03:00:00,91.298,0
2013-09-25 03:30:00,92.393,0
2013-09-25 04:00:00,91.597,0
2013-09-25 04:30:00,95.434,0
2013-09-25 05:00:00,108.095,0
2013-09-25 05:30:00,126.601,0
2013-09-25 06:00:00,154.968,0
2013-09-25 06:30:00,178.96,0
2013-09-25 07:00:00,187.333,0
2013-09-25 07:30:00,198.704,0
2013-09-25 08:00:00,172.755,0
2013-09-25 08:30:00,179.932,0
2013-09-25 09:00:00,175.63,0
2013-09-25 09:30:00,164.059,0
2013-09-25 10:00:00,172.119,0
2013-09-25 10:30:00,165.971,0
2013-09-25 11:00:00,167.493,0
2013-09-25 11:30:00,171.984,0
2013-09-25 12:00:00,171.565,0
2013-09-25 12:30:00,164.561,0
2013-09-25 13:00:00,157.576,0
2013-09-25 13:30:00,155.234,0
2013-09-25 14:00:00,155.479,0
2013-09-25 14:30:00,152.93,0
2013-09-25 15:00:00,167.688,0
2013-09-25 15:30:00,179.38,0
2013-09-25 16:00:00,186.972,0
2013-09-25 16:30:00,207.213,0
2013-09-25 17:00:00,211.993,0
2013-09-25 17:30:00,235.329,0
2013-09-25 18:00:00,274.455,0
2013-09-25 18:30:00,281.067,0
2013-09-25 19:00:00,289.457,0
2013-09-25 19:30:00,287.578,0
2013-09-25 20:00:00,271.72,0
2013-09-25 20:30:00,264.914,0
2013-09-25 21:00:00,253.921,0
2013-09-25 21:30:00,235.598,0
2013-09-25 22:00:00,212.438,0
2013-09-25 22:30:00,184.483,0
2013-09-25 23:00:00,152.274,0
2013-09-25 23:30:00,135.133,0
2013-09-26 00:00:00,112.86,0
2013-09-26 00:30:00,104.804,0
2013-09-26 01:00:00,98.774,0
2013-09-26 01:30:00,97.138,0
2013-09-26 02:00:00,96.02,0
2013-09-26 02:30:00,93.731,0
2013-09-26 03:00:00,92.266,0
2013-09-26 03:30:00,89.998,0
2013-09-26 04:00:00,91.632,0
2013-09-26 04:30:00,95.851,0
2013-09-26 05:00:00,106.943,0
2013-09-26 05:30:00,122.797,0
2013-09-26 06:00:00,152.622,0
2013-09-26 06:30:00,174.772,0
2013-09-26 07:00:00,188.303,0
2013-09-26 07:30:00,194.457,0
2013-09-26 08:00:00,185.444,0
2013-09-26 08:30:00,182.25,0
2013-09-26 09:00:00,172.086,0
2013-09-26 09:30:00,171.637,0
2013-09-26 10:00:00,170.188,0
2013-09-26 10:30:00,167.453,0
2013-09-26 11:00:00,163.231,0
2013-09-26 11:30:00,165.171,0
2013-09-26 12:00:00,163.958,0
2013-09-26 12:30:00,163.576,0
2013-09-26 13:00:00,163.09,0
2013-09-26 13:30:00,158.78,0
2013-09-26 14:00:00,169.154,0
2013-09-26 14:30:00,162.593,0
2013-09-26 15:00:00,163.685,0
2013-09-26 15:30:00,177.705,0
2013-09-26 16:00:00,197.679,0
2013-09-26 16:30:00,206.072,0
2013-09-26 17:00:00,217.063,0
2013-09-26 17:30:00,233.459,0
2013-09-26 18:00:00,249.924,0
2013-09-26 18:30:00,277.804,0
2013-09-26 19:00:00,281.116,0
2013-09-26 19:30:00,271.5,0
2013-09-26 20:00:00,265.576,0
2013-09-26 20:30:00,259.737,0
2013-09-26 21:00:00,247.708,0
2013-09-26 21:30:00,233.917,0
2013-09-26 22:00:00,209.758,0
2013-09-26 22:30:00,179.135,0
2013-09-26 23:00:00,156.76,0
2013-09-26 23:30:00,131.765,0
2013-09-27 00:00:00,119.244,0
2013-09-27 00:30:00,104.378,0
2013-09-27 01:00:00,101.833,0
2013-09-27 01:30:00,93.787,0
2013-09-27 02:00:00,92.704,0
2013-09-27 02:30:00,90.086,0
2013-09-27 03:00:00,88.7,0
2013-09-27 03:30:00,91.294,0
2013-09-27 04:00:00,90.532,0
2013-09-27 04:30:00,93.194,0
2013-09-27 05:00:00,99.336,0
2013-09-27 05:30:00,120.169,0
2013-09-27 06:00:00,153.882,0
2013-09-27 06:30:00,173.062,0
2013-09-27 07:00:00,187.273,0
2013-09-27 07:30:00,189.909,0
2013-09-27 08:00:00,182.171,0
2013-09-27 08:30:00,191.682,0
2013-09-27 09:00:00,176.098,0
2013-09-27 09:30:00,173.377,0
2013-09-27 10:00:00,167.192,0
2013-09-27 10:30:00,162.345,0
2013-09-27 11:00:00,158.864,0
2013-09-27 11:30:00,161.302,0
2013-09-27 12:00:00,169.276,0
2013-09-27 12:30:00,170.896,0
2013-09-27 13:00:00,158.867,0
2013-09-27 13:30:00,154.227,0
2013-09-27 14:00:00,152.001,0
2013-09-27 14:30:00,155.553,0
2013-09-27 15:00:00,159.768,0
2013-09-27 15:30:00,171.147,0
2013-09-27 16:00:00,185.225,0
2013-09-27 16:30:00,198.864,0
2013-09-27 17:00:00,219.764,0
2013-09-27 17:30:00,243.577,0
2013-09-27 18:00:00,267.188,0
2013-09-27 18:30:00,298.481,0
2013-09-27 19:00:00,289.34,0
2013-09-27 19:30:00,277.658,0
2013-09-27 20:00:00,261.032,0
2013-09-27 20:30:00,255.05,0
2013-09-27 21:00:00,241.267,0
2013-09-27 21:30:00,230.76,0
2013-09-27 22:00:00,205.881,0
2013-09-27 22:30:00,180.193,0
2013-09-27 23:00:00,158.653,0
2013-09-27 23:30:00,141.406,0
2013-09-28 00:00:00,125.171,0
2013-09-28 00:30:00,113.329,0
2013-09-28 01:00:00,105.587,0
2013-09-28 01:30:00,101.703,0
2013-09-28 02:00:00,100.391,0
2013-09-28 02:30:00,94.314,0
2013-09-28 03:00:00,92.176,0
2013-09-28 03:30:00,92.217,0
2013-09-28 04:00:00,90.568,0
2013-09-28 04:30:00,91.628,0
2013-09-28 05:00:00,97.276,0
2013-09-28 05:30:00,104.123,0
2013-09-28 06:00:00,117.268,0
2013-09-28 06:30:00,132.421,0
2013-09-28 07:00:00,158.943,0
2013-09-28 07:30:00,173.422,0
2013-09-28 08:00:00,191.883,0
2013-09-28 08:30:00,201.724,0
2013-09-28 09:00:00,197.196,0
2013-09-28 09:30:00,182.161,0
2013-09-28 10:00:00,186.065,0
2013-09-28 10:30:00,184.198,0
2013-09-28 11:00:00,181.611,0
2013-09-28 11:30:00,196.919,0
2013-09-28 12:00:00,200.13,0
2013-09-28 12:30:00,204.037,0
2013-09-28 13:00:00,191.537,0
2013-09-28 13:30:00,195.636,0
2013-09-28 14:00:00,189.94,0
2013-09-28 14:30:00,186.82,0
2013-09-28 15:00:00,195.23,0
2013-09-28 15:30:00,203.443,0
2013-09-28 16:00:00,209.249,0
2013-09-28 16:30:00,227.25,0
2013-09-28 17:00:00,232.918,0
2013-09-28 17:30:00,251.361,0
2013-09-28 18:00:00,270.503,0
2013-09-28 18:30:00,297.493,0
2013-09-28 19:00:00,281.21,0
2013-09-28 19:30:00,275.45,0
2013-09-28 20:00:00,264.54,0
2013-09-28 20:30:00,249.274,0
2013-09-28 21:00:00,240.506,0
2013-09-28 21:30:00,232.693,0
2013-09-28 22:00:00,217.665,0
2013-09-28 22:30:00,191.339,0
2013-09-28 23:00:00,164.733,0
2013-09-28 23:30:00,146.961,0
2013-09-29 00:00:00,136.525,0
2013-09-29 00:30:00,122.71,0
2013-09-29 01:00:00,110.906,0
2013-09-29 01:30:00,105.078,0
2013-09-29 02:00:00,102.26,0
2013-09-29 02:30:00,100.304,0
2013-09-29 03:00:00,96.293,0
2013-09-29 03:30:00,93.759,0
2013-09-29 04:00:00,90.535,0
2013-09-29 04:30:00,94.406,0
2013-09-29 05:00:00,99.966,0
2013-09-29 05:30:00,102.169,0
2013-09-29 06:00:00,112.964,0
2013-09-29 06:30:00,129.62,0
2013-09-29 07:00:00,137.631,0
2013-09-29 07:30:00,159.075,0
2013-09-29 08:00:00,181.434,0
2013-09-29 08:30:00,196.987,0
2013-09-29 09:00:00,200.061,0
2013-09-29 09:30:00,203.042,0
2013-09-29 10:00:00,196.037,0
2013-09-29 10:30:00,208.044,0
2013-09-29 11:00:00,206.738,0
2013-09-29 11:30:00,221.741,0
2013-09-29 12:00:00,228.609,0
2013-09-29 12:30:00,218.289,0
2013-09-29 13:00:00,209.0,0
2013-09-29 13:30:00,204.744,0
2013-09-29 14:00:00,208.383,0
2013-09-29 14:30:00,217.314,0
2013-09-29 15:00:00,217.051,0
2013-09-29 15:30:00,210.96,0
2013-09-29 16:00:00,227.763,0
2013-09-29 16:30:00,221.663,0
2013-09-29 17:00:00,243.015,0
2013-09-29 17:30:00,273.356,0
2013-09-29 18:00:00,286.923,0
2013-09-29 18:30:00,295.773,0
2013-09-29 19:00:00,283.258,0
2013-09-29 19:30:00,276.648,0
2013-09-29 20:00:00,272.521,0
2013-09-29 20:30:00,258.893,0
2013-09-29 21:00:00,256.978,0
2013-09-29 21:30:00,238.105,0
2013-09-29 22:00:00,210.391,0
2013-09-29 22:30:00,182.233,0
2013-09-29 23:00:00,145.998,0
2013-09-29 23:30:00,123.484,0
2013-09-30 00:00:00,116.099,0
2013-09-30 00:30:00,104.13,0
2013-09-30 01:00:00,100.312,0
2013-09-30 01:30:00,95.219,0
2013-09-30 02:00:00,92.34,0
2013-09-30 02:30:00,88.97,0
2013-09-30 03:00:00,87.522,0
2013-09-30 03:30:00,87.447,0
2013-09-30 04:00:00,90.506,0
2013-09-30 04:30:00,98.514,0
2013-09-30 05:00:00,106.787,0
2013-09-30 05:30:00,126.137,0
2013-09-30 06:00:00,164.58,0
2013-09-30 06:30:00,176.726,0
2013-09-30 07:00:00,184.716,0
2013-09-30 07:30:00,189.294,0
2013-09-30 08:00:00,183.337,0
2013-09-30 08:30:00,184.829,0
2013-09-30 09:00:00,175.761,0
2013-09-30 09:30:00,173.66,0
2013-09-30 10:00:00,167.892,0
2013-09-30 10:30:00,166.502,0
2013-09-30 11:00:00,174.005,0
2013-09-30 11:30:00,172.215,0
2013-09-30 12:00:00,172.536,0
2013-09-30 12:30:00,176.386,0
2013-09-30 13:00:00,172.255,0
2013-09-30 13:30:00,162.28,0
2013-09-30 14:00:00,162.901,0
2013-09-30 14:30:00,166.957,0
2013-09-30 15:00:00,169.772,0
2013-09-30 15:30:00,183.001,0
2013-09-30 16:00:00,196.159,0
2013-09-30 16:30:00,213.095,0
2013-09-30 17:00:00,227.589,0
2013-09-30 17:30:00,253.253,0
2013-09-30 18:00:00,285.457,0
2013-09-30 18:30:00,300.989,0
2013-09-30 19:00:00,298.938,0
2013-09-30 19:30:00,290.867,0
2013-09-30 20:00:00,275.022,0
2013-09-30 20:30:00,261.706,0
2013-09-30 21:00:00,255.419,0
2013-09-30 21:30:00,236.604,0
2013-09-30 22:00:00,212.527,0
2013-09-30 22:30:00,178.826,0
2013-09-30 23:00:00,148.642,0
2013-09-30 23:30:00,130.919,0
2013-10-01 00:00:00,116.911,0
2013-10-01 00:30:00,106.097,0
2013-10-01 01:00:00,101.023,0
2013-10-01 01:30:00,96.742,0
2013-10-01 02:00:00,98.322,0
2013-10-01 02:30:00,92.805,0
2013-10-01 03:00:00,88.502,0
2013-10-01 03:30:00,88.72,0
2013-10-01 04:00:00,90.081,0
2013-10-01 04:30:00,96.729,0
2013-10-01 05:00:00,108.129,0
2013-10-01 05:30:00,126.842,0
2013-10-01 06:00:00,163.601,0
2013-10-01 06:30:00,171.17,0
2013-10-01 07:00:00,183.18,0
2013-10-01 07:30:00,190.258,0
2013-10-01 08:00:00,169.637,0
2013-10-01 08:30:00,173.048,0
2013-10-01 09:00:00,174.129,0
2013-10-01 09:30:00,164.388,0
2013-10-01 10:00:00,166.444,0
2013-10-01 10:30:00,163.548,0
2013-10-01 11:00:00,177.146,0
2013-10-01 11:30:00,173.878,0
2013-10-01 12:00:00,175.024,0
2013-10-01 12:30:00,168.906,0
2013-10-01 13:00:00,167.752,0
2013-10-01 13:30:00,173.351,0
2013-10-01 14:00:00,179.459,0
2013-10-01 14:30:00,170.367,0
2013-10-01 15:00:00,179.565,0
2013-10-01 15:30:00,192.719,0
2013-10-01 16:00:00,203.279,0
2013-10-01 16:30:00,234.22,0
2013-10-01 17:00:00,241.798,0
2013-10-01 17:30:00,286.744,0
2013-10-01 18:00:00,305.68,0
2013-10-01 18:30:00,317.311,0
2013-10-01 19:00:00,308.108,0
2013-10-01 19:30:00,296.446,0
2013-10-01 20:00:00,278.79200000000003,0
2013-10-01 20:30:00,263.363,0
2013-10-01 21:00:00,246.869,0
2013-10-01 21:30:00,244.025,0
2013-10-01 22:00:00,218.728,0
2013-10-01 22:30:00,187.492,0
2013-10-01 23:00:00,162.424,0
2013-10-01 23:30:00,136.655,0
2013-10-02 00:00:00,123.371,0
2013-10-02 00:30:00,107.583,0
2013-10-02 01:00:00,100.553,0
2013-10-02 01:30:00,98.507,0
2013-10-02 02:00:00,94.801,0
2013-10-02 02:30:00,92.463,0
2013-10-02 03:00:00,91.685,0
2013-10-02 03:30:00,91.334,0
2013-10-02 04:00:00,91.257,0
2013-10-02 04:30:00,98.162,0
2013-10-02 05:00:00,105.432,0
2013-10-02 05:30:00,125.527,0
2013-10-02 06:00:00,160.672,0
2013-10-02 06:30:00,186.603,0
2013-10-02 07:00:00,196.205,0
2013-10-02 07:30:00,196.594,0
2013-10-02 08:00:00,192.926,0
2013-10-02 08:30:00,193.97,0
2013-10-02 09:00:00,192.95,0
2013-10-02 09:30:00,193.274,0
2013-10-02 10:00:00,175.725,0
2013-10-02 10:30:00,171.309,0
2013-10-02 11:00:00,170.152,0
2013-10-02 11:30:00,169.519,0
2013-10-02 12:00:00,168.409,0
2013-10-02 12:30:00,170.364,0
2013-10-02 13:00:00,167.505,0
2013-10-02 13:30:00,164.549,0
2013-10-02 14:00:00,163.683,0
2013-10-02 14:30:00,167.659,0
2013-10-02 15:00:00,171.152,0
2013-10-02 15:30:00,178.776,0
2013-10-02 16:00:00,198.997,0
2013-10-02 16:30:00,218.503,0
2013-10-02 17:00:00,228.57,0
2013-10-02 17:30:00,258.697,0
2013-10-02 18:00:00,289.815,0
2013-10-02 18:30:00,304.661,0
2013-10-02 19:00:00,302.773,0
2013-10-02 19:30:00,290.375,0
2013-10-02 20:00:00,282.121,0
2013-10-02 20:30:00,269.113,0
2013-10-02 21:00:00,263.98,0
2013-10-02 21:30:00,244.276,0
2013-10-02 22:00:00,218.289,0
2013-10-02 22:30:00,187.156,0
2013-10-02 23:00:00,155.243,0
2013-10-02 23:30:00,135.388,0
2013-10-03 00:00:00,116.348,0
2013-10-03 00:30:00,107.294,0
2013-10-03 01:00:00,98.491,0
2013-10-03 01:30:00,95.685,0
2013-10-03 02:00:00,92.935,0
2013-10-03 02:30:00,91.981,0
2013-10-03 03:00:00,90.416,0
2013-10-03 03:30:00,89.479,0
2013-10-03 04:00:00,91.787,0
2013-10-03 04:30:00,99.907,0
2013-10-03 05:00:00,108.537,0
2013-10-03 05:30:00,125.594,0
2013-10-03 06:00:00,158.736,0
2013-10-03 06:30:00,182.181,0
2013-10-03 07:00:00,191.223,0
2013-10-03 07:30:00,188.555,0
2013-10-03 08:00:00,181.151,0
2013-10-03 08:30:00,174.498,0
2013-10-03 09:00:00,171.366,0
2013-10-03 09:30:00,164.452,0
2013-10-03 10:00:00,164.978,0
2013-10-03 10:30:00,160.457,0
2013-10-03 11:00:00,166.197,0
2013-10-03 11:30:00,173.307,0
2013-10-03 12:00:00,179.47,0
2013-10-03 12:30:00,181.316,0
2013-10-03 13:00:00,182.049,0
2013-10-03 13:30:00,178.339,0
2013-10-03 14:00:00,176.949,0
2013-10-03 14:30:00,176.938,0
2013-10-03 15:00:00,179.648,0
2013-10-03 15:30:00,191.954,0
2013-10-03 16:00:00,204.122,0
2013-10-03 16:30:00,217.616,0
2013-10-03 17:00:00,224.515,0
2013-10-03 17:30:00,261.397,0
2013-10-03 18:00:00,290.082,0
2013-10-03 18:30:00,306.688,0
2013-10-03 19:00:00,296.949,0
2013-10-03 19:30:00,287.565,0
2013-10-03 20:00:00,271.48,0
2013-10-03 20:30:00,264.982,0
2013-10-03 21:00:00,252.494,0
2013-10-03 21:30:00,244.001,0
2013-10-03 22:00:00,206.941,0
2013-10-03 22:30:00,183.144,0
2013-10-03 23:00:00,160.661,0
2013-10-03 23:30:00,136.925,0
2013-10-04 00:00:00,122.704,0
2013-10-04 00:30:00,106.011,0
2013-10-04 01:00:00,96.044,0
2013-10-04 01:30:00,95.095,0
2013-10-04 02:00:00,95.385,0
2013-10-04 02:30:00,94.293,0
2013-10-04 03:00:00,90.439,0
2013-10-04 03:30:00,89.389,0
2013-10-04 04:00:00,90.88,0
2013-10-04 04:30:00,101.886,0
2013-10-04 05:00:00,107.794,0
2013-10-04 05:30:00,120.902,0
2013-10-04 06:00:00,154.606,0
2013-10-04 06:30:00,174.501,0
2013-10-04 07:00:00,187.602,0
2013-10-04 07:30:00,201.226,0
2013-10-04 08:00:00,194.569,0
2013-10-04 08:30:00,188.103,0
2013-10-04 09:00:00,181.124,0
2013-10-04 09:30:00,177.906,0
2013-10-04 10:00:00,173.413,0
2013-10-04 10:30:00,171.547,0
2013-10-04 11:00:00,173.049,0
2013-10-04 11:30:00,184.717,0
2013-10-04 12:00:00,178.012,0
2013-10-04 12:30:00,178.869,0
2013-10-04 13:00:00,174.72,0
2013-10-04 13:30:00,168.405,0
2013-10-04 14:00:00,167.256,0
2013-10-04 14:30:00,166.135,0
2013-10-04 15:00:00,176.468,0
2013-10-04 15:30:00,184.156,0
2013-10-04 16:00:00,186.826,0
2013-10-04 16:30:00,195.971,0
2013-10-04 17:00:00,215.258,0
2013-10-04 17:30:00,243.367,0
2013-10-04 18:00:00,279.43,0
2013-10-04 18:30:00,286.241,0
2013-10-04 19:00:00,279.948,0
2013-10-04 19:30:00,262.64,0
2013-10-04 20:00:00,254.512,0
2013-10-04 20:30:00,252.327,0
2013-10-04 21:00:00,235.212,0
2013-10-04 21:30:00,218.707,0
2013-10-04 22:00:00,203.355,0
2013-10-04 22:30:00,177.007,0
2013-10-04 23:00:00,152.319,0
2013-10-04 23:30:00,133.658,0
2013-10-05 00:00:00,121.388,0
2013-10-05 00:30:00,111.722,0
2013-10-05 01:00:00,103.498,0
2013-10-05 01:30:00,97.693,0
2013-10-05 02:00:00,95.165,0
2013-10-05 02:30:00,96.866,0
2013-10-05 03:00:00,89.699,0
2013-10-05 03:30:00,89.426,0
2013-10-05 04:00:00,92.458,0
2013-10-05 04:30:00,92.809,0
2013-10-05 05:00:00,97.008,0
2013-10-05 05:30:00,108.4,0
2013-10-05 06:00:00,119.623,0
2013-10-05 06:30:00,137.994,0
2013-10-05 07:00:00,162.275,0
2013-10-05 07:30:00,174.287,0
2013-10-05 08:00:00,190.379,0
2013-10-05 08:30:00,196.259,0
2013-10-05 09:00:00,192.562,0
2013-10-05 09:30:00,188.584,0
2013-10-05 10:00:00,194.247,0
2013-10-05 10:30:00,185.817,0
2013-10-05 11:00:00,189.962,0
2013-10-05 11:30:00,200.987,0
2013-10-05 12:00:00,192.581,0
2013-10-05 12:30:00,190.349,0
2013-10-05 13:00:00,191.911,0
2013-10-05 13:30:00,196.561,0
2013-10-05 14:00:00,187.832,0
2013-10-05 14:30:00,195.673,0
2013-10-05 15:00:00,210.625,0
2013-10-05 15:30:00,213.464,0
2013-10-05 16:00:00,207.098,0
2013-10-05 16:30:00,233.17,0
2013-10-05 17:00:00,242.98,0
2013-10-05 17:30:00,257.289,0
2013-10-05 18:00:00,282.191,0
2013-10-05 18:30:00,292.503,0
2013-10-05 19:00:00,282.265,0
2013-10-05 19:30:00,278.641,0
2013-10-05 20:00:00,256.501,0
2013-10-05 20:30:00,239.456,0
2013-10-05 21:00:00,238.511,0
2013-10-05 21:30:00,225.218,0
2013-10-05 22:00:00,206.995,0
2013-10-05 22:30:00,191.181,0
2013-10-05 23:00:00,162.854,0
2013-10-05 23:30:00,144.047,0
2013-10-06 00:00:00,130.214,0
2013-10-06 00:30:00,117.535,0
2013-10-06 01:00:00,104.149,0
2013-10-06 01:30:00,97.947,0
2013-10-06 02:00:00,100.314,0
2013-10-06 02:30:00,95.92,0
2013-10-06 03:00:00,91.369,0
2013-10-06 03:30:00,91.696,0
2013-10-06 04:00:00,91.643,0
2013-10-06 04:30:00,91.456,0
2013-10-06 05:00:00,93.839,0
2013-10-06 05:30:00,102.581,0
2013-10-06 06:00:00,115.233,0
2013-10-06 06:30:00,133.177,0
2013-10-06 07:00:00,150.105,0
2013-10-06 07:30:00,174.778,0
2013-10-06 08:00:00,196.56,0
2013-10-06 08:30:00,201.567,0
2013-10-06 09:00:00,205.014,0
2013-10-06 09:30:00,201.188,0
2013-10-06 10:00:00,201.019,0
2013-10-06 10:30:00,204.795,0
2013-10-06 11:00:00,207.293,0
2013-10-06 11:30:00,223.929,0
2013-10-06 12:00:00,231.127,0
2013-10-06 12:30:00,230.137,0
2013-10-06 13:00:00,212.295,0
2013-10-06 13:30:00,209.683,0
2013-10-06 14:00:00,194.926,0
2013-10-06 14:30:00,196.58,0
2013-10-06 15:00:00,208.413,0
2013-10-06 15:30:00,220.934,0
2013-10-06 16:00:00,215.465,0
2013-10-06 16:30:00,233.583,0
2013-10-06 17:00:00,245.41,0
2013-10-06 17:30:00,278.569,0
2013-10-06 18:00:00,297.151,0
2013-10-06 18:30:00,305.137,0
2013-10-06 19:00:00,300.402,0
2013-10-06 19:30:00,299.176,0
2013-10-06 20:00:00,271.534,0
2013-10-06 20:30:00,257.331,0
2013-10-06 21:00:00,247.536,0
2013-10-06 21:30:00,237.707,0
2013-10-06 22:00:00,213.32,0
2013-10-06 22:30:00,210.734,0
2013-10-06 23:00:00,183.134,0
2013-10-06 23:30:00,155.955,0
2013-10-07 00:00:00,133.818,0
2013-10-07 00:30:00,122.47,0
2013-10-07 01:00:00,108.278,0
2013-10-07 01:30:00,98.754,0
2013-10-07 02:00:00,95.634,0
2013-10-07 02:30:00,91.41,0
2013-10-07 03:00:00,88.28,0
2013-10-07 03:30:00,88.459,0
2013-10-07 04:00:00,88.559,0
2013-10-07 04:30:00,94.03,0
2013-10-07 05:00:00,99.973,0
2013-10-07 05:30:00,127.737,0
2013-10-07 06:00:00,160.236,0
2013-10-07 06:30:00,191.085,0
2013-10-07 07:00:00,184.867,0
2013-10-07 07:30:00,184.808,0
2013-10-07 08:00:00,181.728,0
2013-10-07 08:30:00,178.336,0
2013-10-07 09:00:00,176.889,0
2013-10-07 09:30:00,170.54,0
2013-10-07 10:00:00,174.619,0
2013-10-07 10:30:00,169.007,0
2013-10-07 11:00:00,167.724,0
2013-10-07 11:30:00,176.386,0
2013-10-07 12:00:00,177.303,0
2013-10-07 12:30:00,172.363,0
2013-10-07 13:00:00,172.414,0
2013-10-07 13:30:00,168.46,0
2013-10-07 14:00:00,164.819,0
2013-10-07 14:30:00,167.139,0
2013-10-07 15:00:00,165.611,0
2013-10-07 15:30:00,175.353,0
2013-10-07 16:00:00,188.045,0
2013-10-07 16:30:00,203.32,0
2013-10-07 17:00:00,232.849,0
2013-10-07 17:30:00,276.037,0
2013-10-07 18:00:00,312.297,0
2013-10-07 18:30:00,308.59,0
2013-10-07 19:00:00,301.388,0
2013-10-07 19:30:00,282.812,0
2013-10-07 20:00:00,277.392,0
2013-10-07 20:30:00,266.915,0
2013-10-07 21:00:00,255.163,0
2013-10-07 21:30:00,235.564,0
2013-10-07 22:00:00,210.448,0
2013-10-07 22:30:00,172.638,0
2013-10-07 23:00:00,143.72,0
2013-10-07 23:30:00,131.597,0
2013-10-08 00:00:00,119.491,0
2013-10-08 00:30:00,105.844,0
2013-10-08 01:00:00,97.361,0
2013-10-08 01:30:00,95.37,0
2013-10-08 02:00:00,93.378,0
2013-10-08 02:30:00,90.825,0
2013-10-08 03:00:00,87.011,0
2013-10-08 03:30:00,87.632,0
2013-10-08 04:00:00,90.797,0
2013-10-08 04:30:00,97.006,0
2013-10-08 05:00:00,114.51,0
2013-10-08 05:30:00,124.293,0
2013-10-08 06:00:00,159.197,0
2013-10-08 06:30:00,177.757,0
2013-10-08 07:00:00,188.339,0
2013-10-08 07:30:00,194.657,0
2013-10-08 08:00:00,179.783,0
2013-10-08 08:30:00,183.991,0
2013-10-08 09:00:00,176.145,0
2013-10-08 09:30:00,167.506,0
2013-10-08 10:00:00,158.347,0
2013-10-08 10:30:00,163.15,0
2013-10-08 11:00:00,164.474,0
2013-10-08 11:30:00,169.161,0
2013-10-08 12:00:00,165.632,0
2013-10-08 12:30:00,162.128,0
2013-10-08 13:00:00,168.466,0
2013-10-08 13:30:00,163.511,0
2013-10-08 14:00:00,160.568,0
2013-10-08 14:30:00,170.788,0
2013-10-08 15:00:00,170.179,0
2013-10-08 15:30:00,182.991,0
2013-10-08 16:00:00,206.906,0
2013-10-08 16:30:00,227.125,0
2013-10-08 17:00:00,236.127,0
2013-10-08 17:30:00,269.658,0
2013-10-08 18:00:00,308.879,0
2013-10-08 18:30:00,311.85,0
2013-10-08 19:00:00,300.149,0
2013-10-08 19:30:00,293.661,0
2013-10-08 20:00:00,270.536,0
2013-10-08 20:30:00,260.536,0
2013-10-08 21:00:00,250.424,0
2013-10-08 21:30:00,242.594,0
2013-10-08 22:00:00,212.08,0
2013-10-08 22:30:00,186.385,0
2013-10-08 23:00:00,158.938,0
2013-10-08 23:30:00,136.71,0
2013-10-09 00:00:00,118.942,0
2013-10-09 00:30:00,107.514,0
2013-10-09 01:00:00,102.323,0
2013-10-09 01:30:00,98.955,0
2013-10-09 02:00:00,96.762,0
2013-10-09 02:30:00,95.488,0
2013-10-09 03:00:00,90.869,0
2013-10-09 03:30:00,93.935,0
2013-10-09 04:00:00,91.972,0
2013-10-09 04:30:00,102.531,0
2013-10-09 05:00:00,108.356,0
2013-10-09 05:30:00,127.519,0
2013-10-09 06:00:00,159.459,0
2013-10-09 06:30:00,191.554,0
2013-10-09 07:00:00,192.459,0
2013-10-09 07:30:00,196.269,0
2013-10-09 08:00:00,179.989,0
2013-10-09 08:30:00,177.566,0
2013-10-09 09:00:00,176.171,0
2013-10-09 09:30:00,166.763,0
2013-10-09 10:00:00,161.895,0
2013-10-09 10:30:00,167.829,0
2013-10-09 11:00:00,173.447,0
2013-10-09 11:30:00,172.327,0
2013-10-09 12:00:00,171.507,0
2013-10-09 12:30:00,170.945,0
2013-10-09 13:00:00,169.44,0
2013-10-09 13:30:00,165.632,0
2013-10-09 14:00:00,161.763,0
2013-10-09 14:30:00,162.64,0
2013-10-09 15:00:00,173.814,0
2013-10-09 15:30:00,188.653,0
2013-10-09 16:00:00,189.131,0
2013-10-09 16:30:00,220.291,0
2013-10-09 17:00:00,235.751,0
2013-10-09 17:30:00,267.132,0
2013-10-09 18:00:00,302.312,0
2013-10-09 18:30:00,318.362,0
2013-10-09 19:00:00,308.349,0
2013-10-09 19:30:00,300.52,0
2013-10-09 20:00:00,281.122,0
2013-10-09 20:30:00,267.276,0
2013-10-09 21:00:00,254.165,0
2013-10-09 21:30:00,236.963,0
2013-10-09 22:00:00,212.963,0
2013-10-09 22:30:00,186.871,0
2013-10-09 23:00:00,158.113,0
2013-10-09 23:30:00,135.199,0
2013-10-10 00:00:00,121.208,0
2013-10-10 00:30:00,104.342,0
2013-10-10 01:00:00,95.763,0
2013-10-10 01:30:00,94.624,0
2013-10-10 02:00:00,95.186,0
2013-10-10 02:30:00,94.641,0
2013-10-10 03:00:00,88.227,0
2013-10-10 03:30:00,90.084,0
2013-10-10 04:00:00,89.325,0
2013-10-10 04:30:00,101.949,0
2013-10-10 05:00:00,112.446,0
2013-10-10 05:30:00,134.895,0
2013-10-10 06:00:00,161.621,0
2013-10-10 06:30:00,197.211,0
2013-10-10 07:00:00,207.125,0
2013-10-10 07:30:00,211.783,0
2013-10-10 08:00:00,182.421,0
2013-10-10 08:30:00,173.484,0
2013-10-10 09:00:00,166.439,0
2013-10-10 09:30:00,169.625,0
2013-10-10 10:00:00,165.136,0
2013-10-10 10:30:00,162.386,0
2013-10-10 11:00:00,166.136,0
2013-10-10 11:30:00,166.553,0
2013-10-10 12:00:00,172.202,0
2013-10-10 12:30:00,173.825,0
2013-10-10 13:00:00,176.978,0
2013-10-10 13:30:00,172.318,0
2013-10-10 14:00:00,172.914,0
2013-10-10 14:30:00,173.184,0
2013-10-10 15:00:00,180.644,0
2013-10-10 15:30:00,181.573,0
2013-10-10 16:00:00,197.523,0
2013-10-10 16:30:00,231.281,0
2013-10-10 17:00:00,253.562,0
2013-10-10 17:30:00,277.56,0
2013-10-10 18:00:00,313.452,0
2013-10-10 18:30:00,317.203,0
2013-10-10 19:00:00,302.938,0
2013-10-10 19:30:00,287.519,0
2013-10-10 20:00:00,284.415,0
2013-10-10 20:30:00,278.396,0
2013-10-10 21:00:00,263.494,0
2013-10-10 21:30:00,241.233,0
2013-10-10 22:00:00,213.944,0
2013-10-10 22:30:00,185.697,0
2013-10-10 23:00:00,161.552,0
2013-10-10 23:30:00,136.415,0
2013-10-11 00:00:00,119.774,0
2013-10-11 00:30:00,107.77,0
2013-10-11 01:00:00,101.845,0
2013-10-11 01:30:00,98.05,0
2013-10-11 02:00:00,96.413,0
2013-10-11 02:30:00,96.306,0
2013-10-11 03:00:00,93.342,0
2013-10-11 03:30:00,90.414,0
2013-10-11 04:00:00,93.331,0
2013-10-11 04:30:00,99.931,0
2013-10-11 05:00:00,107.826,0
2013-10-11 05:30:00,133.786,0
2013-10-11 06:00:00,165.567,0
2013-10-11 06:30:00,196.062,0
2013-10-11 07:00:00,196.371,0
2013-10-11 07:30:00,199.51,0
2013-10-11 08:00:00,189.374,0
2013-10-11 08:30:00,175.996,0
2013-10-11 09:00:00,169.532,0
2013-10-11 09:30:00,176.145,0
2013-10-11 10:00:00,170.463,0
2013-10-11 10:30:00,224.306,0
2013-10-11 11:00:00,225.536,0
2013-10-11 11:30:00,225.0,0
2013-10-11 12:00:00,232.388,0
2013-10-11 12:30:00,241.981,0
2013-10-11 13:00:00,239.511,0
2013-10-11 13:30:00,218.254,0
2013-10-11 14:00:00,217.467,0
2013-10-11 14:30:00,217.82,0
2013-10-11 15:00:00,218.941,0
2013-10-11 15:30:00,231.641,0
2013-10-11 16:00:00,243.453,0
2013-10-11 16:30:00,253.535,0
2013-10-11 17:00:00,278.336,0
2013-10-11 17:30:00,305.79,0
2013-10-11 18:00:00,322.686,0
2013-10-11 18:30:00,334.525,0
2013-10-11 19:00:00,320.248,0
2013-10-11 19:30:00,303.611,0
2013-10-11 20:00:00,284.684,0
2013-10-11 20:30:00,274.896,0
2013-10-11 21:00:00,259.273,0
2013-10-11 21:30:00,247.742,0
2013-10-11 22:00:00,222.91,0
2013-10-11 22:30:00,202.436,0
2013-10-11 23:00:00,176.209,0
2013-10-11 23:30:00,148.527,0
2013-10-12 00:00:00,127.534,0
2013-10-12 00:30:00,116.76,0
2013-10-12 01:00:00,107.658,0
2013-10-12 01:30:00,103.669,0
2013-10-12 02:00:00,100.251,0
2013-10-12 02:30:00,99.717,0
2013-10-12 03:00:00,95.469,0
2013-10-12 03:30:00,94.168,0
2013-10-12 04:00:00,94.021,0
2013-10-12 04:30:00,98.12,0
2013-10-12 05:00:00,100.006,0
2013-10-12 05:30:00,109.418,0
2013-10-12 06:00:00,127.901,0
2013-10-12 06:30:00,150.041,0
2013-10-12 07:00:00,166.831,0
2013-10-12 07:30:00,182.096,0
2013-10-12 08:00:00,194.893,0
2013-10-12 08:30:00,204.972,0
2013-10-12 09:00:00,211.021,0
2013-10-12 09:30:00,204.463,0
2013-10-12 10:00:00,198.489,0
2013-10-12 10:30:00,198.824,0
2013-10-12 11:00:00,201.299,0
2013-10-12 11:30:00,195.909,0
2013-10-12 12:00:00,206.704,0
2013-10-12 12:30:00,199.687,0
2013-10-12 13:00:00,211.025,0
2013-10-12 13:30:00,187.025,0
2013-10-12 14:00:00,187.623,0
2013-10-12 14:30:00,186.038,0
2013-10-12 15:00:00,186.912,0
2013-10-12 15:30:00,193.693,0
2013-10-12 16:00:00,210.505,0
2013-10-12 16:30:00,225.83,0
2013-10-12 17:00:00,246.696,0
2013-10-12 17:30:00,274.238,0
2013-10-12 18:00:00,300.829,0
2013-10-12 18:30:00,298.637,0
2013-10-12 19:00:00,289.851,0
2013-10-12 19:30:00,276.89300000000003,0
2013-10-12 20:00:00,272.995,0
2013-10-12 20:30:00,257.884,0
2013-10-12 21:00:00,247.022,0
2013-10-12 21:30:00,236.37,0
2013-10-12 22:00:00,224.837,0
2013-10-12 22:30:00,193.608,0
2013-10-12 23:00:00,173.108,0
2013-10-12 23:30:00,151.317,0
2013-10-13 00:00:00,130.609,0
2013-10-13 00:30:00,117.718,0
2013-10-13 01:00:00,110.618,0
2013-10-13 01:30:00,104.296,0
2013-10-13 02:00:00,98.912,0
2013-10-13 02:30:00,98.412,0
2013-10-13 03:00:00,96.669,0
2013-10-13 03:30:00,91.452,0
2013-10-13 04:00:00,91.693,0
2013-10-13 04:30:00,94.203,0
2013-10-13 05:00:00,100.112,0
2013-10-13 05:30:00,111.677,0
2013-10-13 06:00:00,118.904,0
2013-10-13 06:30:00,130.12,0
2013-10-13 07:00:00,162.709,0
2013-10-13 07:30:00,192.943,0
2013-10-13 08:00:00,231.082,0
2013-10-13 08:30:00,248.545,0
2013-10-13 09:00:00,265.908,0
2013-10-13 09:30:00,264.394,0
2013-10-13 10:00:00,269.646,0
2013-10-13 10:30:00,290.236,0
2013-10-13 11:00:00,289.133,0
2013-10-13 11:30:00,310.278,0
2013-10-13 12:00:00,315.033,0
2013-10-13 12:30:00,311.483,0
2013-10-13 13:00:00,299.25,0
2013-10-13 13:30:00,286.1,0
2013-10-13 14:00:00,285.724,0
2013-10-13 14:30:00,285.861,0
2013-10-13 15:00:00,280.083,0
2013-10-13 15:30:00,287.792,0
2013-10-13 16:00:00,294.892,0
2013-10-13 16:30:00,270.676,0
2013-10-13 17:00:00,281.442,0
2013-10-13 17:30:00,302.339,0
2013-10-13 18:00:00,314.86,0
2013-10-13 18:30:00,304.991,0
2013-10-13 19:00:00,312.729,0
2013-10-13 19:30:00,298.103,0
2013-10-13 20:00:00,286.376,0
2013-10-13 20:30:00,276.684,0
2013-10-13 21:00:00,256.852,0
2013-10-13 21:30:00,235.568,0
2013-10-13 22:00:00,210.372,0
2013-10-13 22:30:00,197.583,0
2013-10-13 23:00:00,172.148,0
2013-10-13 23:30:00,151.983,0
2013-10-14 00:00:00,132.533,0
2013-10-14 00:30:00,118.412,0
2013-10-14 01:00:00,109.228,0
2013-10-14 01:30:00,100.059,0
2013-10-14 02:00:00,96.839,0
2013-10-14 02:30:00,99.457,0
2013-10-14 03:00:00,96.603,0
2013-10-14 03:30:00,93.913,0
2013-10-14 04:00:00,96.421,0
2013-10-14 04:30:00,100.083,0
2013-10-14 05:00:00,111.933,0
2013-10-14 05:30:00,141.146,0
2013-10-14 06:00:00,168.618,0
2013-10-14 06:30:00,191.219,0
2013-10-14 07:00:00,207.17,0
2013-10-14 07:30:00,205.315,0
2013-10-14 08:00:00,201.028,0
2013-10-14 08:30:00,201.557,0
2013-10-14 09:00:00,202.082,0
2013-10-14 09:30:00,199.684,0
2013-10-14 10:00:00,195.649,0
2013-10-14 10:30:00,196.49,0
2013-10-14 11:00:00,193.028,0
2013-10-14 11:30:00,194.153,0
2013-10-14 12:00:00,194.863,0
2013-10-14 12:30:00,195.836,0
2013-10-14 13:00:00,189.879,0
2013-10-14 13:30:00,187.509,0
2013-10-14 14:00:00,181.954,0
2013-10-14 14:30:00,183.717,0
2013-10-14 15:00:00,190.569,0
2013-10-14 15:30:00,196.963,0
2013-10-14 16:00:00,220.008,0
2013-10-14 16:30:00,258.929,0
2013-10-14 17:00:00,279.831,0
2013-10-14 17:30:00,317.602,0
2013-10-14 18:00:00,327.737,0
2013-10-14 18:30:00,332.724,0
2013-10-14 19:00:00,318.925,0
2013-10-14 19:30:00,304.319,0
2013-10-14 20:00:00,298.911,0
2013-10-14 20:30:00,285.51,0
2013-10-14 21:00:00,264.557,0
2013-10-14 21:30:00,258.421,0
2013-10-14 22:00:00,228.403,0
2013-10-14 22:30:00,189.51,0
2013-10-14 23:00:00,161.799,0
2013-10-14 23:30:00,138.086,0
2013-10-15 00:00:00,120.107,0
2013-10-15 00:30:00,110.58,0
2013-10-15 01:00:00,103.187,0
2013-10-15 01:30:00,100.692,0
2013-10-15 02:00:00,97.906,0
2013-10-15 02:30:00,96.687,0
2013-10-15 03:00:00,94.97,0
2013-10-15 03:30:00,95.055,0
2013-10-15 04:00:00,94.991,0
2013-10-15 04:30:00,101.337,0
2013-10-15 05:00:00,115.598,0
2013-10-15 05:30:00,136.768,0
2013-10-15 06:00:00,166.454,0
2013-10-15 06:30:00,192.778,0
2013-10-15 07:00:00,209.969,0
2013-10-15 07:30:00,211.274,0
2013-10-15 08:00:00,188.932,0
2013-10-15 08:30:00,197.205,0
2013-10-15 09:00:00,192.953,0
2013-10-15 09:30:00,184.196,0
2013-10-15 10:00:00,179.946,0
2013-10-15 10:30:00,169.203,0
2013-10-15 11:00:00,165.489,0
2013-10-15 11:30:00,167.158,0
2013-10-15 12:00:00,174.552,0
2013-10-15 12:30:00,172.758,0
2013-10-15 13:00:00,159.786,0
2013-10-15 13:30:00,156.812,0
2013-10-15 14:00:00,159.291,0
2013-10-15 14:30:00,159.727,0
2013-10-15 15:00:00,165.8,0
2013-10-15 15:30:00,178.472,0
2013-10-15 16:00:00,186.419,0
2013-10-15 16:30:00,238.738,0
2013-10-15 17:00:00,253.259,0
2013-10-15 17:30:00,295.842,0
2013-10-15 18:00:00,321.881,0
2013-10-15 18:30:00,326.063,0
2013-10-15 19:00:00,322.485,0
2013-10-15 19:30:00,308.7,0
2013-10-15 20:00:00,300.159,0
2013-10-15 20:30:00,290.02,0
2013-10-15 21:00:00,271.346,0
2013-10-15 21:30:00,258.477,0
2013-10-15 22:00:00,237.283,0
2013-10-15 22:30:00,199.714,0
2013-10-15 23:00:00,171.395,0
2013-10-15 23:30:00,146.116,0
2013-10-16 00:00:00,123.995,0
2013-10-16 00:30:00,106.337,0
2013-10-16 01:00:00,100.308,0
2013-10-16 01:30:00,98.993,0
2013-10-16 02:00:00,98.66,0
2013-10-16 02:30:00,98.438,0
2013-10-16 03:00:00,97.095,0
2013-10-16 03:30:00,97.778,0
2013-10-16 04:00:00,94.693,0
2013-10-16 04:30:00,98.98,0
2013-10-16 05:00:00,112.953,0
2013-10-16 05:30:00,126.473,0
2013-10-16 06:00:00,161.259,0
2013-10-16 06:30:00,190.46,0
2013-10-16 07:00:00,198.106,0
2013-10-16 07:30:00,201.857,0
2013-10-16 08:00:00,202.858,0
2013-10-16 08:30:00,185.193,0
2013-10-16 09:00:00,190.122,0
2013-10-16 09:30:00,189.469,0
2013-10-16 10:00:00,184.736,0
2013-10-16 10:30:00,196.031,0
2013-10-16 11:00:00,199.352,0
2013-10-16 11:30:00,191.332,0
2013-10-16 12:00:00,192.758,0
2013-10-16 12:30:00,205.772,0
2013-10-16 13:00:00,200.301,0
2013-10-16 13:30:00,189.916,0
2013-10-16 14:00:00,188.199,0
2013-10-16 14:30:00,179.263,0
2013-10-16 15:00:00,179.59,0
2013-10-16 15:30:00,201.42,0
2013-10-16 16:00:00,209.848,0
2013-10-16 16:30:00,238.599,0
2013-10-16 17:00:00,254.325,0
2013-10-16 17:30:00,284.283,0
2013-10-16 18:00:00,319.646,0
2013-10-16 18:30:00,326.459,0
2013-10-16 19:00:00,314.427,0
2013-10-16 19:30:00,308.03,0
2013-10-16 20:00:00,303.091,0
2013-10-16 20:30:00,292.703,0
2013-10-16 21:00:00,275.277,0
2013-10-16 21:30:00,250.025,0
2013-10-16 22:00:00,225.138,0
2013-10-16 22:30:00,192.563,0
2013-10-16 23:00:00,152.369,0
2013-10-16 23:30:00,136.926,0
2013-10-17 00:00:00,120.978,0
2013-10-17 00:30:00,108.973,0
2013-10-17 01:00:00,100.504,0
2013-10-17 01:30:00,96.349,0
2013-10-17 02:00:00,95.429,0
2013-10-17 02:30:00,94.38,0
2013-10-17 03:00:00,91.145,0
2013-10-17 03:30:00,89.778,0
2013-10-17 04:00:00,92.472,0
2013-10-17 04:30:00,100.569,0
2013-10-17 05:00:00,111.364,0
2013-10-17 05:30:00,134.199,0
2013-10-17 06:00:00,169.301,0
2013-10-17 06:30:00,203.925,0
2013-10-17 07:00:00,218.149,0
2013-10-17 07:30:00,219.341,0
2013-10-17 08:00:00,217.232,0
2013-10-17 08:30:00,224.538,0
2013-10-17 09:00:00,208.88,0
2013-10-17 09:30:00,203.077,0
2013-10-17 10:00:00,183.108,0
2013-10-17 10:30:00,190.959,0
2013-10-17 11:00:00,188.466,0
2013-10-17 11:30:00,204.04,0
2013-10-17 12:00:00,198.531,0
2013-10-17 12:30:00,191.332,0
2013-10-17 13:00:00,185.504,0
2013-10-17 13:30:00,190.231,0
2013-10-17 14:00:00,183.327,0
2013-10-17 14:30:00,192.428,0
2013-10-17 15:00:00,191.321,0
2013-10-17 15:30:00,196.266,0
2013-10-17 16:00:00,216.448,0
2013-10-17 16:30:00,221.732,0
2013-10-17 17:00:00,240.556,0
2013-10-17 17:30:00,282.634,0
2013-10-17 18:00:00,315.503,0
2013-10-17 18:30:00,309.275,0
2013-10-17 19:00:00,286.795,0
2013-10-17 19:30:00,277.071,0
2013-10-17 20:00:00,272.773,0
2013-10-17 20:30:00,269.19,0
2013-10-17 21:00:00,253.003,0
2013-10-17 21:30:00,242.031,0
2013-10-17 22:00:00,215.833,0
2013-10-17 22:30:00,191.126,0
2013-10-17 23:00:00,161.882,0
2013-10-17 23:30:00,142.234,0
2013-10-18 00:00:00,121.778,0
2013-10-18 00:30:00,110.806,0
2013-10-18 01:00:00,101.91,0
2013-10-18 01:30:00,97.7,0
2013-10-18 02:00:00,98.666,0
2013-10-18 02:30:00,97.106,0
2013-10-18 03:00:00,93.691,0
2013-10-18 03:30:00,94.294,0
2013-10-18 04:00:00,95.226,0
2013-10-18 04:30:00,98.986,0
2013-10-18 05:00:00,115.433,0
2013-10-18 05:30:00,127.639,0
2013-10-18 06:00:00,156.779,0
2013-10-18 06:30:00,196.39,0
2013-10-18 07:00:00,191.66,0
2013-10-18 07:30:00,196.008,0
2013-10-18 08:00:00,191.539,0
2013-10-18 08:30:00,194.424,0
2013-10-18 09:00:00,187.182,0
2013-10-18 09:30:00,183.728,0
2013-10-18 10:00:00,168.525,0
2013-10-18 10:30:00,170.358,0
2013-10-18 11:00:00,167.993,0
2013-10-18 11:30:00,176.724,0
2013-10-18 12:00:00,172.845,0
2013-10-18 12:30:00,177.074,0
2013-10-18 13:00:00,164.982,0
2013-10-18 13:30:00,170.463,0
2013-10-18 14:00:00,163.798,0
2013-10-18 14:30:00,168.344,0
2013-10-18 15:00:00,168.776,0
2013-10-18 15:30:00,189.765,0
2013-10-18 16:00:00,206.487,0
2013-10-18 16:30:00,226.585,0
2013-10-18 17:00:00,245.122,0
2013-10-18 17:30:00,298.548,0
2013-10-18 18:00:00,318.711,0
2013-10-18 18:30:00,316.082,0
2013-10-18 19:00:00,298.478,0
2013-10-18 19:30:00,281.641,0
2013-10-18 20:00:00,271.857,0
2013-10-18 20:30:00,257.919,0
2013-10-18 21:00:00,240.889,0
2013-10-18 21:30:00,230.105,0
2013-10-18 22:00:00,207.079,0
2013-10-18 22:30:00,176.706,0
2013-10-18 23:00:00,154.65,0
2013-10-18 23:30:00,139.514,0
2013-10-19 00:00:00,124.058,0
2013-10-19 00:30:00,112.06,0
2013-10-19 01:00:00,103.262,0
2013-10-19 01:30:00,101.672,0
2013-10-19 02:00:00,95.404,0
2013-10-19 02:30:00,91.422,0
2013-10-19 03:00:00,90.173,0
2013-10-19 03:30:00,89.949,0
2013-10-19 04:00:00,90.277,0
2013-10-19 04:30:00,93.734,0
2013-10-19 05:00:00,100.482,0
2013-10-19 05:30:00,106.864,0
2013-10-19 06:00:00,121.055,0
2013-10-19 06:30:00,143.656,0
2013-10-19 07:00:00,166.042,0
2013-10-19 07:30:00,183.204,0
2013-10-19 08:00:00,201.625,0
2013-10-19 08:30:00,199.747,0
2013-10-19 09:00:00,203.474,0
2013-10-19 09:30:00,209.845,0
2013-10-19 10:00:00,198.512,0
2013-10-19 10:30:00,208.773,0
2013-10-19 11:00:00,214.481,0
2013-10-19 11:30:00,214.734,0
2013-10-19 12:00:00,213.478,0
2013-10-19 12:30:00,206.276,0
2013-10-19 13:00:00,203.074,0
2013-10-19 13:30:00,205.034,0
2013-10-19 14:00:00,200.437,0
2013-10-19 14:30:00,198.184,0
2013-10-19 15:00:00,200.587,0
2013-10-19 15:30:00,206.896,0
2013-10-19 16:00:00,214.195,0
2013-10-19 16:30:00,229.417,0
2013-10-19 17:00:00,250.748,0
2013-10-19 17:30:00,297.793,0
2013-10-19 18:00:00,304.589,0
2013-10-19 18:30:00,294.719,0
2013-10-19 19:00:00,281.25600000000003,0
2013-10-19 19:30:00,270.661,0
2013-10-19 20:00:00,261.116,0
2013-10-19 20:30:00,241.071,0
2013-10-19 21:00:00,232.577,0
2013-10-19 21:30:00,223.718,0
2013-10-19 22:00:00,209.672,0
2013-10-19 22:30:00,190.771,0
2013-10-19 23:00:00,164.531,0
2013-10-19 23:30:00,141.002,0
2013-10-20 00:00:00,123.757,0
2013-10-20 00:30:00,114.754,0
2013-10-20 01:00:00,107.052,0
2013-10-20 01:30:00,103.551,0
2013-10-20 02:00:00,98.906,0
2013-10-20 02:30:00,97.103,0
2013-10-20 03:00:00,92.481,0
2013-10-20 03:30:00,92.529,0
2013-10-20 04:00:00,92.601,0
2013-10-20 04:30:00,96.708,0
2013-10-20 05:00:00,99.72,0
2013-10-20 05:30:00,107.029,0
2013-10-20 06:00:00,119.112,0
2013-10-20 06:30:00,138.254,0
2013-10-20 07:00:00,153.417,0
2013-10-20 07:30:00,185.47,0
2013-10-20 08:00:00,219.257,0
2013-10-20 08:30:00,236.05,0
2013-10-20 09:00:00,233.085,0
2013-10-20 09:30:00,244.352,0
2013-10-20 10:00:00,239.633,0
2013-10-20 10:30:00,237.996,0
2013-10-20 11:00:00,242.08,0
2013-10-20 11:30:00,247.62,0
2013-10-20 12:00:00,250.172,0
2013-10-20 12:30:00,241.191,0
2013-10-20 13:00:00,242.558,0
2013-10-20 13:30:00,240.741,0
2013-10-20 14:00:00,247.505,0
2013-10-20 14:30:00,275.176,0
2013-10-20 15:00:00,276.811,0
2013-10-20 15:30:00,269.715,0
2013-10-20 16:00:00,269.743,0
2013-10-20 16:30:00,258.788,0
2013-10-20 17:00:00,261.833,0
2013-10-20 17:30:00,300.281,0
2013-10-20 18:00:00,299.096,0
2013-10-20 18:30:00,292.732,0
2013-10-20 19:00:00,286.964,0
2013-10-20 19:30:00,280.133,0
2013-10-20 20:00:00,267.345,0
2013-10-20 20:30:00,257.709,0
2013-10-20 21:00:00,243.023,0
2013-10-20 21:30:00,232.042,0
2013-10-20 22:00:00,208.767,0
2013-10-20 22:30:00,182.81,0
2013-10-20 23:00:00,161.205,0
2013-10-20 23:30:00,139.556,0
2013-10-21 00:00:00,127.143,0
2013-10-21 00:30:00,111.648,0
2013-10-21 01:00:00,104.008,0
2013-10-21 01:30:00,101.321,0
2013-10-21 02:00:00,96.801,0
2013-10-21 02:30:00,96.767,0
2013-10-21 03:00:00,91.359,0
2013-10-21 03:30:00,95.742,0
2013-10-21 04:00:00,94.505,0
2013-10-21 04:30:00,95.832,0
2013-10-21 05:00:00,104.027,0
2013-10-21 05:30:00,123.719,0
2013-10-21 06:00:00,155.665,0
2013-10-21 06:30:00,185.07,0
2013-10-21 07:00:00,197.275,0
2013-10-21 07:30:00,196.778,0
2013-10-21 08:00:00,187.511,0
2013-10-21 08:30:00,178.211,0
2013-10-21 09:00:00,175.872,0
2013-10-21 09:30:00,179.329,0
2013-10-21 10:00:00,178.123,0
2013-10-21 10:30:00,175.745,0
2013-10-21 11:00:00,188.643,0
2013-10-21 11:30:00,192.944,0
2013-10-21 12:00:00,185.285,0
2013-10-21 12:30:00,178.803,0
2013-10-21 13:00:00,174.671,0
2013-10-21 13:30:00,165.728,0
2013-10-21 14:00:00,161.263,0
2013-10-21 14:30:00,165.445,0
2013-10-21 15:00:00,169.498,0
2013-10-21 15:30:00,186.332,0
2013-10-21 16:00:00,205.663,0
2013-10-21 16:30:00,231.315,0
2013-10-21 17:00:00,255.463,0
2013-10-21 17:30:00,314.915,0
2013-10-21 18:00:00,324.164,0
2013-10-21 18:30:00,311.686,0
2013-10-21 19:00:00,304.037,0
2013-10-21 19:30:00,295.635,0
2013-10-21 20:00:00,288.632,0
2013-10-21 20:30:00,282.122,0
2013-10-21 21:00:00,262.737,0
2013-10-21 21:30:00,252.093,0
2013-10-21 22:00:00,228.58,0
2013-10-21 22:30:00,193.575,0
2013-10-21 23:00:00,161.534,0
2013-10-21 23:30:00,137.581,0
2013-10-22 00:00:00,124.154,0
2013-10-22 00:30:00,112.659,0
2013-10-22 01:00:00,100.738,0
2013-10-22 01:30:00,99.03,0
2013-10-22 02:00:00,95.463,0
2013-10-22 02:30:00,95.361,0
2013-10-22 03:00:00,93.862,0
2013-10-22 03:30:00,90.592,0
2013-10-22 04:00:00,93.971,0
2013-10-22 04:30:00,97.344,0
2013-10-22 05:00:00,107.491,0
2013-10-22 05:30:00,125.291,0
2013-10-22 06:00:00,159.235,0
2013-10-22 06:30:00,183.991,0
2013-10-22 07:00:00,198.269,0
2013-10-22 07:30:00,193.739,0
2013-10-22 08:00:00,192.952,0
2013-10-22 08:30:00,188.151,0
2013-10-22 09:00:00,190.606,0
2013-10-22 09:30:00,195.181,0
2013-10-22 10:00:00,179.337,0
2013-10-22 10:30:00,188.311,0
2013-10-22 11:00:00,185.297,0
2013-10-22 11:30:00,189.256,0
2013-10-22 12:00:00,186.101,0
2013-10-22 12:30:00,190.623,0
2013-10-22 13:00:00,172.514,0
2013-10-22 13:30:00,170.073,0
2013-10-22 14:00:00,170.742,0
2013-10-22 14:30:00,172.196,0
2013-10-22 15:00:00,171.611,0
2013-10-22 15:30:00,188.928,0
2013-10-22 16:00:00,205.719,0
2013-10-22 16:30:00,223.644,0
2013-10-22 17:00:00,247.498,0
2013-10-22 17:30:00,301.629,0
2013-10-22 18:00:00,307.164,0
2013-10-22 18:30:00,304.371,0
2013-10-22 19:00:00,307.638,0
2013-10-22 19:30:00,286.627,0
2013-10-22 20:00:00,276.054,0
2013-10-22 20:30:00,274.075,0
2013-10-22 21:00:00,259.639,0
2013-10-22 21:30:00,247.028,0
2013-10-22 22:00:00,216.195,0
2013-10-22 22:30:00,190.057,0
2013-10-22 23:00:00,152.711,0
2013-10-22 23:30:00,134.001,0
2013-10-23 00:00:00,119.809,0
2013-10-23 00:30:00,108.834,0
2013-10-23 01:00:00,102.317,0
2013-10-23 01:30:00,98.364,0
2013-10-23 02:00:00,95.454,0
2013-10-23 02:30:00,94.802,0
2013-10-23 03:00:00,92.986,0
2013-10-23 03:30:00,92.054,0
2013-10-23 04:00:00,95.482,0
2013-10-23 04:30:00,100.742,0
2013-10-23 05:00:00,108.369,0
2013-10-23 05:30:00,134.757,0
2013-10-23 06:00:00,157.383,0
2013-10-23 06:30:00,183.538,0
2013-10-23 07:00:00,195.972,0
2013-10-23 07:30:00,201.915,0
2013-10-23 08:00:00,187.512,0
2013-10-23 08:30:00,180.623,0
2013-10-23 09:00:00,176.066,0
2013-10-23 09:30:00,183.348,0
2013-10-23 10:00:00,165.165,0
2013-10-23 10:30:00,173.378,0
2013-10-23 11:00:00,181.519,0
2013-10-23 11:30:00,172.853,0
2013-10-23 12:00:00,174.994,0
2013-10-23 12:30:00,170.664,0
2013-10-23 13:00:00,173.088,0
2013-10-23 13:30:00,167.671,0
2013-10-23 14:00:00,175.676,0
2013-10-23 14:30:00,163.471,0
2013-10-23 15:00:00,161.965,0
2013-10-23 15:30:00,182.188,0
2013-10-23 16:00:00,193.81,0
2013-10-23 16:30:00,217.052,0
2013-10-23 17:00:00,239.793,0
2013-10-23 17:30:00,286.78,0
2013-10-23 18:00:00,318.403,0
2013-10-23 18:30:00,310.402,0
2013-10-23 19:00:00,305.152,0
2013-10-23 19:30:00,301.427,0
2013-10-23 20:00:00,290.553,0
2013-10-23 20:30:00,268.587,0
2013-10-23 21:00:00,262.129,0
2013-10-23 21:30:00,246.337,0
2013-10-23 22:00:00,220.276,0
2013-10-23 22:30:00,188.289,0
2013-10-23 23:00:00,155.941,0
2013-10-23 23:30:00,133.986,0
2013-10-24 00:00:00,122.731,0
2013-10-24 00:30:00,110.728,0
2013-10-24 01:00:00,102.886,0
2013-10-24 01:30:00,100.697,0
2013-10-24 02:00:00,96.505,0
2013-10-24 02:30:00,97.373,0
2013-10-24 03:00:00,91.425,0
2013-10-24 03:30:00,90.094,0
2013-10-24 04:00:00,94.594,0
2013-10-24 04:30:00,102.408,0
2013-10-24 05:00:00,109.169,0
2013-10-24 05:30:00,133.417,0
2013-10-24 06:00:00,159.568,0
2013-10-24 06:30:00,190.714,0
2013-10-24 07:00:00,197.518,0
2013-10-24 07:30:00,202.104,0
2013-10-24 08:00:00,193.658,0
2013-10-24 08:30:00,183.771,0
2013-10-24 09:00:00,184.579,0
2013-10-24 09:30:00,179.744,0
2013-10-24 10:00:00,176.351,0
2013-10-24 10:30:00,164.505,0
2013-10-24 11:00:00,167.927,0
2013-10-24 11:30:00,177.053,0
2013-10-24 12:00:00,179.23,0
2013-10-24 12:30:00,178.993,0
2013-10-24 13:00:00,179.327,0
2013-10-24 13:30:00,167.975,0
2013-10-24 14:00:00,171.77,0
2013-10-24 14:30:00,166.902,0
2013-10-24 15:00:00,166.86,0
2013-10-24 15:30:00,187.31,0
2013-10-24 16:00:00,207.527,0
2013-10-24 16:30:00,223.75,0
2013-10-24 17:00:00,249.844,0
2013-10-24 17:30:00,296.029,0
2013-10-24 18:00:00,307.689,0
2013-10-24 18:30:00,316.078,0
2013-10-24 19:00:00,301.477,0
2013-10-24 19:30:00,289.845,0
2013-10-24 20:00:00,281.53,0
2013-10-24 20:30:00,280.925,0
2013-10-24 21:00:00,264.412,0
2013-10-24 21:30:00,251.532,0
2013-10-24 22:00:00,223.74,0
2013-10-24 22:30:00,187.379,0
2013-10-24 23:00:00,162.33,0
2013-10-24 23:30:00,136.961,0
2013-10-25 00:00:00,120.586,0
2013-10-25 00:30:00,105.963,0
2013-10-25 01:00:00,101.04,0
2013-10-25 01:30:00,98.421,0
2013-10-25 02:00:00,95.982,0
2013-10-25 02:30:00,94.254,0
2013-10-25 03:00:00,93.894,0
2013-10-25 03:30:00,90.332,0
2013-10-25 04:00:00,91.426,0
2013-10-25 04:30:00,94.524,0
2013-10-25 05:00:00,107.506,0
2013-10-25 05:30:00,126.98,0
2013-10-25 06:00:00,158.348,0
2013-10-25 06:30:00,186.104,0
2013-10-25 07:00:00,198.953,0
2013-10-25 07:30:00,213.253,0
2013-10-25 08:00:00,208.207,0
2013-10-25 08:30:00,203.926,0
2013-10-25 09:00:00,202.045,0
2013-10-25 09:30:00,192.449,0
2013-10-25 10:00:00,177.309,0
2013-10-25 10:30:00,174.995,0
2013-10-25 11:00:00,174.566,0
2013-10-25 11:30:00,177.564,0
2013-10-25 12:00:00,175.564,0
2013-10-25 12:30:00,169.32,0
2013-10-25 13:00:00,181.005,0
2013-10-25 13:30:00,172.127,0
2013-10-25 14:00:00,161.379,0
2013-10-25 14:30:00,165.069,0
2013-10-25 15:00:00,172.772,0
2013-10-25 15:30:00,191.01,0
2013-10-25 16:00:00,197.913,0
2013-10-25 16:30:00,218.132,0
2013-10-25 17:00:00,251.011,0
2013-10-25 17:30:00,294.263,0
2013-10-25 18:00:00,308.389,0
2013-10-25 18:30:00,312.089,0
2013-10-25 19:00:00,294.723,0
2013-10-25 19:30:00,279.713,0
2013-10-25 20:00:00,274.985,0
2013-10-25 20:30:00,255.739,0
2013-10-25 21:00:00,244.014,0
2013-10-25 21:30:00,236.406,0
2013-10-25 22:00:00,215.753,0
2013-10-25 22:30:00,191.38,0
2013-10-25 23:00:00,160.46,0
2013-10-25 23:30:00,139.163,0
2013-10-26 00:00:00,123.009,0
2013-10-26 00:30:00,110.386,0
2013-10-26 01:00:00,104.909,0
2013-10-26 01:30:00,99.719,0
2013-10-26 02:00:00,97.514,0
2013-10-26 02:30:00,93.673,0
2013-10-26 03:00:00,89.905,0
2013-10-26 03:30:00,92.142,0
2013-10-26 04:00:00,91.445,0
2013-10-26 04:30:00,96.071,0
2013-10-26 05:00:00,101.68,0
2013-10-26 05:30:00,115.989,0
2013-10-26 06:00:00,128.49,0
2013-10-26 06:30:00,135.976,0
2013-10-26 07:00:00,165.41,0
2013-10-26 07:30:00,191.618,0
2013-10-26 08:00:00,212.689,0
2013-10-26 08:30:00,204.057,0
2013-10-26 09:00:00,206.944,0
2013-10-26 09:30:00,204.895,0
2013-10-26 10:00:00,202.826,0
2013-10-26 10:30:00,212.744,0
2013-10-26 11:00:00,216.576,0
2013-10-26 11:30:00,223.206,0
2013-10-26 12:00:00,224.416,0
2013-10-26 12:30:00,213.443,0
2013-10-26 13:00:00,196.866,0
2013-10-26 13:30:00,194.902,0
2013-10-26 14:00:00,199.323,0
2013-10-26 14:30:00,200.69,0
2013-10-26 15:00:00,198.667,0
2013-10-26 15:30:00,200.799,0
2013-10-26 16:00:00,219.732,0
2013-10-26 16:30:00,251.83,0
2013-10-26 17:00:00,277.57,0
2013-10-26 17:30:00,297.692,0
2013-10-26 18:00:00,302.186,0
2013-10-26 18:30:00,292.978,0
2013-10-26 19:00:00,283.837,0
2013-10-26 19:30:00,272.7,0
2013-10-26 20:00:00,261.685,0
2013-10-26 20:30:00,248.071,0
2013-10-26 21:00:00,236.828,0
2013-10-26 21:30:00,231.878,0
2013-10-26 22:00:00,213.036,0
2013-10-26 22:30:00,198.034,0
2013-10-26 23:00:00,177.197,0
2013-10-26 23:30:00,153.345,0
2013-10-27 00:00:00,134.331,0
2013-10-27 00:30:00,123.625,0
2013-10-27 01:00:00,112.094,0
2013-10-27 01:30:00,103.495,0
2013-10-27 02:00:00,101.019,0
2013-10-27 02:30:00,98.831,0
2013-10-27 03:00:00,95.485,0
2013-10-27 03:30:00,94.349,0
2013-10-27 04:00:00,91.134,0
2013-10-27 04:30:00,93.959,0
2013-10-27 05:00:00,93.375,0
2013-10-27 05:30:00,97.586,0
2013-10-27 06:00:00,107.35,0
2013-10-27 06:30:00,116.95,0
2013-10-27 07:00:00,130.966,0
2013-10-27 07:30:00,150.076,0
2013-10-27 08:00:00,174.22,0
2013-10-27 08:30:00,204.094,0
2013-10-27 09:00:00,215.92,0
2013-10-27 09:30:00,219.156,0
2013-10-27 10:00:00,221.558,0
2013-10-27 10:30:00,219.609,0
2013-10-27 11:00:00,222.114,0
2013-10-27 11:30:00,223.557,0
2013-10-27 12:00:00,220.591,0
2013-10-27 12:30:00,224.469,0
2013-10-27 13:00:00,237.173,0
2013-10-27 13:30:00,232.004,0
2013-10-27 14:00:00,220.991,0
2013-10-27 14:30:00,216.963,0
2013-10-27 15:00:00,215.763,0
2013-10-27 15:30:00,223.931,0
2013-10-27 16:00:00,243.625,0
2013-10-27 16:30:00,262.229,0
2013-10-27 17:00:00,283.654,0
2013-10-27 17:30:00,307.784,0
2013-10-27 18:00:00,317.018,0
2013-10-27 18:30:00,316.401,0
2013-10-27 19:00:00,319.392,0
2013-10-27 19:30:00,310.303,0
2013-10-27 20:00:00,299.285,0
2013-10-27 20:30:00,284.913,0
2013-10-27 21:00:00,265.328,0
2013-10-27 21:30:00,260.047,0
2013-10-27 22:00:00,249.429,0
2013-10-27 22:30:00,227.716,0
2013-10-27 23:00:00,209.133,0
2013-10-27 23:30:00,177.376,0
2013-10-28 00:00:00,152.967,0
2013-10-28 00:30:00,135.345,0
2013-10-28 01:00:00,118.428,0
2013-10-28 01:30:00,103.53,0
2013-10-28 02:00:00,98.629,0
2013-10-28 02:30:00,94.538,0
2013-10-28 03:00:00,93.395,0
2013-10-28 03:30:00,92.262,0
2013-10-28 04:00:00,93.477,0
2013-10-28 04:30:00,93.097,0
2013-10-28 05:00:00,98.652,0
2013-10-28 05:30:00,98.04,0
2013-10-28 06:00:00,105.709,0
2013-10-28 06:30:00,126.334,0
2013-10-28 07:00:00,153.14,0
2013-10-28 07:30:00,175.06,0
2013-10-28 08:00:00,194.29,0
2013-10-28 08:30:00,190.165,0
2013-10-28 09:00:00,203.025,0
2013-10-28 09:30:00,199.079,0
2013-10-28 10:00:00,190.973,0
2013-10-28 10:30:00,187.566,0
2013-10-28 11:00:00,193.72,0
2013-10-28 11:30:00,184.632,0
2013-10-28 12:00:00,190.705,0
2013-10-28 12:30:00,203.425,0
2013-10-28 13:00:00,202.333,0
2013-10-28 13:30:00,192.747,0
2013-10-28 14:00:00,193.346,0
2013-10-28 14:30:00,197.324,0
2013-10-28 15:00:00,193.607,0
2013-10-28 15:30:00,206.328,0
2013-10-28 16:00:00,196.71,0
2013-10-28 16:30:00,215.606,0
2013-10-28 17:00:00,256.711,0
2013-10-28 17:30:00,299.225,0
2013-10-28 18:00:00,315.421,0
2013-10-28 18:30:00,327.761,0
2013-10-28 19:00:00,332.53,0
2013-10-28 19:30:00,330.765,0
2013-10-28 20:00:00,320.352,0
2013-10-28 20:30:00,305.883,0
2013-10-28 21:00:00,290.344,0
2013-10-28 21:30:00,277.823,0
2013-10-28 22:00:00,262.692,0
2013-10-28 22:30:00,237.92,0
2013-10-28 23:00:00,212.158,0
2013-10-28 23:30:00,181.76,0
2013-10-29 00:00:00,154.392,0
2013-10-29 00:30:00,133.966,0
2013-10-29 01:00:00,118.851,0
2013-10-29 01:30:00,109.526,0
2013-10-29 02:00:00,104.232,0
2013-10-29 02:30:00,99.401,0
2013-10-29 03:00:00,94.305,0
2013-10-29 03:30:00,94.247,0
2013-10-29 04:00:00,93.803,0
2013-10-29 04:30:00,95.047,0
2013-10-29 05:00:00,97.562,0
2013-10-29 05:30:00,106.506,0
2013-10-29 06:00:00,118.289,0
2013-10-29 06:30:00,135.216,0
2013-10-29 07:00:00,157.458,0
2013-10-29 07:30:00,180.065,0
2013-10-29 08:00:00,187.809,0
2013-10-29 08:30:00,209.494,0
2013-10-29 09:00:00,204.566,0
2013-10-29 09:30:00,207.741,0
2013-10-29 10:00:00,200.135,0
2013-10-29 10:30:00,197.418,0
2013-10-29 11:00:00,180.293,0
2013-10-29 11:30:00,185.771,0
2013-10-29 12:00:00,189.599,0
2013-10-29 12:30:00,176.239,0
2013-10-29 13:00:00,190.491,0
2013-10-29 13:30:00,188.455,0
2013-10-29 14:00:00,180.014,0
2013-10-29 14:30:00,184.009,0
2013-10-29 15:00:00,174.862,0
2013-10-29 15:30:00,177.794,0
2013-10-29 16:00:00,196.444,0
2013-10-29 16:30:00,216.774,0
2013-10-29 17:00:00,248.374,0
2013-10-29 17:30:00,298.986,0
2013-10-29 18:00:00,311.447,0
2013-10-29 18:30:00,336.262,0
2013-10-29 19:00:00,345.995,0
2013-10-29 19:30:00,334.323,0
2013-10-29 20:00:00,317.921,0
2013-10-29 20:30:00,303.988,0
2013-10-29 21:00:00,302.981,0
2013-10-29 21:30:00,287.006,0
2013-10-29 22:00:00,269.375,0
2013-10-29 22:30:00,252.993,0
2013-10-29 23:00:00,225.977,0
2013-10-29 23:30:00,204.359,0
2013-10-30 00:00:00,162.703,0
2013-10-30 00:30:00,143.085,0
2013-10-30 01:00:00,129.044,0
2013-10-30 01:30:00,115.328,0
2013-10-30 02:00:00,105.643,0
2013-10-30 02:30:00,101.594,0
2013-10-30 03:00:00,97.159,0
2013-10-30 03:30:00,93.943,0
2013-10-30 04:00:00,91.643,0
2013-10-30 04:30:00,91.875,0
2013-10-30 05:00:00,95.496,0
2013-10-30 05:30:00,103.973,0
2013-10-30 06:00:00,114.328,0
2013-10-30 06:30:00,135.181,0
2013-10-30 07:00:00,156.811,0
2013-10-30 07:30:00,181.601,0
2013-10-30 08:00:00,195.457,0
2013-10-30 08:30:00,201.517,0
2013-10-30 09:00:00,208.16,0
2013-10-30 09:30:00,205.924,0
2013-10-30 10:00:00,203.323,0
2013-10-30 10:30:00,191.709,0
2013-10-30 11:00:00,179.561,0
2013-10-30 11:30:00,168.827,0
2013-10-30 12:00:00,171.014,0
2013-10-30 12:30:00,186.775,0
2013-10-30 13:00:00,182.358,0
2013-10-30 13:30:00,179.942,0
2013-10-30 14:00:00,184.835,0
2013-10-30 14:30:00,174.584,0
2013-10-30 15:00:00,175.981,0
2013-10-30 15:30:00,183.464,0
2013-10-30 16:00:00,198.673,0
2013-10-30 16:30:00,213.404,0
2013-10-30 17:00:00,242.994,0
2013-10-30 17:30:00,291.88100000000003,0
2013-10-30 18:00:00,309.882,0
2013-10-30 18:30:00,331.21,0
2013-10-30 19:00:00,333.184,0
2013-10-30 19:30:00,328.385,0
2013-10-30 20:00:00,325.07,0
2013-10-30 20:30:00,314.034,0
2013-10-30 21:00:00,294.79,0
2013-10-30 21:30:00,289.884,0
2013-10-30 22:00:00,275.796,0
2013-10-30 22:30:00,255.474,0
2013-10-30 23:00:00,225.178,0
2013-10-30 23:30:00,188.807,0
2013-10-31 00:00:00,165.799,0
2013-10-31 00:30:00,141.59,0
2013-10-31 01:00:00,118.975,0
2013-10-31 01:30:00,114.533,0
2013-10-31 02:00:00,103.862,0
2013-10-31 02:30:00,102.504,0
2013-10-31 03:00:00,96.364,0
2013-10-31 03:30:00,93.335,0
2013-10-31 04:00:00,93.546,0
2013-10-31 04:30:00,93.295,0
2013-10-31 05:00:00,94.038,0
2013-10-31 05:30:00,116.656,0
2013-10-31 06:00:00,132.665,0
2013-10-31 06:30:00,146.874,0
2013-10-31 07:00:00,173.102,0
2013-10-31 07:30:00,198.837,0
2013-10-31 08:00:00,216.219,0
2013-10-31 08:30:00,206.064,0
2013-10-31 09:00:00,194.924,0
2013-10-31 09:30:00,196.072,0
2013-10-31 10:00:00,192.918,0
2013-10-31 10:30:00,195.742,0
2013-10-31 11:00:00,203.888,0
2013-10-31 11:30:00,194.837,0
2013-10-31 12:00:00,192.05,0
2013-10-31 12:30:00,186.705,0
2013-10-31 13:00:00,195.77,0
2013-10-31 13:30:00,188.388,0
2013-10-31 14:00:00,182.952,0
2013-10-31 14:30:00,191.163,0
2013-10-31 15:00:00,194.575,0
2013-10-31 15:30:00,196.61,0
2013-10-31 16:00:00,204.776,0
2013-10-31 16:30:00,232.177,0
2013-10-31 17:00:00,264.179,0
2013-10-31 17:30:00,293.276,0
2013-10-31 18:00:00,303.621,0
2013-10-31 18:30:00,323.654,0
2013-10-31 19:00:00,315.189,0
2013-10-31 19:30:00,309.178,0
2013-10-31 20:00:00,287.965,0
2013-10-31 20:30:00,287.002,0
2013-10-31 21:00:00,270.092,0
2013-10-31 21:30:00,264.387,0
2013-10-31 22:00:00,252.99,0
2013-10-31 22:30:00,233.407,0
2013-10-31 23:00:00,210.65,0
2013-10-31 23:30:00,183.262,0
2013-11-01 00:00:00,156.89,0
2013-11-01 00:30:00,137.641,0
2013-11-01 01:00:00,120.75,0
2013-11-01 01:30:00,113.97,0
2013-11-01 02:00:00,106.756,0
2013-11-01 02:30:00,98.782,0
2013-11-01 03:00:00,97.067,0
2013-11-01 03:30:00,95.352,0
2013-11-01 04:00:00,92.864,0
2013-11-01 04:30:00,93.856,0
2013-11-01 05:00:00,96.206,0
2013-11-01 05:30:00,106.125,0
2013-11-01 06:00:00,112.202,0
2013-11-01 06:30:00,133.074,0
2013-11-01 07:00:00,147.287,0
2013-11-01 07:30:00,169.319,0
2013-11-01 08:00:00,183.411,0
2013-11-01 08:30:00,204.367,0
2013-11-01 09:00:00,205.204,0
2013-11-01 09:30:00,193.859,0
2013-11-01 10:00:00,188.299,0
2013-11-01 10:30:00,199.521,0
2013-11-01 11:00:00,184.026,0
2013-11-01 11:30:00,191.265,0
2013-11-01 12:00:00,192.146,0
2013-11-01 12:30:00,202.116,0
2013-11-01 13:00:00,202.605,0
2013-11-01 13:30:00,192.715,0
2013-11-01 14:00:00,184.325,0
2013-11-01 14:30:00,185.727,0
2013-11-01 15:00:00,179.777,0
2013-11-01 15:30:00,186.638,0
2013-11-01 16:00:00,197.42,0
2013-11-01 16:30:00,222.01,0
2013-11-01 17:00:00,259.509,0
2013-11-01 17:30:00,287.718,0
2013-11-01 18:00:00,298.86,0
2013-11-01 18:30:00,309.871,0
2013-11-01 19:00:00,310.253,0
2013-11-01 19:30:00,305.709,0
2013-11-01 20:00:00,296.019,0
2013-11-01 20:30:00,281.077,0
2013-11-01 21:00:00,274.413,0
2013-11-01 21:30:00,258.471,0
2013-11-01 22:00:00,253.653,0
2013-11-01 22:30:00,238.827,0
2013-11-01 23:00:00,213.775,0
2013-11-01 23:30:00,192.54,0
2013-11-02 00:00:00,167.669,0
2013-11-02 00:30:00,148.91,0
2013-11-02 01:00:00,128.086,0
2013-11-02 01:30:00,119.153,0
2013-11-02 02:00:00,112.369,0
2013-11-02 02:30:00,109.406,0
2013-11-02 03:00:00,102.043,0
2013-11-02 03:30:00,97.553,0
2013-11-02 04:00:00,95.125,0
2013-11-02 04:30:00,93.96,0
2013-11-02 05:00:00,95.197,0
2013-11-02 05:30:00,100.841,0
2013-11-02 06:00:00,105.842,0
2013-11-02 06:30:00,110.629,0
2013-11-02 07:00:00,125.934,0
2013-11-02 07:30:00,155.755,0
2013-11-02 08:00:00,178.331,0
2013-11-02 08:30:00,200.129,0
2013-11-02 09:00:00,199.74,0
2013-11-02 09:30:00,208.852,0
2013-11-02 10:00:00,199.114,0
2013-11-02 10:30:00,210.841,0
2013-11-02 11:00:00,202.104,0
2013-11-02 11:30:00,193.906,0
2013-11-02 12:00:00,197.679,0
2013-11-02 12:30:00,198.114,0
2013-11-02 13:00:00,214.939,0
2013-11-02 13:30:00,206.57,0
2013-11-02 14:00:00,203.084,0
2013-11-02 14:30:00,210.439,0
2013-11-02 15:00:00,203.467,0
2013-11-02 15:30:00,199.927,0
2013-11-02 16:00:00,208.167,0
2013-11-02 16:30:00,227.118,0
2013-11-02 17:00:00,268.273,0
2013-11-02 17:30:00,304.67,0
2013-11-02 18:00:00,310.051,0
2013-11-02 18:30:00,309.382,0
2013-11-02 19:00:00,305.877,0
2013-11-02 19:30:00,297.25,0
2013-11-02 20:00:00,300.149,0
2013-11-02 20:30:00,292.082,0
2013-11-02 21:00:00,279.703,0
2013-11-02 21:30:00,274.091,0
2013-11-02 22:00:00,267.519,0
2013-11-02 22:30:00,249.377,0
2013-11-02 23:00:00,231.596,0
2013-11-02 23:30:00,201.372,0
2013-11-03 00:00:00,183.074,0
2013-11-03 00:30:00,153.086,0
2013-11-03 01:00:00,132.6,0
2013-11-03 01:30:00,118.78,0
2013-11-03 02:00:00,111.004,0
2013-11-03 02:30:00,105.889,0
2013-11-03 03:00:00,102.194,0
2013-11-03 03:30:00,99.324,0
2013-11-03 04:00:00,98.275,0
2013-11-03 04:30:00,97.18,0
2013-11-03 05:00:00,99.334,0
2013-11-03 05:30:00,99.455,0
2013-11-03 06:00:00,101.8,0
2013-11-03 06:30:00,115.013,0
2013-11-03 07:00:00,125.984,0
2013-11-03 07:30:00,150.909,0
2013-11-03 08:00:00,167.351,0
2013-11-03 08:30:00,189.351,0
2013-11-03 09:00:00,199.779,0
2013-11-03 09:30:00,210.049,0
2013-11-03 10:00:00,214.138,0
2013-11-03 10:30:00,216.874,0
2013-11-03 11:00:00,208.272,0
2013-11-03 11:30:00,294.106,0
2013-11-03 12:00:00,274.669,0
2013-11-03 12:30:00,282.83,0
2013-11-03 13:00:00,286.416,0
2013-11-03 13:30:00,285.82,0
2013-11-03 14:00:00,289.362,0
2013-11-03 14:30:00,302.109,0
2013-11-03 15:00:00,274.401,0
2013-11-03 15:30:00,295.667,0
2013-11-03 16:00:00,301.461,0
2013-11-03 16:30:00,316.613,0
2013-11-03 17:00:00,339.758,0
2013-11-03 17:30:00,334.558,0
2013-11-03 18:00:00,351.418,0
2013-11-03 18:30:00,347.741,0
2013-11-03 19:00:00,350.62,0
2013-11-03 19:30:00,341.825,0
2013-11-03 20:00:00,324.784,0
2013-11-03 20:30:00,315.397,0
2013-11-03 21:00:00,302.839,0
2013-11-03 21:30:00,300.282,0
2013-11-03 22:00:00,276.265,0
2013-11-03 22:30:00,256.481,0
2013-11-03 23:00:00,218.699,0
2013-11-03 23:30:00,193.555,0
2013-11-04 00:00:00,159.652,0
2013-11-04 00:30:00,137.75,0
2013-11-04 01:00:00,120.414,0
2013-11-04 01:30:00,108.087,0
2013-11-04 02:00:00,102.555,0
2013-11-04 02:30:00,98.192,0
2013-11-04 03:00:00,96.012,0
2013-11-04 03:30:00,96.023,0
2013-11-04 04:00:00,93.518,0
2013-11-04 04:30:00,92.891,0
2013-11-04 05:00:00,95.855,0
2013-11-04 05:30:00,102.027,0
2013-11-04 06:00:00,118.755,0
2013-11-04 06:30:00,143.88,0
2013-11-04 07:00:00,171.519,0
2013-11-04 07:30:00,203.263,0
2013-11-04 08:00:00,198.338,0
2013-11-04 08:30:00,203.806,0
2013-11-04 09:00:00,192.941,0
2013-11-04 09:30:00,188.77,0
2013-11-04 10:00:00,194.121,0
2013-11-04 10:30:00,190.405,0
2013-11-04 11:00:00,178.4,0
2013-11-04 11:30:00,189.038,0
2013-11-04 12:00:00,185.82,0
2013-11-04 12:30:00,186.546,0
2013-11-04 13:00:00,187.344,0
2013-11-04 13:30:00,192.341,0
2013-11-04 14:00:00,177.017,0
2013-11-04 14:30:00,179.15200000000002,0
2013-11-04 15:00:00,172.705,0
2013-11-04 15:30:00,188.0,0
2013-11-04 16:00:00,193.535,0
2013-11-04 16:30:00,219.891,0
2013-11-04 17:00:00,267.091,0
2013-11-04 17:30:00,303.869,0
2013-11-04 18:00:00,321.978,0
2013-11-04 18:30:00,341.545,0
2013-11-04 19:00:00,348.009,0
2013-11-04 19:30:00,342.39,0
2013-11-04 20:00:00,332.748,0
2013-11-04 20:30:00,311.811,0
2013-11-04 21:00:00,304.654,0
2013-11-04 21:30:00,288.732,0
2013-11-04 22:00:00,280.936,0
2013-11-04 22:30:00,259.503,0
2013-11-04 23:00:00,223.968,0
2013-11-04 23:30:00,192.47,0
2013-11-05 00:00:00,164.97,0
2013-11-05 00:30:00,137.503,0
2013-11-05 01:00:00,118.929,0
2013-11-05 01:30:00,109.997,0
2013-11-05 02:00:00,102.432,0
2013-11-05 02:30:00,101.689,0
2013-11-05 03:00:00,97.65,0
2013-11-05 03:30:00,95.847,0
2013-11-05 04:00:00,94.594,0
2013-11-05 04:30:00,94.474,0
2013-11-05 05:00:00,98.823,0
2013-11-05 05:30:00,113.129,0
2013-11-05 06:00:00,129.605,0
2013-11-05 06:30:00,152.744,0
2013-11-05 07:00:00,186.047,0
2013-11-05 07:30:00,218.864,0
2013-11-05 08:00:00,229.902,0
2013-11-05 08:30:00,249.953,0
2013-11-05 09:00:00,233.315,0
2013-11-05 09:30:00,227.891,0
2013-11-05 10:00:00,235.482,0
2013-11-05 10:30:00,226.145,0
2013-11-05 11:00:00,217.688,0
2013-11-05 11:30:00,226.274,0
2013-11-05 12:00:00,235.462,0
2013-11-05 12:30:00,226.405,0
2013-11-05 13:00:00,226.302,0
2013-11-05 13:30:00,225.565,0
2013-11-05 14:00:00,233.852,0
2013-11-05 14:30:00,223.765,0
2013-11-05 15:00:00,230.699,0
2013-11-05 15:30:00,237.932,0
2013-11-05 16:00:00,245.556,0
2013-11-05 16:30:00,274.516,0
2013-11-05 17:00:00,312.253,0
2013-11-05 17:30:00,314.913,0
2013-11-05 18:00:00,320.583,0
2013-11-05 18:30:00,349.241,0
2013-11-05 19:00:00,346.132,0
2013-11-05 19:30:00,349.978,0
2013-11-05 20:00:00,337.295,0
2013-11-05 20:30:00,316.603,0
2013-11-05 21:00:00,310.873,0
2013-11-05 21:30:00,296.594,0
2013-11-05 22:00:00,287.082,0
2013-11-05 22:30:00,277.249,0
2013-11-05 23:00:00,245.87,0
2013-11-05 23:30:00,202.734,0
2013-11-06 00:00:00,172.781,0
2013-11-06 00:30:00,148.632,0
2013-11-06 01:00:00,129.001,0
2013-11-06 01:30:00,113.941,0
2013-11-06 02:00:00,109.897,0
2013-11-06 02:30:00,103.035,0
2013-11-06 03:00:00,99.798,0
2013-11-06 03:30:00,97.703,0
2013-11-06 04:00:00,96.901,0
2013-11-06 04:30:00,99.225,0
2013-11-06 05:00:00,100.37,0
2013-11-06 05:30:00,109.347,0
2013-11-06 06:00:00,126.051,0
2013-11-06 06:30:00,148.515,0
2013-11-06 07:00:00,177.397,0
2013-11-06 07:30:00,212.346,0
2013-11-06 08:00:00,214.641,0
2013-11-06 08:30:00,215.414,0
2013-11-06 09:00:00,194.417,0
2013-11-06 09:30:00,198.176,0
2013-11-06 10:00:00,197.53,0
2013-11-06 10:30:00,203.252,0
2013-11-06 11:00:00,194.121,0
2013-11-06 11:30:00,177.085,0
2013-11-06 12:00:00,190.469,0
2013-11-06 12:30:00,193.078,0
2013-11-06 13:00:00,205.305,0
2013-11-06 13:30:00,202.196,0
2013-11-06 14:00:00,203.697,0
2013-11-06 14:30:00,194.86,0
2013-11-06 15:00:00,199.933,0
2013-11-06 15:30:00,205.749,0
2013-11-06 16:00:00,220.452,0
2013-11-06 16:30:00,256.666,0
2013-11-06 17:00:00,288.931,0
2013-11-06 17:30:00,317.836,0
2013-11-06 18:00:00,330.617,0
2013-11-06 18:30:00,359.515,1
2013-11-06 19:00:00,353.514,0
2013-11-06 19:30:00,338.778,0
2013-11-06 20:00:00,326.758,0
2013-11-06 20:30:00,312.232,0
2013-11-06 21:00:00,301.281,0
2013-11-06 21:30:00,288.808,0
2013-11-06 22:00:00,281.862,0
2013-11-06 22:30:00,269.208,0
2013-11-06 23:00:00,238.006,0
2013-11-06 23:30:00,200.437,0
2013-11-07 00:00:00,168.96,0
2013-11-07 00:30:00,146.579,0
2013-11-07 01:00:00,127.84,0
2013-11-07 01:30:00,115.705,0
2013-11-07 02:00:00,106.139,0
2013-11-07 02:30:00,107.557,0
2013-11-07 03:00:00,99.907,0
2013-11-07 03:30:00,96.985,0
2013-11-07 04:00:00,95.966,0
2013-11-07 04:30:00,97.261,0
2013-11-07 05:00:00,105.075,0
2013-11-07 05:30:00,105.727,0
2013-11-07 06:00:00,120.813,0
2013-11-07 06:30:00,143.844,0
2013-11-07 07:00:00,171.692,0
2013-11-07 07:30:00,197.071,0
2013-11-07 08:00:00,208.633,0
2013-11-07 08:30:00,204.682,0
2013-11-07 09:00:00,195.406,0
2013-11-07 09:30:00,191.262,0
2013-11-07 10:00:00,189.033,0
2013-11-07 10:30:00,185.703,0
2013-11-07 11:00:00,173.832,0
2013-11-07 11:30:00,174.241,0
2013-11-07 12:00:00,176.837,0
2013-11-07 12:30:00,182.546,0
2013-11-07 13:00:00,179.695,0
2013-11-07 13:30:00,184.917,0
2013-11-07 14:00:00,180.491,0
2013-11-07 14:30:00,173.826,0
2013-11-07 15:00:00,181.814,0
2013-11-07 15:30:00,188.682,0
2013-11-07 16:00:00,200.144,0
2013-11-07 16:30:00,238.932,0
2013-11-07 17:00:00,269.339,0
2013-11-07 17:30:00,290.442,0
2013-11-07 18:00:00,309.419,0
2013-11-07 18:30:00,326.952,0
2013-11-07 19:00:00,334.954,0
2013-11-07 19:30:00,331.617,0
2013-11-07 20:00:00,319.234,0
2013-11-07 20:30:00,318.287,0
2013-11-07 21:00:00,296.593,0
2013-11-07 21:30:00,293.964,0
2013-11-07 22:00:00,277.106,0
2013-11-07 22:30:00,261.995,0
2013-11-07 23:00:00,226.521,0
2013-11-07 23:30:00,198.107,0
2013-11-08 00:00:00,167.693,0
2013-11-08 00:30:00,151.504,0
2013-11-08 01:00:00,125.515,0
2013-11-08 01:30:00,115.67,0
2013-11-08 02:00:00,109.12,0
2013-11-08 02:30:00,101.376,0
2013-11-08 03:00:00,102.24,0
2013-11-08 03:30:00,100.853,0
2013-11-08 04:00:00,97.055,0
2013-11-08 04:30:00,101.178,0
2013-11-08 05:00:00,102.689,0
2013-11-08 05:30:00,108.192,0
2013-11-08 06:00:00,116.808,0
2013-11-08 06:30:00,143.291,0
2013-11-08 07:00:00,173.664,0
2013-11-08 07:30:00,202.454,0
2013-11-08 08:00:00,212.123,0
2013-11-08 08:30:00,211.459,0
2013-11-08 09:00:00,214.367,0
2013-11-08 09:30:00,207.198,0
2013-11-08 10:00:00,203.936,0
2013-11-08 10:30:00,196.648,0
2013-11-08 11:00:00,193.474,0
2013-11-08 11:30:00,185.55,0
2013-11-08 12:00:00,185.017,0
2013-11-08 12:30:00,197.777,0
2013-11-08 13:00:00,197.784,0
2013-11-08 13:30:00,196.196,0
2013-11-08 14:00:00,202.347,0
2013-11-08 14:30:00,200.895,0
2013-11-08 15:00:00,205.344,0
2013-11-08 15:30:00,221.762,0
2013-11-08 16:00:00,239.601,0
2013-11-08 16:30:00,272.648,0
2013-11-08 17:00:00,292.735,0
2013-11-08 17:30:00,316.688,0
2013-11-08 18:00:00,312.479,0
2013-11-08 18:30:00,333.61,0
2013-11-08 19:00:00,337.413,0
2013-11-08 19:30:00,337.732,0
2013-11-08 20:00:00,323.748,0
2013-11-08 20:30:00,314.643,0
2013-11-08 21:00:00,295.637,0
2013-11-08 21:30:00,282.185,0
2013-11-08 22:00:00,270.881,0
2013-11-08 22:30:00,256.504,0
2013-11-08 23:00:00,230.769,0
2013-11-08 23:30:00,206.614,0
2013-11-09 00:00:00,185.59,0
2013-11-09 00:30:00,159.837,0
2013-11-09 01:00:00,140.435,0
2013-11-09 01:30:00,133.475,0
2013-11-09 02:00:00,115.276,0
2013-11-09 02:30:00,111.508,0
2013-11-09 03:00:00,110.324,0
2013-11-09 03:30:00,105.289,0
2013-11-09 04:00:00,100.831,0
2013-11-09 04:30:00,101.673,0
2013-11-09 05:00:00,102.014,0
2013-11-09 05:30:00,107.463,0
2013-11-09 06:00:00,109.032,0
2013-11-09 06:30:00,123.191,0
2013-11-09 07:00:00,140.361,0
2013-11-09 07:30:00,164.366,0
2013-11-09 08:00:00,185.412,0
2013-11-09 08:30:00,208.056,0
2013-11-09 09:00:00,222.309,0
2013-11-09 09:30:00,233.863,0
2013-11-09 10:00:00,218.935,0
2013-11-09 10:30:00,222.766,0
2013-11-09 11:00:00,236.031,0
2013-11-09 11:30:00,248.162,0
2013-11-09 12:00:00,255.143,0
2013-11-09 12:30:00,263.678,0
2013-11-09 13:00:00,274.943,0
2013-11-09 13:30:00,261.667,0
2013-11-09 14:00:00,254.656,0
2013-11-09 14:30:00,250.322,0
2013-11-09 15:00:00,246.954,0
2013-11-09 15:30:00,246.083,0
2013-11-09 16:00:00,272.972,0
2013-11-09 16:30:00,303.153,0
2013-11-09 17:00:00,308.902,0
2013-11-09 17:30:00,339.027,0
2013-11-09 18:00:00,344.773,0
2013-11-09 18:30:00,345.926,0
2013-11-09 19:00:00,333.047,0
2013-11-09 19:30:00,318.586,0
2013-11-09 20:00:00,301.1,0
2013-11-09 20:30:00,295.353,0
2013-11-09 21:00:00,287.822,0
2013-11-09 21:30:00,281.583,0
2013-11-09 22:00:00,264.809,0
2013-11-09 22:30:00,249.194,0
2013-11-09 23:00:00,234.925,0
2013-11-09 23:30:00,210.07,0
2013-11-10 00:00:00,177.99,0
2013-11-10 00:30:00,163.511,0
2013-11-10 01:00:00,140.374,0
2013-11-10 01:30:00,120.99,0
2013-11-10 02:00:00,110.003,0
2013-11-10 02:30:00,106.995,0
2013-11-10 03:00:00,102.498,0
2013-11-10 03:30:00,100.293,0
2013-11-10 04:00:00,100.059,0
2013-11-10 04:30:00,99.351,0
2013-11-10 05:00:00,100.354,0
2013-11-10 05:30:00,102.916,0
2013-11-10 06:00:00,106.161,0
2013-11-10 06:30:00,117.687,0
2013-11-10 07:00:00,135.907,0
2013-11-10 07:30:00,153.607,0
2013-11-10 08:00:00,172.088,0
2013-11-10 08:30:00,196.606,0
2013-11-10 09:00:00,228.847,0
2013-11-10 09:30:00,240.346,0
2013-11-10 10:00:00,247.041,0
2013-11-10 10:30:00,248.398,0
2013-11-10 11:00:00,248.121,0
2013-11-10 11:30:00,241.598,0
2013-11-10 12:00:00,257.741,0
2013-11-10 12:30:00,270.39,0
2013-11-10 13:00:00,283.788,0
2013-11-10 13:30:00,276.885,0
2013-11-10 14:00:00,261.805,0
2013-11-10 14:30:00,248.436,0
2013-11-10 15:00:00,239.825,0
2013-11-10 15:30:00,246.17,0
2013-11-10 16:00:00,253.092,0
2013-11-10 16:30:00,279.142,0
2013-11-10 17:00:00,315.56,0
2013-11-10 17:30:00,346.945,0
2013-11-10 18:00:00,347.248,0
2013-11-10 18:30:00,373.412,1
2013-11-10 19:00:00,377.349,1
2013-11-10 19:30:00,368.386,1
2013-11-10 20:00:00,363.68,1
2013-11-10 20:30:00,345.777,0
2013-11-10 21:00:00,322.284,0
2013-11-10 21:30:00,310.977,0
2013-11-10 22:00:00,293.213,0
2013-11-10 22:30:00,275.751,0
2013-11-10 23:00:00,247.925,0
2013-11-10 23:30:00,207.565,0
2013-11-11 00:00:00,181.761,0
2013-11-11 00:30:00,155.151,0
2013-11-11 01:00:00,137.298,0
2013-11-11 01:30:00,122.765,0
2013-11-11 02:00:00,113.243,0
2013-11-11 02:30:00,110.466,0
2013-11-11 03:00:00,104.05,0
2013-11-11 03:30:00,102.156,0
2013-11-11 04:00:00,99.138,0
2013-11-11 04:30:00,102.393,0
2013-11-11 05:00:00,106.867,0
2013-11-11 05:30:00,113.35,0
2013-11-11 06:00:00,126.099,0
2013-11-11 06:30:00,153.094,0
2013-11-11 07:00:00,183.823,0
2013-11-11 07:30:00,212.767,0
2013-11-11 08:00:00,216.869,0
2013-11-11 08:30:00,219.52,0
2013-11-11 09:00:00,224.003,0
2013-11-11 09:30:00,217.722,0
2013-11-11 10:00:00,215.122,0
2013-11-11 10:30:00,215.088,0
2013-11-11 11:00:00,210.819,0
2013-11-11 11:30:00,212.442,0
2013-11-11 12:00:00,211.993,0
2013-11-11 12:30:00,221.156,0
2013-11-11 13:00:00,223.08,0
2013-11-11 13:30:00,225.605,0
2013-11-11 14:00:00,224.781,0
2013-11-11 14:30:00,212.557,0
2013-11-11 15:00:00,211.894,0
2013-11-11 15:30:00,217.593,0
2013-11-11 16:00:00,223.572,0
2013-11-11 16:30:00,267.376,0
2013-11-11 17:00:00,293.166,0
2013-11-11 17:30:00,329.03,0
2013-11-11 18:00:00,344.895,0
2013-11-11 18:30:00,364.934,1
2013-11-11 19:00:00,363.091,1
2013-11-11 19:30:00,350.961,0
2013-11-11 20:00:00,347.861,0
2013-11-11 20:30:00,339.742,0
2013-11-11 21:00:00,326.947,0
2013-11-11 21:30:00,303.602,0
2013-11-11 22:00:00,289.555,0
2013-11-11 22:30:00,266.874,0
2013-11-11 23:00:00,233.226,0
2013-11-11 23:30:00,204.451,0
2013-11-12 00:00:00,176.492,0
2013-11-12 00:30:00,159.751,0
2013-11-12 01:00:00,130.189,0
2013-11-12 01:30:00,115.084,0
2013-11-12 02:00:00,105.082,0
2013-11-12 02:30:00,101.67,0
2013-11-12 03:00:00,99.591,0
2013-11-12 03:30:00,100.483,0
2013-11-12 04:00:00,97.439,0
2013-11-12 04:30:00,97.023,0
2013-11-12 05:00:00,102.584,0
2013-11-12 05:30:00,111.297,0
2013-11-12 06:00:00,117.51,0
2013-11-12 06:30:00,145.916,0
2013-11-12 07:00:00,173.99,0
2013-11-12 07:30:00,204.744,0
2013-11-12 08:00:00,221.254,0
2013-11-12 08:30:00,226.951,0
2013-11-12 09:00:00,209.198,0
2013-11-12 09:30:00,198.584,0
2013-11-12 10:00:00,207.499,0
2013-11-12 10:30:00,201.955,0
2013-11-12 11:00:00,188.542,0
2013-11-12 11:30:00,187.019,0
2013-11-12 12:00:00,182.132,0
2013-11-12 12:30:00,189.205,0
2013-11-12 13:00:00,184.867,0
2013-11-12 13:30:00,186.401,0
2013-11-12 14:00:00,182.976,0
2013-11-12 14:30:00,185.56,0
2013-11-12 15:00:00,184.481,0
2013-11-12 15:30:00,186.333,0
2013-11-12 16:00:00,206.086,0
2013-11-12 16:30:00,249.963,0
2013-11-12 17:00:00,289.093,0
2013-11-12 17:30:00,309.926,0
2013-11-12 18:00:00,320.7,0
2013-11-12 18:30:00,349.438,0
2013-11-12 19:00:00,355.347,1
2013-11-12 19:30:00,343.953,0
2013-11-12 20:00:00,329.846,0
2013-11-12 20:30:00,320.729,0
2013-11-12 21:00:00,306.675,0
2013-11-12 21:30:00,293.422,0
2013-11-12 22:00:00,284.227,0
2013-11-12 22:30:00,266.975,0
2013-11-12 23:00:00,241.083,0
2013-11-12 23:30:00,215.505,0
2013-11-13 00:00:00,177.323,0
2013-11-13 00:30:00,149.329,0
2013-11-13 01:00:00,131.283,0
2013-11-13 01:30:00,118.47,0
2013-11-13 02:00:00,109.895,0
2013-11-13 02:30:00,105.075,0
2013-11-13 03:00:00,101.892,0
2013-11-13 03:30:00,99.329,0
2013-11-13 04:00:00,98.653,0
2013-11-13 04:30:00,100.591,0
2013-11-13 05:00:00,103.084,0
2013-11-13 05:30:00,113.192,0
2013-11-13 06:00:00,127.779,0
2013-11-13 06:30:00,150.529,0
2013-11-13 07:00:00,183.883,0
2013-11-13 07:30:00,227.289,0
2013-11-13 08:00:00,217.298,0
2013-11-13 08:30:00,217.953,0
2013-11-13 09:00:00,219.309,0
2013-11-13 09:30:00,212.352,0
2013-11-13 10:00:00,206.067,0
2013-11-13 10:30:00,208.496,0
2013-11-13 11:00:00,204.996,0
2013-11-13 11:30:00,199.434,0
2013-11-13 12:00:00,202.987,0
2013-11-13 12:30:00,198.683,0
2013-11-13 13:00:00,203.069,0
2013-11-13 13:30:00,185.981,0
2013-11-13 14:00:00,182.957,0
2013-11-13 14:30:00,179.75,0
2013-11-13 15:00:00,182.829,0
2013-11-13 15:30:00,194.724,0
2013-11-13 16:00:00,213.001,0
2013-11-13 16:30:00,251.041,0
2013-11-13 17:00:00,281.552,0
2013-11-13 17:30:00,322.806,0
2013-11-13 18:00:00,349.123,0
2013-11-13 18:30:00,365.878,1
2013-11-13 19:00:00,355.551,1
2013-11-13 19:30:00,361.31,1
2013-11-13 20:00:00,348.66,0
2013-11-13 20:30:00,334.076,0
2013-11-13 21:00:00,320.73,0
2013-11-13 21:30:00,308.634,0
2013-11-13 22:00:00,295.187,0
2013-11-13 22:30:00,283.257,0
2013-11-13 23:00:00,245.119,0
2013-11-13 23:30:00,215.939,0
2013-11-14 00:00:00,180.586,0
2013-11-14 00:30:00,156.954,0
2013-11-14 01:00:00,136.515,0
2013-11-14 01:30:00,118.467,0
2013-11-14 02:00:00,111.688,0
2013-11-14 02:30:00,109.253,0
2013-11-14 03:00:00,108.313,0
2013-11-14 03:30:00,106.025,0
2013-11-14 04:00:00,102.02,0
2013-11-14 04:30:00,100.399,0
2013-11-14 05:00:00,104.919,0
2013-11-14 05:30:00,108.691,0
2013-11-14 06:00:00,118.331,0
2013-11-14 06:30:00,144.766,0
2013-11-14 07:00:00,174.751,0
2013-11-14 07:30:00,211.95,0
2013-11-14 08:00:00,221.603,0
2013-11-14 08:30:00,212.81,0
2013-11-14 09:00:00,191.887,0
2013-11-14 09:30:00,182.955,0
2013-11-14 10:00:00,172.937,0
2013-11-14 10:30:00,167.59,0
2013-11-14 11:00:00,169.879,0
2013-11-14 11:30:00,171.335,0
2013-11-14 12:00:00,173.646,0
2013-11-14 12:30:00,179.469,0
2013-11-14 13:00:00,172.429,0
2013-11-14 13:30:00,174.725,0
2013-11-14 14:00:00,173.52,0
2013-11-14 14:30:00,177.903,0
2013-11-14 15:00:00,174.704,0
2013-11-14 15:30:00,184.073,0
2013-11-14 16:00:00,195.985,0
2013-11-14 16:30:00,232.126,0
2013-11-14 17:00:00,271.821,0
2013-11-14 17:30:00,328.861,0
2013-11-14 18:00:00,351.185,0
2013-11-14 18:30:00,356.533,1
2013-11-14 19:00:00,353.899,0
2013-11-14 19:30:00,355.661,1
2013-11-14 20:00:00,353.2,0
2013-11-14 20:30:00,329.09,0
2013-11-14 21:00:00,315.466,0
2013-11-14 21:30:00,309.647,0
2013-11-14 22:00:00,298.925,0
2013-11-14 22:30:00,277.966,0
2013-11-14 23:00:00,252.499,0
2013-11-14 23:30:00,215.302,0
2013-11-15 00:00:00,183.449,0
2013-11-15 00:30:00,160.769,0
2013-11-15 01:00:00,133.89,0
2013-11-15 01:30:00,121.439,0
2013-11-15 02:00:00,109.191,0
2013-11-15 02:30:00,111.763,0
2013-11-15 03:00:00,106.039,0
2013-11-15 03:30:00,104.688,0
2013-11-15 04:00:00,103.12,0
2013-11-15 04:30:00,101.358,0
2013-11-15 05:00:00,107.667,0
2013-11-15 05:30:00,111.104,0
2013-11-15 06:00:00,124.691,0
2013-11-15 06:30:00,150.441,0
2013-11-15 07:00:00,186.007,0
2013-11-15 07:30:00,215.583,0
2013-11-15 08:00:00,224.641,0
2013-11-15 08:30:00,225.306,0
2013-11-15 09:00:00,220.576,0
2013-11-15 09:30:00,212.814,0
2013-11-15 10:00:00,212.327,0
2013-11-15 10:30:00,202.218,0
2013-11-15 11:00:00,210.322,0
2013-11-15 11:30:00,206.224,0
2013-11-15 12:00:00,195.411,0
2013-11-15 12:30:00,202.748,0
2013-11-15 13:00:00,200.819,0
2013-11-15 13:30:00,194.423,0
2013-11-15 14:00:00,194.797,0
2013-11-15 14:30:00,197.294,0
2013-11-15 15:00:00,194.462,0
2013-11-15 15:30:00,198.667,0
2013-11-15 16:00:00,221.982,0
2013-11-15 16:30:00,264.6,0
2013-11-15 17:00:00,291.656,0
2013-11-15 17:30:00,315.05,0
2013-11-15 18:00:00,329.284,0
2013-11-15 18:30:00,359.421,1
2013-11-15 19:00:00,353.729,0
2013-11-15 19:30:00,338.967,0
2013-11-15 20:00:00,339.144,0
2013-11-15 20:30:00,310.762,0
2013-11-15 21:00:00,305.794,0
2013-11-15 21:30:00,293.337,0
2013-11-15 22:00:00,277.227,0
2013-11-15 22:30:00,264.721,0
2013-11-15 23:00:00,243.854,0
2013-11-15 23:30:00,212.369,0
2013-11-16 00:00:00,186.132,0
2013-11-16 00:30:00,166.964,0
2013-11-16 01:00:00,145.478,0
2013-11-16 01:30:00,124.794,0
2013-11-16 02:00:00,117.342,0
2013-11-16 02:30:00,113.608,0
2013-11-16 03:00:00,112.693,0
2013-11-16 03:30:00,108.622,0
2013-11-16 04:00:00,107.006,0
2013-11-16 04:30:00,104.019,0
2013-11-16 05:00:00,107.053,0
2013-11-16 05:30:00,115.756,0
2013-11-16 06:00:00,119.072,0
2013-11-16 06:30:00,132.178,0
2013-11-16 07:00:00,148.465,0
2013-11-16 07:30:00,178.855,0
2013-11-16 08:00:00,206.766,0
2013-11-16 08:30:00,221.901,0
2013-11-16 09:00:00,226.605,0
2013-11-16 09:30:00,230.477,0
2013-11-16 10:00:00,220.096,0
2013-11-16 10:30:00,222.13,0
2013-11-16 11:00:00,215.513,0
2013-11-16 11:30:00,212.084,0
2013-11-16 12:00:00,218.706,0
2013-11-16 12:30:00,244.236,0
2013-11-16 13:00:00,250.733,0
2013-11-16 13:30:00,238.887,0
2013-11-16 14:00:00,231.815,0
2013-11-16 14:30:00,218.078,0
2013-11-16 15:00:00,218.01,0
2013-11-16 15:30:00,227.996,0
2013-11-16 16:00:00,257.512,0
2013-11-16 16:30:00,281.069,0
2013-11-16 17:00:00,304.787,0
2013-11-16 17:30:00,334.59,0
2013-11-16 18:00:00,331.303,0
2013-11-16 18:30:00,350.323,0
2013-11-16 19:00:00,348.729,0
2013-11-16 19:30:00,340.983,0
2013-11-16 20:00:00,338.228,0
2013-11-16 20:30:00,312.792,0
2013-11-16 21:00:00,299.479,0
2013-11-16 21:30:00,289.656,0
2013-11-16 22:00:00,271.667,0
2013-11-16 22:30:00,260.63,0
2013-11-16 23:00:00,244.283,0
2013-11-16 23:30:00,220.052,0
2013-11-17 00:00:00,190.291,0
2013-11-17 00:30:00,160.016,0
2013-11-17 01:00:00,141.41,0
2013-11-17 01:30:00,126.192,0
2013-11-17 02:00:00,116.632,0
2013-11-17 02:30:00,109.899,0
2013-11-17 03:00:00,105.553,0
2013-11-17 03:30:00,106.473,0
2013-11-17 04:00:00,98.72,0
2013-11-17 04:30:00,96.706,0
2013-11-17 05:00:00,98.071,0
2013-11-17 05:30:00,102.615,0
2013-11-17 06:00:00,105.611,0
2013-11-17 06:30:00,118.05,0
2013-11-17 07:00:00,132.285,0
2013-11-17 07:30:00,154.858,0
2013-11-17 08:00:00,174.675,0
2013-11-17 08:30:00,208.965,0
2013-11-17 09:00:00,225.993,0
2013-11-17 09:30:00,241.016,0
2013-11-17 10:00:00,235.298,0
2013-11-17 10:30:00,247.55,0
2013-11-17 11:00:00,255.747,0
2013-11-17 11:30:00,242.73,0
2013-11-17 12:00:00,244.616,0
2013-11-17 12:30:00,268.473,0
2013-11-17 13:00:00,273.686,0
2013-11-17 13:30:00,272.498,0
2013-11-17 14:00:00,269.701,0
2013-11-17 14:30:00,279.158,0
2013-11-17 15:00:00,278.5,0
2013-11-17 15:30:00,280.866,0
2013-11-17 16:00:00,298.33,0
2013-11-17 16:30:00,321.423,0
2013-11-17 17:00:00,344.171,0
2013-11-17 17:30:00,352.985,0
2013-11-17 18:00:00,364.334,1
2013-11-17 18:30:00,368.496,1
2013-11-17 19:00:00,369.766,1
2013-11-17 19:30:00,366.971,1
2013-11-17 20:00:00,339.823,0
2013-11-17 20:30:00,337.196,0
2013-11-17 21:00:00,322.47,0
2013-11-17 21:30:00,312.026,0
2013-11-17 22:00:00,293.166,0
2013-11-17 22:30:00,268.999,0
2013-11-17 23:00:00,239.079,0
2013-11-17 23:30:00,208.742,0
2013-11-18 00:00:00,176.047,0
2013-11-18 00:30:00,149.448,0
2013-11-18 01:00:00,131.491,0
2013-11-18 01:30:00,120.169,0
2013-11-18 02:00:00,108.926,0
2013-11-18 02:30:00,105.475,0
2013-11-18 03:00:00,106.222,0
2013-11-18 03:30:00,103.049,0
2013-11-18 04:00:00,98.885,0
2013-11-18 04:30:00,101.978,0
2013-11-18 05:00:00,105.044,0
2013-11-18 05:30:00,109.873,0
2013-11-18 06:00:00,123.999,0
2013-11-18 06:30:00,152.643,0
2013-11-18 07:00:00,181.066,0
2013-11-18 07:30:00,207.484,0
2013-11-18 08:00:00,211.639,0
2013-11-18 08:30:00,235.872,0
2013-11-18 09:00:00,221.951,0
2013-11-18 09:30:00,226.68,0
2013-11-18 10:00:00,219.786,0
2013-11-18 10:30:00,212.301,0
2013-11-18 11:00:00,205.099,0
2013-11-18 11:30:00,197.449,0
2013-11-18 12:00:00,196.254,0
2013-11-18 12:30:00,212.787,0
2013-11-18 13:00:00,208.805,0
2013-11-18 13:30:00,209.838,0
2013-11-18 14:00:00,214.366,0
2013-11-18 14:30:00,215.147,0
2013-11-18 15:00:00,217.385,0
2013-11-18 15:30:00,224.655,0
2013-11-18 16:00:00,243.006,0
2013-11-18 16:30:00,274.82,0
2013-11-18 17:00:00,300.186,0
2013-11-18 17:30:00,327.445,0
2013-11-18 18:00:00,331.789,0
2013-11-18 18:30:00,353.896,0
2013-11-18 19:00:00,350.265,0
2013-11-18 19:30:00,360.96,1
2013-11-18 20:00:00,357.587,1
2013-11-18 20:30:00,341.15500000000003,0
2013-11-18 21:00:00,331.806,0
2013-11-18 21:30:00,306.821,0
2013-11-18 22:00:00,294.942,0
2013-11-18 22:30:00,281.553,0
2013-11-18 23:00:00,248.046,0
2013-11-18 23:30:00,212.744,0
2013-11-19 00:00:00,177.903,0
2013-11-19 00:30:00,153.901,0
2013-11-19 01:00:00,133.287,0
2013-11-19 01:30:00,118.031,0
2013-11-19 02:00:00,109.528,0
2013-11-19 02:30:00,105.4,0
2013-11-19 03:00:00,103.336,0
2013-11-19 03:30:00,101.264,0
2013-11-19 04:00:00,102.296,0
2013-11-19 04:30:00,101.389,0
2013-11-19 05:00:00,107.81,0
2013-11-19 05:30:00,113.289,0
2013-11-19 06:00:00,121.914,0
2013-11-19 06:30:00,150.267,0
2013-11-19 07:00:00,183.201,0
2013-11-19 07:30:00,219.994,0
2013-11-19 08:00:00,221.225,0
2013-11-19 08:30:00,242.26,0
2013-11-19 09:00:00,220.473,0
2013-11-19 09:30:00,216.32,0
2013-11-19 10:00:00,207.244,0
2013-11-19 10:30:00,196.912,0
2013-11-19 11:00:00,195.726,0
2013-11-19 11:30:00,202.976,0
2013-11-19 12:00:00,209.172,0
2013-11-19 12:30:00,206.41,0
2013-11-19 13:00:00,206.035,0
2013-11-19 13:30:00,201.745,0
2013-11-19 14:00:00,203.441,0
2013-11-19 14:30:00,194.971,0
2013-11-19 15:00:00,199.567,0
2013-11-19 15:30:00,208.059,0
2013-11-19 16:00:00,222.805,0
2013-11-19 16:30:00,249.518,0
2013-11-19 17:00:00,301.604,0
2013-11-19 17:30:00,330.238,0
2013-11-19 18:00:00,345.745,0
2013-11-19 18:30:00,362.91,1
2013-11-19 19:00:00,370.533,1
2013-11-19 19:30:00,362.348,1
2013-11-19 20:00:00,361.881,1
2013-11-19 20:30:00,342.298,0
2013-11-19 21:00:00,326.416,0
2013-11-19 21:30:00,321.281,0
2013-11-19 22:00:00,316.341,0
2013-11-19 22:30:00,296.413,0
2013-11-19 23:00:00,254.584,0
2013-11-19 23:30:00,226.519,0
2013-11-20 00:00:00,188.44,0
2013-11-20 00:30:00,160.662,0
2013-11-20 01:00:00,144.292,0
2013-11-20 01:30:00,131.383,0
2013-11-20 02:00:00,122.806,0
2013-11-20 02:30:00,116.365,0
2013-11-20 03:00:00,114.834,0
2013-11-20 03:30:00,113.076,0
2013-11-20 04:00:00,111.384,0
2013-11-20 04:30:00,110.75,0
2013-11-20 05:00:00,109.723,0
2013-11-20 05:30:00,121.547,0
2013-11-20 06:00:00,133.651,0
2013-11-20 06:30:00,162.708,0
2013-11-20 07:00:00,208.056,0
2013-11-20 07:30:00,232.813,0
2013-11-20 08:00:00,248.372,0
2013-11-20 08:30:00,253.73,0
2013-11-20 09:00:00,254.756,0
2013-11-20 09:30:00,240.044,0
2013-11-20 10:00:00,223.195,0
2013-11-20 10:30:00,229.554,0
2013-11-20 11:00:00,221.328,0
2013-11-20 11:30:00,219.886,0
2013-11-20 12:00:00,223.436,0
2013-11-20 12:30:00,239.787,0
2013-11-20 13:00:00,233.984,0
2013-11-20 13:30:00,216.031,0
2013-11-20 14:00:00,213.159,0
2013-11-20 14:30:00,211.936,0
2013-11-20 15:00:00,226.481,0
2013-11-20 15:30:00,238.182,0
2013-11-20 16:00:00,246.287,0
2013-11-20 16:30:00,279.625,0
2013-11-20 17:00:00,322.854,0
2013-11-20 17:30:00,353.835,0
2013-11-20 18:00:00,356.676,1
2013-11-20 18:30:00,378.971,1
2013-11-20 19:00:00,374.821,1
2013-11-20 19:30:00,364.74,1
2013-11-20 20:00:00,360.794,1
2013-11-20 20:30:00,356.89,1
2013-11-20 21:00:00,326.387,0
2013-11-20 21:30:00,328.468,0
2013-11-20 22:00:00,309.814,0
2013-11-20 22:30:00,289.649,0
2013-11-20 23:00:00,265.945,0
2013-11-20 23:30:00,226.157,0
2013-11-21 00:00:00,195.048,0
2013-11-21 00:30:00,164.492,0
2013-11-21 01:00:00,141.369,0
2013-11-21 01:30:00,127.623,0
2013-11-21 02:00:00,112.815,0
2013-11-21 02:30:00,108.854,0
2013-11-21 03:00:00,106.481,0
2013-11-21 03:30:00,107.174,0
2013-11-21 04:00:00,101.321,0
2013-11-21 04:30:00,103.455,0
2013-11-21 05:00:00,108.776,0
2013-11-21 05:30:00,120.883,0
2013-11-21 06:00:00,124.17,0
2013-11-21 06:30:00,150.247,0
2013-11-21 07:00:00,184.934,0
2013-11-21 07:30:00,231.348,0
2013-11-21 08:00:00,245.683,0
2013-11-21 08:30:00,244.42,0
2013-11-21 09:00:00,240.478,0
2013-11-21 09:30:00,215.363,0
2013-11-21 10:00:00,220.929,0
2013-11-21 10:30:00,219.744,0
2013-11-21 11:00:00,227.665,0
2013-11-21 11:30:00,216.911,0
2013-11-21 12:00:00,216.76,0
2013-11-21 12:30:00,230.95,0
2013-11-21 13:00:00,227.458,0
2013-11-21 13:30:00,226.506,0
2013-11-21 14:00:00,219.115,0
2013-11-21 14:30:00,206.795,0
2013-11-21 15:00:00,202.651,0
2013-11-21 15:30:00,210.556,0
2013-11-21 16:00:00,230.796,0
2013-11-21 16:30:00,262.313,0
2013-11-21 17:00:00,290.293,0
2013-11-21 17:30:00,372.766,1
2013-11-21 18:00:00,375.227,1
2013-11-21 18:30:00,404.567,1
2013-11-21 19:00:00,416.762,1
2013-11-21 19:30:00,398.001,1
2013-11-21 20:00:00,381.928,1
2013-11-21 20:30:00,360.533,1
2013-11-21 21:00:00,334.513,0
2013-11-21 21:30:00,327.362,0
2013-11-21 22:00:00,317.25,0
2013-11-21 22:30:00,280.134,0
2013-11-21 23:00:00,261.034,0
2013-11-21 23:30:00,227.011,0
2013-11-22 00:00:00,198.647,0
2013-11-22 00:30:00,171.684,0
2013-11-22 01:00:00,147.215,0
2013-11-22 01:30:00,130.442,0
2013-11-22 02:00:00,122.292,0
2013-11-22 02:30:00,114.388,0
2013-11-22 03:00:00,109.056,0
2013-11-22 03:30:00,108.545,0
2013-11-22 04:00:00,104.941,0
2013-11-22 04:30:00,102.872,0
2013-11-22 05:00:00,107.777,0
2013-11-22 05:30:00,113.05,0
2013-11-22 06:00:00,126.695,0
2013-11-22 06:30:00,155.981,0
2013-11-22 07:00:00,184.72,0
2013-11-22 07:30:00,225.188,0
2013-11-22 08:00:00,245.839,0
2013-11-22 08:30:00,241.009,0
2013-11-22 09:00:00,231.763,0
2013-11-22 09:30:00,231.834,0
2013-11-22 10:00:00,223.589,0
2013-11-22 10:30:00,224.411,0
2013-11-22 11:00:00,210.406,0
2013-11-22 11:30:00,213.867,0
2013-11-22 12:00:00,221.511,0
2013-11-22 12:30:00,221.633,0
2013-11-22 13:00:00,222.908,0
2013-11-22 13:30:00,220.689,0
2013-11-22 14:00:00,210.768,0
2013-11-22 14:30:00,209.786,0
2013-11-22 15:00:00,208.746,0
2013-11-22 15:30:00,226.559,0
2013-11-22 16:00:00,246.743,0
2013-11-22 16:30:00,275.479,0
2013-11-22 17:00:00,319.508,0
2013-11-22 17:30:00,331.514,0
2013-11-22 18:00:00,345.008,0
2013-11-22 18:30:00,348.309,0
2013-11-22 19:00:00,366.248,1
2013-11-22 19:30:00,358.595,1
2013-11-22 20:00:00,358.88,1
2013-11-22 20:30:00,335.828,0
2013-11-22 21:00:00,319.182,0
2013-11-22 21:30:00,314.452,0
2013-11-22 22:00:00,289.131,0
2013-11-22 22:30:00,278.511,0
2013-11-22 23:00:00,259.118,0
2013-11-22 23:30:00,227.263,0
2013-11-23 00:00:00,199.172,0
2013-11-23 00:30:00,170.793,0
2013-11-23 01:00:00,151.824,0
2013-11-23 01:30:00,138.952,0
2013-11-23 02:00:00,129.7,0
2013-11-23 02:30:00,125.458,0
2013-11-23 03:00:00,118.561,0
2013-11-23 03:30:00,111.777,0
2013-11-23 04:00:00,110.174,0
2013-11-23 04:30:00,111.461,0
2013-11-23 05:00:00,110.33,0
2013-11-23 05:30:00,113.579,0
2013-11-23 06:00:00,119.527,0
2013-11-23 06:30:00,131.815,0
2013-11-23 07:00:00,155.397,0
2013-11-23 07:30:00,190.475,0
2013-11-23 08:00:00,209.217,0
2013-11-23 08:30:00,220.935,0
2013-11-23 09:00:00,237.666,0
2013-11-23 09:30:00,254.67,0
2013-11-23 10:00:00,249.033,0
2013-11-23 10:30:00,246.352,0
2013-11-23 11:00:00,240.453,0
2013-11-23 11:30:00,234.397,0
2013-11-23 12:00:00,233.074,0
2013-11-23 12:30:00,241.774,0
2013-11-23 13:00:00,247.831,0
2013-11-23 13:30:00,243.471,0
2013-11-23 14:00:00,233.496,0
2013-11-23 14:30:00,232.239,0
2013-11-23 15:00:00,232.563,0
2013-11-23 15:30:00,234.745,0
2013-11-23 16:00:00,256.627,0
2013-11-23 16:30:00,287.363,0
2013-11-23 17:00:00,318.516,0
2013-11-23 17:30:00,337.151,0
2013-11-23 18:00:00,344.445,0
2013-11-23 18:30:00,360.739,1
2013-11-23 19:00:00,370.591,1
2013-11-23 19:30:00,352.043,0
2013-11-23 20:00:00,346.785,0
2013-11-23 20:30:00,327.32,0
2013-11-23 21:00:00,310.761,0
2013-11-23 21:30:00,299.008,0
2013-11-23 22:00:00,282.231,0
2013-11-23 22:30:00,265.143,0
2013-11-23 23:00:00,258.296,0
2013-11-23 23:30:00,225.593,0
2013-11-24 00:00:00,201.92,0
2013-11-24 00:30:00,180.617,0
2013-11-24 01:00:00,153.532,0
2013-11-24 01:30:00,136.636,0
2013-11-24 02:00:00,125.821,0
2013-11-24 02:30:00,119.434,0
2013-11-24 03:00:00,119.684,0
2013-11-24 03:30:00,113.513,0
2013-11-24 04:00:00,112.546,0
2013-11-24 04:30:00,104.964,0
2013-11-24 05:00:00,104.895,0
2013-11-24 05:30:00,106.022,0
2013-11-24 06:00:00,115.426,0
2013-11-24 06:30:00,124.401,0
2013-11-24 07:00:00,142.183,0
2013-11-24 07:30:00,161.59,0
2013-11-24 08:00:00,177.546,0
2013-11-24 08:30:00,212.738,0
2013-11-24 09:00:00,229.172,0
2013-11-24 09:30:00,250.462,0
2013-11-24 10:00:00,272.233,0
2013-11-24 10:30:00,268.839,0
2013-11-24 11:00:00,272.776,0
2013-11-24 11:30:00,255.392,0
2013-11-24 12:00:00,263.946,0
2013-11-24 12:30:00,273.105,0
2013-11-24 13:00:00,282.803,0
2013-11-24 13:30:00,287.407,0
2013-11-24 14:00:00,290.9,0
2013-11-24 14:30:00,274.113,0
2013-11-24 15:00:00,277.281,0
2013-11-24 15:30:00,283.392,0
2013-11-24 16:00:00,300.861,0
2013-11-24 16:30:00,329.732,0
2013-11-24 17:00:00,353.516,0
2013-11-24 17:30:00,363.745,1
2013-11-24 18:00:00,379.016,1
2013-11-24 18:30:00,372.924,1
2013-11-24 19:00:00,379.907,1
2013-11-24 19:30:00,371.38,1
2013-11-24 20:00:00,350.944,0
2013-11-24 20:30:00,345.503,0
2013-11-24 21:00:00,326.386,0
2013-11-24 21:30:00,317.063,0
2013-11-24 22:00:00,302.492,0
2013-11-24 22:30:00,279.327,0
2013-11-24 23:00:00,245.475,0
2013-11-24 23:30:00,221.177,0
2013-11-25 00:00:00,180.801,0
2013-11-25 00:30:00,157.704,0
2013-11-25 01:00:00,136.373,0
2013-11-25 01:30:00,121.579,0
2013-11-25 02:00:00,116.367,0
2013-11-25 02:30:00,112.691,0
2013-11-25 03:00:00,110.295,0
2013-11-25 03:30:00,111.007,0
2013-11-25 04:00:00,107.252,0
2013-11-25 04:30:00,105.859,0
2013-11-25 05:00:00,110.916,0
2013-11-25 05:30:00,120.861,0
2013-11-25 06:00:00,133.94,0
2013-11-25 06:30:00,154.326,0
2013-11-25 07:00:00,190.776,0
2013-11-25 07:30:00,224.988,0
2013-11-25 08:00:00,232.812,0
2013-11-25 08:30:00,221.75,0
2013-11-25 09:00:00,215.129,0
2013-11-25 09:30:00,211.721,0
2013-11-25 10:00:00,203.107,0
2013-11-25 10:30:00,209.633,0
2013-11-25 11:00:00,204.839,0
2013-11-25 11:30:00,203.104,0
2013-11-25 12:00:00,202.158,0
2013-11-25 12:30:00,211.199,0
2013-11-25 13:00:00,213.312,0
2013-11-25 13:30:00,202.551,0
2013-11-25 14:00:00,193.779,0
2013-11-25 14:30:00,193.899,0
2013-11-25 15:00:00,202.119,0
2013-11-25 15:30:00,215.74,0
2013-11-25 16:00:00,241.829,0
2013-11-25 16:30:00,273.209,0
2013-11-25 17:00:00,308.341,0
2013-11-25 17:30:00,327.308,0
2013-11-25 18:00:00,342.076,0
2013-11-25 18:30:00,369.817,1
2013-11-25 19:00:00,380.662,1
2013-11-25 19:30:00,372.268,1
2013-11-25 20:00:00,367.931,1
2013-11-25 20:30:00,348.463,0
2013-11-25 21:00:00,331.399,0
2013-11-25 21:30:00,315.603,0
2013-11-25 22:00:00,304.742,0
2013-11-25 22:30:00,284.616,0
2013-11-25 23:00:00,252.766,0
2013-11-25 23:30:00,215.723,0
2013-11-26 00:00:00,183.14,0
2013-11-26 00:30:00,164.385,0
2013-11-26 01:00:00,143.2,0
2013-11-26 01:30:00,126.859,0
2013-11-26 02:00:00,113.607,0
2013-11-26 02:30:00,107.736,0
2013-11-26 03:00:00,104.86,0
2013-11-26 03:30:00,107.123,0
2013-11-26 04:00:00,104.329,0
2013-11-26 04:30:00,101.838,0
2013-11-26 05:00:00,106.176,0
2013-11-26 05:30:00,121.735,0
2013-11-26 06:00:00,141.532,0
2013-11-26 06:30:00,176.357,0
2013-11-26 07:00:00,203.559,0
2013-11-26 07:30:00,245.106,0
2013-11-26 08:00:00,261.624,0
2013-11-26 08:30:00,276.203,0
2013-11-26 09:00:00,265.3,0
2013-11-26 09:30:00,258.391,0
2013-11-26 10:00:00,251.59,0
2013-11-26 10:30:00,239.216,0
2013-11-26 11:00:00,236.422,0
2013-11-26 11:30:00,229.711,0
2013-11-26 12:00:00,226.831,0
2013-11-26 12:30:00,232.342,0
2013-11-26 13:00:00,249.406,0
2013-11-26 13:30:00,242.343,0
2013-11-26 14:00:00,234.35,0
2013-11-26 14:30:00,232.748,0
2013-11-26 15:00:00,237.912,0
2013-11-26 15:30:00,245.058,0
2013-11-26 16:00:00,260.931,0
2013-11-26 16:30:00,297.717,0
2013-11-26 17:00:00,341.786,0
2013-11-26 17:30:00,324.386,0
2013-11-26 18:00:00,321.491,0
2013-11-26 18:30:00,335.926,0
2013-11-26 19:00:00,340.749,0
2013-11-26 19:30:00,341.204,0
2013-11-26 20:00:00,332.822,0
2013-11-26 20:30:00,327.753,0
2013-11-26 21:00:00,323.35,0
2013-11-26 21:30:00,301.582,0
2013-11-26 22:00:00,289.974,0
2013-11-26 22:30:00,272.73,0
2013-11-26 23:00:00,237.876,0
2013-11-26 23:30:00,222.276,0
2013-11-27 00:00:00,192.829,0
2013-11-27 00:30:00,167.416,0
2013-11-27 01:00:00,145.26,0
2013-11-27 01:30:00,132.839,0
2013-11-27 02:00:00,120.334,0
2013-11-27 02:30:00,114.997,0
2013-11-27 03:00:00,112.132,0
2013-11-27 03:30:00,107.058,0
2013-11-27 04:00:00,106.134,0
2013-11-27 04:30:00,102.803,0
2013-11-27 05:00:00,105.401,0
2013-11-27 05:30:00,119.628,0
2013-11-27 06:00:00,130.01,0
2013-11-27 06:30:00,159.177,0
2013-11-27 07:00:00,195.34,0
2013-11-27 07:30:00,230.011,0
2013-11-27 08:00:00,241.977,0
2013-11-27 08:30:00,264.442,0
2013-11-27 09:00:00,257.017,0
2013-11-27 09:30:00,236.982,0
2013-11-27 10:00:00,234.959,0
2013-11-27 10:30:00,232.701,0
2013-11-27 11:00:00,223.307,0
2013-11-27 11:30:00,220.749,0
2013-11-27 12:00:00,231.343,0
2013-11-27 12:30:00,244.29,0
2013-11-27 13:00:00,236.991,0
2013-11-27 13:30:00,230.966,0
2013-11-27 14:00:00,229.841,0
2013-11-27 14:30:00,224.667,0
2013-11-27 15:00:00,224.54,0
2013-11-27 15:30:00,232.532,0
2013-11-27 16:00:00,261.025,0
2013-11-27 16:30:00,304.68,0
2013-11-27 17:00:00,322.993,0
2013-11-27 17:30:00,305.565,0
2013-11-27 18:00:00,318.254,0
2013-11-27 18:30:00,332.548,0
2013-11-27 19:00:00,334.379,0
2013-11-27 19:30:00,331.053,0
2013-11-27 20:00:00,323.109,0
2013-11-27 20:30:00,310.94,0
2013-11-27 21:00:00,299.91,0
2013-11-27 21:30:00,289.769,0
2013-11-27 22:00:00,279.722,0
2013-11-27 22:30:00,264.06,0
2013-11-27 23:00:00,239.954,0
2013-11-27 23:30:00,219.322,0
2013-11-28 00:00:00,194.278,0
2013-11-28 00:30:00,173.363,0
2013-11-28 01:00:00,147.693,0
2013-11-28 01:30:00,130.705,0
2013-11-28 02:00:00,116.483,0
2013-11-28 02:30:00,114.134,0
2013-11-28 03:00:00,110.128,0
2013-11-28 03:30:00,105.687,0
2013-11-28 04:00:00,104.183,0
2013-11-28 04:30:00,107.376,0
2013-11-28 05:00:00,102.182,0
2013-11-28 05:30:00,114.433,0
2013-11-28 06:00:00,127.42,0
2013-11-28 06:30:00,153.375,0
2013-11-28 07:00:00,193.063,0
2013-11-28 07:30:00,216.219,0
2013-11-28 08:00:00,231.843,0
2013-11-28 08:30:00,248.603,0
2013-11-28 09:00:00,242.895,0
2013-11-28 09:30:00,230.55,0
2013-11-28 10:00:00,212.752,0
2013-11-28 10:30:00,204.424,0
2013-11-28 11:00:00,210.486,0
2013-11-28 11:30:00,199.921,0
2013-11-28 12:00:00,198.244,0
2013-11-28 12:30:00,209.373,0
2013-11-28 13:00:00,207.519,0
2013-11-28 13:30:00,205.806,0
2013-11-28 14:00:00,202.323,0
2013-11-28 14:30:00,198.388,0
2013-11-28 15:00:00,204.961,0
2013-11-28 15:30:00,212.92,0
2013-11-28 16:00:00,233.257,0
2013-11-28 16:30:00,258.607,0
2013-11-28 17:00:00,284.622,0
2013-11-28 17:30:00,307.358,0
2013-11-28 18:00:00,328.124,0
2013-11-28 18:30:00,350.294,0
2013-11-28 19:00:00,353.181,0
2013-11-28 19:30:00,354.403,1
2013-11-28 20:00:00,344.888,0
2013-11-28 20:30:00,335.65,0
2013-11-28 21:00:00,310.545,0
2013-11-28 21:30:00,302.036,0
2013-11-28 22:00:00,284.944,0
2013-11-28 22:30:00,268.992,0
2013-11-28 23:00:00,239.517,0
2013-11-28 23:30:00,212.9,0
2013-11-29 00:00:00,178.546,0
2013-11-29 00:30:00,155.574,0
2013-11-29 01:00:00,133.034,0
2013-11-29 01:30:00,119.825,0
2013-11-29 02:00:00,108.18,0
2013-11-29 02:30:00,104.625,0
2013-11-29 03:00:00,99.127,0
2013-11-29 03:30:00,102.423,0
2013-11-29 04:00:00,97.006,0
2013-11-29 04:30:00,98.994,0
2013-11-29 05:00:00,101.756,0
2013-11-29 05:30:00,110.171,0
2013-11-29 06:00:00,127.042,0
2013-11-29 06:30:00,146.603,0
2013-11-29 07:00:00,183.235,0
2013-11-29 07:30:00,217.854,0
2013-11-29 08:00:00,240.49,0
2013-11-29 08:30:00,240.473,0
2013-11-29 09:00:00,234.393,0
2013-11-29 09:30:00,225.165,0
2013-11-29 10:00:00,215.411,0
2013-11-29 10:30:00,210.485,0
2013-11-29 11:00:00,200.443,0
2013-11-29 11:30:00,194.61,0
2013-11-29 12:00:00,202.096,0
2013-11-29 12:30:00,206.898,0
2013-11-29 13:00:00,210.682,0
2013-11-29 13:30:00,202.622,0
2013-11-29 14:00:00,197.993,0
2013-11-29 14:30:00,214.326,0
2013-11-29 15:00:00,221.823,0
2013-11-29 15:30:00,226.398,0
2013-11-29 16:00:00,231.738,0
2013-11-29 16:30:00,274.6,0
2013-11-29 17:00:00,303.40500000000003,0
2013-11-29 17:30:00,315.506,0
2013-11-29 18:00:00,328.695,0
2013-11-29 18:30:00,353.26,0
2013-11-29 19:00:00,360.368,1
2013-11-29 19:30:00,347.89,0
2013-11-29 20:00:00,338.906,0
2013-11-29 20:30:00,328.582,0
2013-11-29 21:00:00,308.339,0
2013-11-29 21:30:00,302.957,0
2013-11-29 22:00:00,288.387,0
2013-11-29 22:30:00,270.158,0
2013-11-29 23:00:00,250.37,0
2013-11-29 23:30:00,227.899,0
2013-11-30 00:00:00,199.598,0
2013-11-30 00:30:00,168.479,0
2013-11-30 01:00:00,151.667,0
2013-11-30 01:30:00,132.969,0
2013-11-30 02:00:00,121.808,0
2013-11-30 02:30:00,115.99,0
2013-11-30 03:00:00,114.143,0
2013-11-30 03:30:00,114.164,0
2013-11-30 04:00:00,109.813,0
2013-11-30 04:30:00,105.661,0
2013-11-30 05:00:00,105.716,0
2013-11-30 05:30:00,109.154,0
2013-11-30 06:00:00,112.006,0
2013-11-30 06:30:00,131.945,0
2013-11-30 07:00:00,146.798,0
2013-11-30 07:30:00,171.23,0
2013-11-30 08:00:00,196.431,0
2013-11-30 08:30:00,220.033,0
2013-11-30 09:00:00,242.912,0
2013-11-30 09:30:00,243.281,0
2013-11-30 10:00:00,245.829,0
2013-11-30 10:30:00,238.95,0
2013-11-30 11:00:00,244.085,0
2013-11-30 11:30:00,224.783,0
2013-11-30 12:00:00,217.466,0
2013-11-30 12:30:00,229.518,0
2013-11-30 13:00:00,229.506,0
2013-11-30 13:30:00,246.775,0
2013-11-30 14:00:00,246.278,0
2013-11-30 14:30:00,247.771,0
2013-11-30 15:00:00,248.276,0
2013-11-30 15:30:00,258.586,0
2013-11-30 16:00:00,274.574,0
2013-11-30 16:30:00,293.084,0
2013-11-30 17:00:00,323.56,0
2013-11-30 17:30:00,339.794,0
2013-11-30 18:00:00,337.424,0
2013-11-30 18:30:00,352.573,0
2013-11-30 19:00:00,348.95,0
2013-11-30 19:30:00,349.947,0
2013-11-30 20:00:00,337.596,0
2013-11-30 20:30:00,312.128,0
2013-11-30 21:00:00,311.639,0
2013-11-30 21:30:00,299.465,0
2013-11-30 22:00:00,291.763,0
2013-11-30 22:30:00,272.22,0
2013-11-30 23:00:00,249.251,0
2013-11-30 23:30:00,222.16,0
2013-12-01 00:00:00,194.607,0
2013-12-01 00:30:00,176.607,0
2013-12-01 01:00:00,150.364,0
2013-12-01 01:30:00,134.776,0
2013-12-01 02:00:00,123.41,0
2013-12-01 02:30:00,124.517,0
2013-12-01 03:00:00,117.537,0
2013-12-01 03:30:00,115.198,0
2013-12-01 04:00:00,108.625,0
2013-12-01 04:30:00,109.488,0
2013-12-01 05:00:00,104.71,0
2013-12-01 05:30:00,106.642,0
2013-12-01 06:00:00,112.015,0
2013-12-01 06:30:00,124.047,0
2013-12-01 07:00:00,144.027,0
2013-12-01 07:30:00,168.273,0
2013-12-01 08:00:00,192.608,0
2013-12-01 08:30:00,214.173,0
2013-12-01 09:00:00,243.063,0
2013-12-01 09:30:00,254.493,0
2013-12-01 10:00:00,263.203,0
2013-12-01 10:30:00,263.233,0
2013-12-01 11:00:00,247.258,0
2013-12-01 11:30:00,264.039,0
2013-12-01 12:00:00,262.221,0
2013-12-01 12:30:00,257.504,0
2013-12-01 13:00:00,264.845,0
2013-12-01 13:30:00,289.49,0
2013-12-01 14:00:00,277.408,0
2013-12-01 14:30:00,269.975,0
2013-12-01 15:00:00,253.643,0
2013-12-01 15:30:00,255.604,0
2013-12-01 16:00:00,268.649,0
2013-12-01 16:30:00,296.813,0
2013-12-01 17:00:00,333.15,0
2013-12-01 17:30:00,413.315,1
2013-12-01 18:00:00,417.992,1
2013-12-01 18:30:00,418.574,1
2013-12-01 19:00:00,424.263,1
2013-12-01 19:30:00,413.761,1
2013-12-01 20:00:00,383.34,1
2013-12-01 20:30:00,360.746,1
2013-12-01 21:00:00,329.254,0
2013-12-01 21:30:00,321.409,0
2013-12-01 22:00:00,308.846,0
2013-12-01 22:30:00,298.22,0
2013-12-01 23:00:00,256.428,0
2013-12-01 23:30:00,216.238,0
2013-12-02 00:00:00,183.669,0
2013-12-02 00:30:00,156.815,0
2013-12-02 01:00:00,132.256,0
2013-12-02 01:30:00,118.319,0
2013-12-02 02:00:00,111.274,0
2013-12-02 02:30:00,111.759,0
2013-12-02 03:00:00,106.614,0
2013-12-02 03:30:00,109.937,0
2013-12-02 04:00:00,106.579,0
2013-12-02 04:30:00,104.311,0
2013-12-02 05:00:00,106.181,0
2013-12-02 05:30:00,113.539,0
2013-12-02 06:00:00,124.638,0
2013-12-02 06:30:00,152.4,0
2013-12-02 07:00:00,188.601,0
2013-12-02 07:30:00,227.061,0
2013-12-02 08:00:00,240.703,0
2013-12-02 08:30:00,242.608,0
2013-12-02 09:00:00,230.44,0
2013-12-02 09:30:00,213.253,0
2013-12-02 10:00:00,208.351,0
2013-12-02 10:30:00,212.183,0
2013-12-02 11:00:00,198.206,0
2013-12-02 11:30:00,190.289,0
2013-12-02 12:00:00,197.508,0
2013-12-02 12:30:00,211.622,0
2013-12-02 13:00:00,209.56,0
2013-12-02 13:30:00,207.625,0
2013-12-02 14:00:00,204.296,0
2013-12-02 14:30:00,208.254,0
2013-12-02 15:00:00,212.834,0
2013-12-02 15:30:00,221.279,0
2013-12-02 16:00:00,237.377,0
2013-12-02 16:30:00,276.502,0
2013-12-02 17:00:00,302.855,0
2013-12-02 17:30:00,319.249,0
2013-12-02 18:00:00,344.897,0
2013-12-02 18:30:00,360.792,1
2013-12-02 19:00:00,365.059,1
2013-12-02 19:30:00,355.951,1
2013-12-02 20:00:00,342.116,0
2013-12-02 20:30:00,347.404,0
2013-12-02 21:00:00,337.104,0
2013-12-02 21:30:00,322.48,0
2013-12-02 22:00:00,305.619,0
2013-12-02 22:30:00,287.512,0
2013-12-02 23:00:00,255.374,0
2013-12-02 23:30:00,214.375,0
2013-12-03 00:00:00,179.081,0
2013-12-03 00:30:00,160.642,0
2013-12-03 01:00:00,136.659,0
2013-12-03 01:30:00,120.993,0
2013-12-03 02:00:00,114.618,0
2013-12-03 02:30:00,108.622,0
2013-12-03 03:00:00,105.781,0
2013-12-03 03:30:00,107.16,0
2013-12-03 04:00:00,104.805,0
2013-12-03 04:30:00,105.464,0
2013-12-03 05:00:00,107.91,0
2013-12-03 05:30:00,107.459,0
2013-12-03 06:00:00,122.599,0
2013-12-03 06:30:00,148.558,0
2013-12-03 07:00:00,187.589,0
2013-12-03 07:30:00,226.21,0
2013-12-03 08:00:00,242.567,0
2013-12-03 08:30:00,245.96,0
2013-12-03 09:00:00,239.994,0
2013-12-03 09:30:00,218.825,0
2013-12-03 10:00:00,208.467,0
2013-12-03 10:30:00,213.82,0
2013-12-03 11:00:00,204.713,0
2013-12-03 11:30:00,208.482,0
2013-12-03 12:00:00,212.048,0
2013-12-03 12:30:00,208.417,0
2013-12-03 13:00:00,218.526,0
2013-12-03 13:30:00,228.558,0
2013-12-03 14:00:00,227.59,0
2013-12-03 14:30:00,206.459,0
2013-12-03 15:00:00,214.217,0
2013-12-03 15:30:00,230.887,0
2013-12-03 16:00:00,259.211,0
2013-12-03 16:30:00,288.387,0
2013-12-03 17:00:00,321.703,0
2013-12-03 17:30:00,337.181,0
2013-12-03 18:00:00,353.103,0
2013-12-03 18:30:00,366.07,1
2013-12-03 19:00:00,374.461,1
2013-12-03 19:30:00,361.856,1
2013-12-03 20:00:00,362.037,1
2013-12-03 20:30:00,350.647,0
2013-12-03 21:00:00,332.769,0
2013-12-03 21:30:00,320.97,0
2013-12-03 22:00:00,304.813,0
2013-12-03 22:30:00,293.367,0
2013-12-03 23:00:00,254.419,0
2013-12-03 23:30:00,226.024,0
2013-12-04 00:00:00,186.459,0
2013-12-04 00:30:00,162.67,0
2013-12-04 01:00:00,138.834,0
2013-12-04 01:30:00,123.484,0
2013-12-04 02:00:00,115.759,0
2013-12-04 02:30:00,109.325,0
2013-12-04 03:00:00,107.789,0
2013-12-04 03:30:00,104.322,0
2013-12-04 04:00:00,102.091,0
2013-12-04 04:30:00,104.243,0
2013-12-04 05:00:00,104.39,0
2013-12-04 05:30:00,116.602,0
2013-12-04 06:00:00,128.895,0
2013-12-04 06:30:00,154.65,0
2013-12-04 07:00:00,187.821,0
2013-12-04 07:30:00,222.411,0
2013-12-04 08:00:00,242.129,0
2013-12-04 08:30:00,247.284,0
2013-12-04 09:00:00,227.386,0
2013-12-04 09:30:00,215.968,0
2013-12-04 10:00:00,207.226,0
2013-12-04 10:30:00,210.138,0
2013-12-04 11:00:00,208.707,0
2013-12-04 11:30:00,206.122,0
2013-12-04 12:00:00,197.038,0
2013-12-04 12:30:00,206.227,0
2013-12-04 13:00:00,207.119,0
2013-12-04 13:30:00,204.302,0
2013-12-04 14:00:00,200.685,0
2013-12-04 14:30:00,211.317,0
2013-12-04 15:00:00,213.298,0
2013-12-04 15:30:00,216.889,0
2013-12-04 16:00:00,234.243,0
2013-12-04 16:30:00,272.273,0
2013-12-04 17:00:00,304.091,0
2013-12-04 17:30:00,325.708,0
2013-12-04 18:00:00,352.067,0
2013-12-04 18:30:00,372.754,1
2013-12-04 19:00:00,372.3,1
2013-12-04 19:30:00,362.769,1
2013-12-04 20:00:00,352.152,0
2013-12-04 20:30:00,332.796,0
2013-12-04 21:00:00,319.199,0
2013-12-04 21:30:00,308.74,0
2013-12-04 22:00:00,298.751,0
2013-12-04 22:30:00,283.464,0
2013-12-04 23:00:00,251.5,0
2013-12-04 23:30:00,228.17,0
2013-12-05 00:00:00,199.889,0
2013-12-05 00:30:00,168.386,0
2013-12-05 01:00:00,141.685,0
2013-12-05 01:30:00,124.724,0
2013-12-05 02:00:00,113.698,0
2013-12-05 02:30:00,114.789,0
2013-12-05 03:00:00,111.291,0
2013-12-05 03:30:00,113.253,0
2013-12-05 04:00:00,109.946,0
2013-12-05 04:30:00,109.855,0
2013-12-05 05:00:00,110.453,0
2013-12-05 05:30:00,122.891,0
2013-12-05 06:00:00,133.245,0
2013-12-05 06:30:00,167.285,0
2013-12-05 07:00:00,201.221,0
2013-12-05 07:30:00,239.726,0
2013-12-05 08:00:00,247.587,0
2013-12-05 08:30:00,255.3,0
2013-12-05 09:00:00,230.997,0
2013-12-05 09:30:00,222.784,0
2013-12-05 10:00:00,213.059,0
2013-12-05 10:30:00,214.57,0
2013-12-05 11:00:00,211.846,0
2013-12-05 11:30:00,206.226,0
2013-12-05 12:00:00,212.239,0
2013-12-05 12:30:00,208.295,0
2013-12-05 13:00:00,220.593,0
2013-12-05 13:30:00,225.086,0
2013-12-05 14:00:00,227.153,0
2013-12-05 14:30:00,232.288,0
2013-12-05 15:00:00,231.624,0
2013-12-05 15:30:00,243.815,0
2013-12-05 16:00:00,256.262,0
2013-12-05 16:30:00,289.198,0
2013-12-05 17:00:00,320.487,0
2013-12-05 17:30:00,334.276,0
2013-12-05 18:00:00,350.657,0
2013-12-05 18:30:00,372.043,1
2013-12-05 19:00:00,382.48,1
2013-12-05 19:30:00,378.081,1
2013-12-05 20:00:00,352.589,0
2013-12-05 20:30:00,346.41,0
2013-12-05 21:00:00,348.8,0
2013-12-05 21:30:00,325.244,0
2013-12-05 22:00:00,301.948,0
2013-12-05 22:30:00,290.008,0
2013-12-05 23:00:00,261.335,0
2013-12-05 23:30:00,231.163,0
2013-12-06 00:00:00,196.288,0
2013-12-06 00:30:00,166.006,0
2013-12-06 01:00:00,143.732,0
2013-12-06 01:30:00,126.936,0
2013-12-06 02:00:00,122.609,0
2013-12-06 02:30:00,118.13,0
2013-12-06 03:00:00,112.339,0
2013-12-06 03:30:00,114.039,0
2013-12-06 04:00:00,109.191,0
2013-12-06 04:30:00,107.906,0
2013-12-06 05:00:00,108.514,0
2013-12-06 05:30:00,121.596,0
2013-12-06 06:00:00,131.748,0
2013-12-06 06:30:00,156.298,0
2013-12-06 07:00:00,190.15,0
2013-12-06 07:30:00,229.033,0
2013-12-06 08:00:00,257.593,0
2013-12-06 08:30:00,246.558,0
2013-12-06 09:00:00,232.977,0
2013-12-06 09:30:00,234.753,0
2013-12-06 10:00:00,231.933,0
2013-12-06 10:30:00,238.117,0
2013-12-06 11:00:00,215.622,0
2013-12-06 11:30:00,215.662,0
2013-12-06 12:00:00,218.087,0
2013-12-06 12:30:00,223.108,0
2013-12-06 13:00:00,217.363,0
2013-12-06 13:30:00,217.825,0
2013-12-06 14:00:00,214.188,0
2013-12-06 14:30:00,210.583,0
2013-12-06 15:00:00,214.632,0
2013-12-06 15:30:00,227.923,0
2013-12-06 16:00:00,249.156,0
2013-12-06 16:30:00,282.764,0
2013-12-06 17:00:00,315.977,0
2013-12-06 17:30:00,341.287,0
2013-12-06 18:00:00,352.811,0
2013-12-06 18:30:00,365.72,1
2013-12-06 19:00:00,367.857,1
2013-12-06 19:30:00,367.252,1
2013-12-06 20:00:00,341.0,0
2013-12-06 20:30:00,335.47,0
2013-12-06 21:00:00,312.286,0
2013-12-06 21:30:00,302.97,0
2013-12-06 22:00:00,281.908,0
2013-12-06 22:30:00,276.526,0
2013-12-06 23:00:00,259.069,0
2013-12-06 23:30:00,229.262,0
2013-12-07 00:00:00,189.954,0
2013-12-07 00:30:00,174.221,0
2013-12-07 01:00:00,153.242,0
2013-12-07 01:30:00,133.332,0
2013-12-07 02:00:00,120.377,0
2013-12-07 02:30:00,114.52,0
2013-12-07 03:00:00,113.984,0
2013-12-07 03:30:00,112.496,0
2013-12-07 04:00:00,106.365,0
2013-12-07 04:30:00,104.738,0
2013-12-07 05:00:00,103.92,0
2013-12-07 05:30:00,112.981,0
2013-12-07 06:00:00,118.13,0
2013-12-07 06:30:00,129.354,0
2013-12-07 07:00:00,146.858,0
2013-12-07 07:30:00,173.626,0
2013-12-07 08:00:00,197.57,0
2013-12-07 08:30:00,226.42,0
2013-12-07 09:00:00,239.247,0
2013-12-07 09:30:00,254.247,0
2013-12-07 10:00:00,249.083,0
2013-12-07 10:30:00,239.004,0
2013-12-07 11:00:00,241.379,0
2013-12-07 11:30:00,234.628,0
2013-12-07 12:00:00,233.969,0
2013-12-07 12:30:00,241.024,0
2013-12-07 13:00:00,227.43,0
2013-12-07 13:30:00,231.555,0
2013-12-07 14:00:00,244.054,0
2013-12-07 14:30:00,253.106,0
2013-12-07 15:00:00,253.08,0
2013-12-07 15:30:00,262.405,0
2013-12-07 16:00:00,268.073,0
2013-12-07 16:30:00,292.557,0
2013-12-07 17:00:00,318.124,0
2013-12-07 17:30:00,325.625,0
2013-12-07 18:00:00,334.387,0
2013-12-07 18:30:00,340.058,0
2013-12-07 19:00:00,343.322,0
2013-12-07 19:30:00,328.737,0
2013-12-07 20:00:00,321.776,0
2013-12-07 20:30:00,309.645,0
2013-12-07 21:00:00,289.859,0
2013-12-07 21:30:00,280.339,0
2013-12-07 22:00:00,267.654,0
2013-12-07 22:30:00,260.698,0
2013-12-07 23:00:00,238.412,0
2013-12-07 23:30:00,214.784,0
2013-12-08 00:00:00,188.818,0
2013-12-08 00:30:00,168.701,0
2013-12-08 01:00:00,152.953,0
2013-12-08 01:30:00,132.737,0
2013-12-08 02:00:00,120.326,0
2013-12-08 02:30:00,116.819,0
2013-12-08 03:00:00,112.169,0
2013-12-08 03:30:00,108.643,0
2013-12-08 04:00:00,105.546,0
2013-12-08 04:30:00,100.707,0
2013-12-08 05:00:00,98.677,0
2013-12-08 05:30:00,103.722,0
2013-12-08 06:00:00,109.102,0
2013-12-08 06:30:00,127.113,0
2013-12-08 07:00:00,144.041,0
2013-12-08 07:30:00,165.059,0
2013-12-08 08:00:00,191.129,0
2013-12-08 08:30:00,208.61,0
2013-12-08 09:00:00,233.988,0
2013-12-08 09:30:00,255.347,0
2013-12-08 10:00:00,264.396,0
2013-12-08 10:30:00,251.258,0
2013-12-08 11:00:00,249.895,0
2013-12-08 11:30:00,242.715,0
2013-12-08 12:00:00,252.429,0
2013-12-08 12:30:00,256.614,0
2013-12-08 13:00:00,285.034,0
2013-12-08 13:30:00,278.093,0
2013-12-08 14:00:00,260.886,0
2013-12-08 14:30:00,253.815,0
2013-12-08 15:00:00,259.557,0
2013-12-08 15:30:00,268.167,0
2013-12-08 16:00:00,294.046,0
2013-12-08 16:30:00,317.78,0
2013-12-08 17:00:00,346.716,0
2013-12-08 17:30:00,359.583,1
2013-12-08 18:00:00,373.161,1
2013-12-08 18:30:00,381.287,1
2013-12-08 19:00:00,378.633,1
2013-12-08 19:30:00,366.642,1
2013-12-08 20:00:00,352.859,0
2013-12-08 20:30:00,335.165,0
2013-12-08 21:00:00,326.859,0
2013-12-08 21:30:00,325.568,0
2013-12-08 22:00:00,296.446,0
2013-12-08 22:30:00,276.109,0
2013-12-08 23:00:00,247.111,0
2013-12-08 23:30:00,218.225,0
2013-12-09 00:00:00,179.602,0
2013-12-09 00:30:00,156.279,0
2013-12-09 01:00:00,134.303,0
2013-12-09 01:30:00,114.558,0
2013-12-09 02:00:00,110.425,0
2013-12-09 02:30:00,108.161,0
2013-12-09 03:00:00,102.116,0
2013-12-09 03:30:00,101.951,0
2013-12-09 04:00:00,97.591,0
2013-12-09 04:30:00,99.788,0
2013-12-09 05:00:00,106.618,0
2013-12-09 05:30:00,111.025,0
2013-12-09 06:00:00,121.704,0
2013-12-09 06:30:00,149.768,0
2013-12-09 07:00:00,185.759,0
2013-12-09 07:30:00,217.467,0
2013-12-09 08:00:00,227.129,0
2013-12-09 08:30:00,237.539,0
2013-12-09 09:00:00,238.043,0
2013-12-09 09:30:00,222.802,0
2013-12-09 10:00:00,213.495,0
2013-12-09 10:30:00,209.332,0
2013-12-09 11:00:00,207.217,0
2013-12-09 11:30:00,199.192,0
2013-12-09 12:00:00,189.45,0
2013-12-09 12:30:00,202.257,0
2013-12-09 13:00:00,209.685,0
2013-12-09 13:30:00,198.767,0
2013-12-09 14:00:00,196.627,0
2013-12-09 14:30:00,193.334,0
2013-12-09 15:00:00,195.813,0
2013-12-09 15:30:00,205.766,0
2013-12-09 16:00:00,229.268,0
2013-12-09 16:30:00,272.724,0
2013-12-09 17:00:00,301.117,0
2013-12-09 17:30:00,336.826,0
2013-12-09 18:00:00,355.011,1
2013-12-09 18:30:00,374.382,1
2013-12-09 19:00:00,373.319,1
2013-12-09 19:30:00,375.26,1
2013-12-09 20:00:00,361.046,1
2013-12-09 20:30:00,344.378,0
2013-12-09 21:00:00,337.6,0
2013-12-09 21:30:00,312.51,0
2013-12-09 22:00:00,300.582,0
2013-12-09 22:30:00,279.564,0
2013-12-09 23:00:00,244.539,0
2013-12-09 23:30:00,210.962,0
2013-12-10 00:00:00,176.724,0
2013-12-10 00:30:00,153.069,0
2013-12-10 01:00:00,139.688,0
2013-12-10 01:30:00,123.005,0
2013-12-10 02:00:00,113.691,0
2013-12-10 02:30:00,109.333,0
2013-12-10 03:00:00,106.29,0
2013-12-10 03:30:00,109.576,0
2013-12-10 04:00:00,108.961,0
2013-12-10 04:30:00,104.995,0
2013-12-10 05:00:00,108.266,0
2013-12-10 05:30:00,116.568,0
2013-12-10 06:00:00,133.255,0
2013-12-10 06:30:00,160.307,0
2013-12-10 07:00:00,186.283,0
2013-12-10 07:30:00,216.885,0
2013-12-10 08:00:00,238.358,0
2013-12-10 08:30:00,248.723,0
2013-12-10 09:00:00,238.43,0
2013-12-10 09:30:00,224.201,0
2013-12-10 10:00:00,224.329,0
2013-12-10 10:30:00,216.523,0
2013-12-10 11:00:00,204.004,0
2013-12-10 11:30:00,202.791,0
2013-12-10 12:00:00,201.269,0
2013-12-10 12:30:00,205.422,0
2013-12-10 13:00:00,204.222,0
2013-12-10 13:30:00,200.629,0
2013-12-10 14:00:00,197.347,0
2013-12-10 14:30:00,196.848,0
2013-12-10 15:00:00,202.485,0
2013-12-10 15:30:00,212.096,0
2013-12-10 16:00:00,241.179,0
2013-12-10 16:30:00,283.589,0
2013-12-10 17:00:00,311.684,0
2013-12-10 17:30:00,333.428,0
2013-12-10 18:00:00,348.346,0
2013-12-10 18:30:00,368.069,1
2013-12-10 19:00:00,378.64,1
2013-12-10 19:30:00,371.985,1
2013-12-10 20:00:00,348.322,0
2013-12-10 20:30:00,335.862,0
2013-12-10 21:00:00,331.892,0
2013-12-10 21:30:00,316.842,0
2013-12-10 22:00:00,302.026,0
2013-12-10 22:30:00,287.855,0
2013-12-10 23:00:00,247.702,0
2013-12-10 23:30:00,215.58,0
2013-12-11 00:00:00,181.297,0
2013-12-11 00:30:00,155.992,0
2013-12-11 01:00:00,135.838,0
2013-12-11 01:30:00,122.964,0
2013-12-11 02:00:00,116.275,0
2013-12-11 02:30:00,114.199,0
2013-12-11 03:00:00,109.069,0
2013-12-11 03:30:00,109.664,0
2013-12-11 04:00:00,110.903,0
2013-12-11 04:30:00,108.428,0
2013-12-11 05:00:00,108.968,0
2013-12-11 05:30:00,118.82,0
2013-12-11 06:00:00,136.747,0
2013-12-11 06:30:00,167.436,0
2013-12-11 07:00:00,211.017,0
2013-12-11 07:30:00,234.405,0
2013-12-11 08:00:00,253.967,0
2013-12-11 08:30:00,244.442,0
2013-12-11 09:00:00,233.172,0
2013-12-11 09:30:00,230.767,0
2013-12-11 10:00:00,217.942,0
2013-12-11 10:30:00,217.416,0
2013-12-11 11:00:00,212.67,0
2013-12-11 11:30:00,211.2,0
2013-12-11 12:00:00,220.307,0
2013-12-11 12:30:00,220.164,0
2013-12-11 13:00:00,213.113,0
2013-12-11 13:30:00,212.342,0
2013-12-11 14:00:00,201.572,0
2013-12-11 14:30:00,201.46,0
2013-12-11 15:00:00,206.548,0
2013-12-11 15:30:00,220.479,0
2013-12-11 16:00:00,245.466,0
2013-12-11 16:30:00,288.39,0
2013-12-11 17:00:00,320.341,0
2013-12-11 17:30:00,340.105,0
2013-12-11 18:00:00,349.641,0
2013-12-11 18:30:00,374.553,1
2013-12-11 19:00:00,391.149,1
2013-12-11 19:30:00,384.545,1
2013-12-11 20:00:00,375.15,1
2013-12-11 20:30:00,361.385,1
2013-12-11 21:00:00,338.3,0
2013-12-11 21:30:00,327.781,0
2013-12-11 22:00:00,319.057,0
2013-12-11 22:30:00,297.384,0
2013-12-11 23:00:00,267.668,0
2013-12-11 23:30:00,233.188,0
2013-12-12 00:00:00,194.854,0
2013-12-12 00:30:00,162.77,0
2013-12-12 01:00:00,144.475,0
2013-12-12 01:30:00,129.513,0
2013-12-12 02:00:00,121.208,0
2013-12-12 02:30:00,111.851,0
2013-12-12 03:00:00,110.203,0
2013-12-12 03:30:00,112.0,0
2013-12-12 04:00:00,112.387,0
2013-12-12 04:30:00,110.337,0
2013-12-12 05:00:00,115.636,0
2013-12-12 05:30:00,120.06,0
2013-12-12 06:00:00,139.423,0
2013-12-12 06:30:00,169.193,0
2013-12-12 07:00:00,194.585,0
2013-12-12 07:30:00,228.578,0
2013-12-12 08:00:00,259.972,0
2013-12-12 08:30:00,254.013,0
2013-12-12 09:00:00,238.469,0
2013-12-12 09:30:00,232.307,0
2013-12-12 10:00:00,224.657,0
2013-12-12 10:30:00,212.674,0
2013-12-12 11:00:00,211.84,0
2013-12-12 11:30:00,215.508,0
2013-12-12 12:00:00,216.057,0
2013-12-12 12:30:00,226.05,0
2013-12-12 13:00:00,219.445,0
2013-12-12 13:30:00,220.215,0
2013-12-12 14:00:00,213.053,0
2013-12-12 14:30:00,210.683,0
2013-12-12 15:00:00,207.812,0
2013-12-12 15:30:00,215.863,0
2013-12-12 16:00:00,241.198,0
2013-12-12 16:30:00,287.136,0
2013-12-12 17:00:00,316.135,0
2013-12-12 17:30:00,342.344,0
2013-12-12 18:00:00,340.522,0
2013-12-12 18:30:00,368.719,1
2013-12-12 19:00:00,362.121,1
2013-12-12 19:30:00,360.234,1
2013-12-12 20:00:00,344.181,0
2013-12-12 20:30:00,335.898,0
2013-12-12 21:00:00,316.484,0
2013-12-12 21:30:00,314.651,0
2013-12-12 22:00:00,304.023,0
2013-12-12 22:30:00,289.767,0
2013-12-12 23:00:00,262.499,0
2013-12-12 23:30:00,251.045,0
2013-12-13 00:00:00,222.104,0
2013-12-13 00:30:00,187.232,0
2013-12-13 01:00:00,157.783,0
2013-12-13 01:30:00,135.732,0
2013-12-13 02:00:00,127.393,0
2013-12-13 02:30:00,115.186,0
2013-12-13 03:00:00,108.381,0
2013-12-13 03:30:00,105.702,0
2013-12-13 04:00:00,108.917,0
2013-12-13 04:30:00,106.257,0
2013-12-13 05:00:00,109.162,0
2013-12-13 05:30:00,117.464,0
2013-12-13 06:00:00,129.121,0
2013-12-13 06:30:00,153.869,0
2013-12-13 07:00:00,188.144,0
2013-12-13 07:30:00,221.341,0
2013-12-13 08:00:00,252.293,0
2013-12-13 08:30:00,252.385,0
2013-12-13 09:00:00,240.772,0
2013-12-13 09:30:00,242.504,0
2013-12-13 10:00:00,234.581,0
2013-12-13 10:30:00,226.31,0
2013-12-13 11:00:00,218.454,0
2013-12-13 11:30:00,211.045,0
2013-12-13 12:00:00,210.133,0
2013-12-13 12:30:00,221.103,0
2013-12-13 13:00:00,220.037,0
2013-12-13 13:30:00,224.698,0
2013-12-13 14:00:00,220.998,0
2013-12-13 14:30:00,210.535,0
2013-12-13 15:00:00,227.406,0
2013-12-13 15:30:00,235.438,0
2013-12-13 16:00:00,261.596,0
2013-12-13 16:30:00,301.351,0
2013-12-13 17:00:00,323.21,0
2013-12-13 17:30:00,336.014,0
2013-12-13 18:00:00,346.17,0
2013-12-13 18:30:00,366.393,1
2013-12-13 19:00:00,363.997,1
2013-12-13 19:30:00,360.888,1
2013-12-13 20:00:00,346.788,0
2013-12-13 20:30:00,324.609,0
2013-12-13 21:00:00,317.916,0
2013-12-13 21:30:00,307.412,0
2013-12-13 22:00:00,286.542,0
2013-12-13 22:30:00,281.789,0
2013-12-13 23:00:00,253.983,0
2013-12-13 23:30:00,214.899,0
2013-12-14 00:00:00,197.272,0
2013-12-14 00:30:00,169.897,0
2013-12-14 01:00:00,148.616,0
2013-12-14 01:30:00,134.669,0
2013-12-14 02:00:00,124.563,0
2013-12-14 02:30:00,121.589,0
2013-12-14 03:00:00,114.64,0
2013-12-14 03:30:00,110.924,0
2013-12-14 04:00:00,107.716,0
2013-12-14 04:30:00,104.955,0
2013-12-14 05:00:00,102.94,0
2013-12-14 05:30:00,106.912,0
2013-12-14 06:00:00,119.978,0
2013-12-14 06:30:00,139.638,0
2013-12-14 07:00:00,157.364,0
2013-12-14 07:30:00,190.057,0
2013-12-14 08:00:00,206.99,0
2013-12-14 08:30:00,232.49,0
2013-12-14 09:00:00,238.651,0
2013-12-14 09:30:00,253.093,0
2013-12-14 10:00:00,233.845,0
2013-12-14 10:30:00,233.561,0
2013-12-14 11:00:00,233.296,0
2013-12-14 11:30:00,233.314,0
2013-12-14 12:00:00,227.364,0
2013-12-14 12:30:00,235.521,0
2013-12-14 13:00:00,238.735,0
2013-12-14 13:30:00,245.005,0
2013-12-14 14:00:00,236.286,0
2013-12-14 14:30:00,234.412,0
2013-12-14 15:00:00,241.697,0
2013-12-14 15:30:00,261.63100000000003,0
2013-12-14 16:00:00,284.163,0
2013-12-14 16:30:00,310.409,0
2013-12-14 17:00:00,333.212,0
2013-12-14 17:30:00,345.521,0
2013-12-14 18:00:00,344.755,0
2013-12-14 18:30:00,352.699,0
2013-12-14 19:00:00,356.413,1
2013-12-14 19:30:00,347.464,0
2013-12-14 20:00:00,342.58,0
2013-12-14 20:30:00,324.255,0
2013-12-14 21:00:00,303.596,0
2013-12-14 21:30:00,299.379,0
2013-12-14 22:00:00,283.39300000000003,0
2013-12-14 22:30:00,277.269,0
2013-12-14 23:00:00,247.961,0
2013-12-14 23:30:00,234.858,0
2013-12-15 00:00:00,207.435,0
2013-12-15 00:30:00,185.163,0
2013-12-15 01:00:00,161.352,0
2013-12-15 01:30:00,140.405,0
2013-12-15 02:00:00,126.997,0
2013-12-15 02:30:00,121.424,0
2013-12-15 03:00:00,118.972,0
2013-12-15 03:30:00,116.162,0
2013-12-15 04:00:00,112.23,0
2013-12-15 04:30:00,108.817,0
2013-12-15 05:00:00,107.758,0
2013-12-15 05:30:00,110.358,0
2013-12-15 06:00:00,120.114,0
2013-12-15 06:30:00,130.931,0
2013-12-15 07:00:00,141.716,0
2013-12-15 07:30:00,177.929,0
2013-12-15 08:00:00,200.483,0
2013-12-15 08:30:00,234.42,0
2013-12-15 09:00:00,248.957,0
2013-12-15 09:30:00,282.05,0
2013-12-15 10:00:00,292.864,0
2013-12-15 10:30:00,296.608,0
2013-12-15 11:00:00,295.176,0
2013-12-15 11:30:00,299.682,0
2013-12-15 12:00:00,311.812,0
2013-12-15 12:30:00,313.457,0
2013-12-15 13:00:00,329.819,0
2013-12-15 13:30:00,332.263,0
2013-12-15 14:00:00,318.303,0
2013-12-15 14:30:00,319.877,0
2013-12-15 15:00:00,319.641,0
2013-12-15 15:30:00,331.248,0
2013-12-15 16:00:00,334.31,0
2013-12-15 16:30:00,359.904,1
2013-12-15 17:00:00,362.935,1
2013-12-15 17:30:00,333.842,0
2013-12-15 18:00:00,343.186,0
2013-12-15 18:30:00,356.669,1
2013-12-15 19:00:00,354.64,1
2013-12-15 19:30:00,347.129,0
2013-12-15 20:00:00,335.102,0
2013-12-15 20:30:00,315.624,0
2013-12-15 21:00:00,300.721,0
2013-12-15 21:30:00,292.793,0
2013-12-15 22:00:00,276.897,0
2013-12-15 22:30:00,264.228,0
2013-12-15 23:00:00,239.67,0
2013-12-15 23:30:00,219.733,0
2013-12-16 00:00:00,186.568,0
2013-12-16 00:30:00,164.84,0
2013-12-16 01:00:00,141.831,0
2013-12-16 01:30:00,124.21,0
2013-12-16 02:00:00,113.093,0
2013-12-16 02:30:00,108.375,0
2013-12-16 03:00:00,108.117,0
2013-12-16 03:30:00,103.336,0
2013-12-16 04:00:00,99.356,0
2013-12-16 04:30:00,102.099,0
2013-12-16 05:00:00,106.572,0
2013-12-16 05:30:00,111.329,0
2013-12-16 06:00:00,120.466,0
2013-12-16 06:30:00,146.983,0
2013-12-16 07:00:00,175.481,0
2013-12-16 07:30:00,214.033,0
2013-12-16 08:00:00,237.037,0
2013-12-16 08:30:00,256.897,0
2013-12-16 09:00:00,234.936,0
2013-12-16 09:30:00,224.099,0
2013-12-16 10:00:00,227.099,0
2013-12-16 10:30:00,235.568,0
2013-12-16 11:00:00,220.585,0
2013-12-16 11:30:00,205.345,0
2013-12-16 12:00:00,208.504,0
2013-12-16 12:30:00,215.431,0
2013-12-16 13:00:00,215.476,0
2013-12-16 13:30:00,215.708,0
2013-12-16 14:00:00,205.84,0
2013-12-16 14:30:00,208.827,0
2013-12-16 15:00:00,205.4,0
2013-12-16 15:30:00,210.766,0
2013-12-16 16:00:00,236.383,0
2013-12-16 16:30:00,279.111,0
2013-12-16 17:00:00,310.542,0
2013-12-16 17:30:00,326.128,0
2013-12-16 18:00:00,334.809,0
2013-12-16 18:30:00,352.19,0
2013-12-16 19:00:00,366.781,1
2013-12-16 19:30:00,356.28,1
2013-12-16 20:00:00,344.656,0
2013-12-16 20:30:00,327.234,0
2013-12-16 21:00:00,329.994,0
2013-12-16 21:30:00,315.546,0
2013-12-16 22:00:00,299.447,0
2013-12-16 22:30:00,282.387,0
2013-12-16 23:00:00,244.693,0
2013-12-16 23:30:00,216.022,0
2013-12-17 00:00:00,182.1,0
2013-12-17 00:30:00,153.892,0
2013-12-17 01:00:00,136.218,0
2013-12-17 01:30:00,119.523,0
2013-12-17 02:00:00,109.6,0
2013-12-17 02:30:00,106.359,0
2013-12-17 03:00:00,104.791,0
2013-12-17 03:30:00,102.47,0
2013-12-17 04:00:00,101.733,0
2013-12-17 04:30:00,101.812,0
2013-12-17 05:00:00,103.515,0
2013-12-17 05:30:00,117.202,0
2013-12-17 06:00:00,127.178,0
2013-12-17 06:30:00,158.815,0
2013-12-17 07:00:00,181.754,0
2013-12-17 07:30:00,222.052,0
2013-12-17 08:00:00,243.58,0
2013-12-17 08:30:00,249.658,0
2013-12-17 09:00:00,242.602,0
2013-12-17 09:30:00,227.537,0
2013-12-17 10:00:00,214.687,0
2013-12-17 10:30:00,217.677,0
2013-12-17 11:00:00,222.217,0
2013-12-17 11:30:00,210.849,0
2013-12-17 12:00:00,213.703,0
2013-12-17 12:30:00,221.37,0
2013-12-17 13:00:00,217.338,0
2013-12-17 13:30:00,223.228,0
2013-12-17 14:00:00,225.022,0
2013-12-17 14:30:00,210.71,0
2013-12-17 15:00:00,225.99,0
2013-12-17 15:30:00,226.612,0
2013-12-17 16:00:00,253.734,0
2013-12-17 16:30:00,296.544,0
2013-12-17 17:00:00,329.739,0
2013-12-17 17:30:00,353.158,0
2013-12-17 18:00:00,359.858,1
2013-12-17 18:30:00,380.203,1
2013-12-17 19:00:00,386.374,1
2013-12-17 19:30:00,380.559,1
2013-12-17 20:00:00,364.721,1
2013-12-17 20:30:00,353.19,0
2013-12-17 21:00:00,322.495,0
2013-12-17 21:30:00,320.512,0
2013-12-17 22:00:00,300.356,0
2013-12-17 22:30:00,282.36,0
2013-12-17 23:00:00,251.397,0
2013-12-17 23:30:00,220.467,0
2013-12-18 00:00:00,187.397,0
2013-12-18 00:30:00,158.076,0
2013-12-18 01:00:00,141.788,0
2013-12-18 01:30:00,123.466,0
2013-12-18 02:00:00,114.101,0
2013-12-18 02:30:00,112.383,0
2013-12-18 03:00:00,109.876,0
2013-12-18 03:30:00,109.971,0
2013-12-18 04:00:00,99.534,0
2013-12-18 04:30:00,99.5,0
2013-12-18 05:00:00,102.251,0
2013-12-18 05:30:00,115.344,0
2013-12-18 06:00:00,126.483,0
2013-12-18 06:30:00,155.902,0
2013-12-18 07:00:00,187.635,0
2013-12-18 07:30:00,222.236,0
2013-12-18 08:00:00,242.398,0
2013-12-18 08:30:00,236.931,0
2013-12-18 09:00:00,227.393,0
2013-12-18 09:30:00,226.238,0
2013-12-18 10:00:00,220.514,0
2013-12-18 10:30:00,211.438,0
2013-12-18 11:00:00,204.441,0
2013-12-18 11:30:00,203.402,0
2013-12-18 12:00:00,204.15,0
2013-12-18 12:30:00,213.899,0
2013-12-18 13:00:00,220.632,0
2013-12-18 13:30:00,215.796,0
2013-12-18 14:00:00,210.835,0
2013-12-18 14:30:00,217.886,0
2013-12-18 15:00:00,211.12,0
2013-12-18 15:30:00,222.427,0
2013-12-18 16:00:00,248.518,0
2013-12-18 16:30:00,279.733,0
2013-12-18 17:00:00,311.086,0
2013-12-18 17:30:00,331.695,0
2013-12-18 18:00:00,344.479,0
2013-12-18 18:30:00,373.218,1
2013-12-18 19:00:00,372.603,1
2013-12-18 19:30:00,375.485,1
2013-12-18 20:00:00,362.604,1
2013-12-18 20:30:00,340.717,0
2013-12-18 21:00:00,325.113,0
2013-12-18 21:30:00,318.238,0
2013-12-18 22:00:00,305.083,0
2013-12-18 22:30:00,286.382,0
2013-12-18 23:00:00,262.062,0
2013-12-18 23:30:00,221.622,0
2013-12-19 00:00:00,187.811,0
2013-12-19 00:30:00,157.009,0
2013-12-19 01:00:00,139.324,0
2013-12-19 01:30:00,119.134,0
2013-12-19 02:00:00,110.851,0
2013-12-19 02:30:00,106.5,0
2013-12-19 03:00:00,104.459,0
2013-12-19 03:30:00,105.831,0
2013-12-19 04:00:00,105.715,0
2013-12-19 04:30:00,105.395,0
2013-12-19 05:00:00,105.955,0
2013-12-19 05:30:00,119.938,0
2013-12-19 06:00:00,133.193,0
2013-12-19 06:30:00,171.739,0
2013-12-19 07:00:00,196.791,0
2013-12-19 07:30:00,227.667,0
2013-12-19 08:00:00,261.166,0
2013-12-19 08:30:00,262.778,0
2013-12-19 09:00:00,258.489,0
2013-12-19 09:30:00,248.914,0
2013-12-19 10:00:00,236.144,0
2013-12-19 10:30:00,242.54,0
2013-12-19 11:00:00,245.377,0
2013-12-19 11:30:00,222.547,0
2013-12-19 12:00:00,235.409,0
2013-12-19 12:30:00,235.697,0
2013-12-19 13:00:00,234.693,0
2013-12-19 13:30:00,230.077,0
2013-12-19 14:00:00,226.238,0
2013-12-19 14:30:00,227.086,0
2013-12-19 15:00:00,224.074,0
2013-12-19 15:30:00,238.927,0
2013-12-19 16:00:00,269.157,0
2013-12-19 16:30:00,307.252,0
2013-12-19 17:00:00,342.16,0
2013-12-19 17:30:00,358.073,1
2013-12-19 18:00:00,364.655,1
2013-12-19 18:30:00,386.363,1
2013-12-19 19:00:00,398.868,1
2013-12-19 19:30:00,392.415,1
2013-12-19 20:00:00,374.422,1
2013-12-19 20:30:00,364.405,1
2013-12-19 21:00:00,348.394,0
2013-12-19 21:30:00,347.247,0
2013-12-19 22:00:00,337.688,0
2013-12-19 22:30:00,311.0,0
2013-12-19 23:00:00,278.25,0
2013-12-19 23:30:00,243.14,0
2013-12-20 00:00:00,206.345,0
2013-12-20 00:30:00,182.601,0
2013-12-20 01:00:00,157.325,0
2013-12-20 01:30:00,138.466,0
2013-12-20 02:00:00,122.444,0
2013-12-20 02:30:00,115.175,0
2013-12-20 03:00:00,111.569,0
2013-12-20 03:30:00,114.244,0
2013-12-20 04:00:00,112.12,0
2013-12-20 04:30:00,112.253,0
2013-12-20 05:00:00,112.532,0
2013-12-20 05:30:00,120.744,0
2013-12-20 06:00:00,130.528,0
2013-12-20 06:30:00,156.126,0
2013-12-20 07:00:00,186.884,0
2013-12-20 07:30:00,215.935,0
2013-12-20 08:00:00,238.684,0
2013-12-20 08:30:00,251.79,0
2013-12-20 09:00:00,248.597,0
2013-12-20 09:30:00,236.829,0
2013-12-20 10:00:00,232.805,0
2013-12-20 10:30:00,227.966,0
2013-12-20 11:00:00,225.979,0
2013-12-20 11:30:00,217.138,0
2013-12-20 12:00:00,218.194,0
2013-12-20 12:30:00,222.618,0
2013-12-20 13:00:00,212.805,0
2013-12-20 13:30:00,218.84,0
2013-12-20 14:00:00,214.081,0
2013-12-20 14:30:00,198.388,0
2013-12-20 15:00:00,209.92,0
2013-12-20 15:30:00,216.516,0
2013-12-20 16:00:00,238.522,0
2013-12-20 16:30:00,286.657,0
2013-12-20 17:00:00,313.966,0
2013-12-20 17:30:00,326.62,0
2013-12-20 18:00:00,351.943,0
2013-12-20 18:30:00,375.437,1
2013-12-20 19:00:00,368.692,1
2013-12-20 19:30:00,353.439,0
2013-12-20 20:00:00,343.39,0
2013-12-20 20:30:00,331.819,0
2013-12-20 21:00:00,323.3,0
2013-12-20 21:30:00,316.123,0
2013-12-20 22:00:00,311.579,0
2013-12-20 22:30:00,287.57,0
2013-12-20 23:00:00,260.00600000000003,0
2013-12-20 23:30:00,232.889,0
2013-12-21 00:00:00,195.219,0
2013-12-21 00:30:00,171.104,0
2013-12-21 01:00:00,157.722,0
2013-12-21 01:30:00,141.218,0
2013-12-21 02:00:00,130.867,0
2013-12-21 02:30:00,118.388,0
2013-12-21 03:00:00,115.358,0
2013-12-21 03:30:00,113.67,0
2013-12-21 04:00:00,110.902,0
2013-12-21 04:30:00,105.925,0
2013-12-21 05:00:00,108.033,0
2013-12-21 05:30:00,114.619,0
2013-12-21 06:00:00,118.054,0
2013-12-21 06:30:00,131.074,0
2013-12-21 07:00:00,149.509,0
2013-12-21 07:30:00,177.626,0
2013-12-21 08:00:00,216.653,0
2013-12-21 08:30:00,243.755,0
2013-12-21 09:00:00,241.384,0
2013-12-21 09:30:00,249.062,0
2013-12-21 10:00:00,257.814,0
2013-12-21 10:30:00,260.106,0
2013-12-21 11:00:00,251.24,0
2013-12-21 11:30:00,264.742,0
2013-12-21 12:00:00,265.604,0
2013-12-21 12:30:00,279.769,0
2013-12-21 13:00:00,284.488,0
2013-12-21 13:30:00,287.072,0
2013-12-21 14:00:00,287.228,0
2013-12-21 14:30:00,273.775,0
2013-12-21 15:00:00,266.922,0
2013-12-21 15:30:00,279.993,0
2013-12-21 16:00:00,295.175,0
2013-12-21 16:30:00,316.477,0
2013-12-21 17:00:00,333.071,0
2013-12-21 17:30:00,337.202,0
2013-12-21 18:00:00,357.013,1
2013-12-21 18:30:00,366.514,1
2013-12-21 19:00:00,356.991,1
2013-12-21 19:30:00,346.748,0
2013-12-21 20:00:00,332.796,0
2013-12-21 20:30:00,329.063,0
2013-12-21 21:00:00,297.64300000000003,0
2013-12-21 21:30:00,294.286,0
2013-12-21 22:00:00,287.015,0
2013-12-21 22:30:00,282.812,0
2013-12-21 23:00:00,267.725,0
2013-12-21 23:30:00,237.19,0
2013-12-22 00:00:00,207.082,0
2013-12-22 00:30:00,177.858,0
2013-12-22 01:00:00,162.943,0
2013-12-22 01:30:00,139.145,0
2013-12-22 02:00:00,128.838,0
2013-12-22 02:30:00,123.054,0
2013-12-22 03:00:00,114.343,0
2013-12-22 03:30:00,111.425,0
2013-12-22 04:00:00,109.476,0
2013-12-22 04:30:00,103.507,0
2013-12-22 05:00:00,103.135,0
2013-12-22 05:30:00,108.586,0
2013-12-22 06:00:00,114.641,0
2013-12-22 06:30:00,127.26,0
2013-12-22 07:00:00,143.814,0
2013-12-22 07:30:00,164.446,0
2013-12-22 08:00:00,190.38,0
2013-12-22 08:30:00,218.855,0
2013-12-22 09:00:00,253.966,0
2013-12-22 09:30:00,263.508,0
2013-12-22 10:00:00,265.371,0
2013-12-22 10:30:00,264.744,0
2013-12-22 11:00:00,257.388,0
2013-12-22 11:30:00,252.105,0
2013-12-22 12:00:00,257.413,0
2013-12-22 12:30:00,270.248,0
2013-12-22 13:00:00,271.565,0
2013-12-22 13:30:00,266.266,0
2013-12-22 14:00:00,259.235,0
2013-12-22 14:30:00,250.136,0
2013-12-22 15:00:00,260.159,0
2013-12-22 15:30:00,263.457,0
2013-12-22 16:00:00,289.217,0
2013-12-22 16:30:00,313.48,0
2013-12-22 17:00:00,340.116,0
2013-12-22 17:30:00,355.296,1
2013-12-22 18:00:00,361.008,1
2013-12-22 18:30:00,355.24,1
2013-12-22 19:00:00,361.392,1
2013-12-22 19:30:00,367.532,1
2013-12-22 20:00:00,363.044,1
2013-12-22 20:30:00,358.443,1
2013-12-22 21:00:00,328.67900000000003,0
2013-12-22 21:30:00,324.667,0
2013-12-22 22:00:00,307.165,0
2013-12-22 22:30:00,293.194,0
2013-12-22 23:00:00,270.224,0
2013-12-22 23:30:00,233.536,0
2013-12-23 00:00:00,192.774,0
2013-12-23 00:30:00,167.204,0
2013-12-23 01:00:00,150.787,0
2013-12-23 01:30:00,125.872,0
2013-12-23 02:00:00,117.714,0
2013-12-23 02:30:00,114.482,0
2013-12-23 03:00:00,112.636,0
2013-12-23 03:30:00,109.499,0
2013-12-23 04:00:00,109.586,0
2013-12-23 04:30:00,108.166,0
2013-12-23 05:00:00,110.96,0
2013-12-23 05:30:00,116.832,0
2013-12-23 06:00:00,128.482,0
2013-12-23 06:30:00,153.009,0
2013-12-23 07:00:00,176.318,0
2013-12-23 07:30:00,197.989,0
2013-12-23 08:00:00,224.57,0
2013-12-23 08:30:00,250.934,0
2013-12-23 09:00:00,249.003,0
2013-12-23 09:30:00,239.587,0
2013-12-23 10:00:00,253.184,0
2013-12-23 10:30:00,257.296,0
2013-12-23 11:00:00,247.306,0
2013-12-23 11:30:00,242.192,0
2013-12-23 12:00:00,247.533,0
2013-12-23 12:30:00,245.866,0
2013-12-23 13:00:00,257.254,0
2013-12-23 13:30:00,261.637,0
2013-12-23 14:00:00,270.4,0
2013-12-23 14:30:00,269.245,0
2013-12-23 15:00:00,263.91700000000003,0
2013-12-23 15:30:00,273.364,0
2013-12-23 16:00:00,299.098,0
2013-12-23 16:30:00,307.162,0
2013-12-23 17:00:00,336.858,0
2013-12-23 17:30:00,362.399,1
2013-12-23 18:00:00,379.167,1
2013-12-23 18:30:00,392.386,1
2013-12-23 19:00:00,387.11,1
2013-12-23 19:30:00,378.78,1
2013-12-23 20:00:00,356.508,1
2013-12-23 20:30:00,332.436,0
2013-12-23 21:00:00,325.909,0
2013-12-23 21:30:00,311.328,0
2013-12-23 22:00:00,300.38,0
2013-12-23 22:30:00,289.052,0
2013-12-23 23:00:00,263.402,0
2013-12-23 23:30:00,228.383,0
2013-12-24 00:00:00,209.005,0
2013-12-24 00:30:00,185.877,0
2013-12-24 01:00:00,163.597,0
2013-12-24 01:30:00,137.359,0
2013-12-24 02:00:00,123.075,0
2013-12-24 02:30:00,116.97,0
2013-12-24 03:00:00,113.12,0
2013-12-24 03:30:00,113.882,0
2013-12-24 04:00:00,112.028,0
2013-12-24 04:30:00,111.427,0
2013-12-24 05:00:00,109.361,0
2013-12-24 05:30:00,119.328,0
2013-12-24 06:00:00,125.692,0
2013-12-24 06:30:00,149.407,0
2013-12-24 07:00:00,166.907,0
2013-12-24 07:30:00,189.223,0
2013-12-24 08:00:00,218.458,0
2013-12-24 08:30:00,242.786,0
2013-12-24 09:00:00,252.592,0
2013-12-24 09:30:00,262.228,0
2013-12-24 10:00:00,249.358,0
2013-12-24 10:30:00,262.861,0
2013-12-24 11:00:00,249.62,0
2013-12-24 11:30:00,262.758,0
2013-12-24 12:00:00,268.431,0
2013-12-24 12:30:00,266.49,0
2013-12-24 13:00:00,268.103,0
2013-12-24 13:30:00,272.753,0
2013-12-24 14:00:00,276.484,0
2013-12-24 14:30:00,269.654,0
2013-12-24 15:00:00,265.686,0
2013-12-24 15:30:00,275.861,0
2013-12-24 16:00:00,286.324,0
2013-12-24 16:30:00,312.452,0
2013-12-24 17:00:00,338.27,0
2013-12-24 17:30:00,367.646,1
2013-12-24 18:00:00,371.201,1
2013-12-24 18:30:00,373.807,1
2013-12-24 19:00:00,382.58,1
2013-12-24 19:30:00,381.812,1
2013-12-24 20:00:00,357.042,1
2013-12-24 20:30:00,343.538,0
2013-12-24 21:00:00,321.363,0
2013-12-24 21:30:00,317.096,0
2013-12-24 22:00:00,308.336,0
2013-12-24 22:30:00,289.823,0
2013-12-24 23:00:00,259.571,0
2013-12-24 23:30:00,235.139,0
2013-12-25 00:00:00,206.482,0
2013-12-25 00:30:00,182.654,0
2013-12-25 01:00:00,164.989,0
2013-12-25 01:30:00,149.432,0
2013-12-25 02:00:00,134.63,0
2013-12-25 02:30:00,129.274,0
2013-12-25 03:00:00,122.686,0
2013-12-25 03:30:00,118.822,0
2013-12-25 04:00:00,114.661,0
2013-12-25 04:30:00,114.731,0
2013-12-25 05:00:00,117.144,0
2013-12-25 05:30:00,120.03,0
2013-12-25 06:00:00,123.725,0
2013-12-25 06:30:00,133.082,0
2013-12-25 07:00:00,151.41,0
2013-12-25 07:30:00,174.308,0
2013-12-25 08:00:00,209.293,0
2013-12-25 08:30:00,253.629,0
2013-12-25 09:00:00,282.656,0
2013-12-25 09:30:00,290.238,0
2013-12-25 10:00:00,297.829,0
2013-12-25 10:30:00,301.396,0
2013-12-25 11:00:00,310.851,0
2013-12-25 11:30:00,320.818,0
2013-12-25 12:00:00,327.586,0
2013-12-25 12:30:00,330.964,0
2013-12-25 13:00:00,344.36,0
2013-12-25 13:30:00,354.037,0
2013-12-25 14:00:00,353.53,0
2013-12-25 14:30:00,337.594,0
2013-12-25 15:00:00,319.013,0
2013-12-25 15:30:00,300.562,0
2013-12-25 16:00:00,301.727,0
2013-12-25 16:30:00,305.618,0
2013-12-25 17:00:00,311.808,0
2013-12-25 17:30:00,302.62,0
2013-12-25 18:00:00,297.298,0
2013-12-25 18:30:00,309.875,0
2013-12-25 19:00:00,308.989,0
2013-12-25 19:30:00,301.152,0
2013-12-25 20:00:00,300.471,0
2013-12-25 20:30:00,287.233,0
2013-12-25 21:00:00,284.993,0
2013-12-25 21:30:00,283.514,0
2013-12-25 22:00:00,282.052,0
2013-12-25 22:30:00,266.576,0
2013-12-25 23:00:00,250.854,0
2013-12-25 23:30:00,224.709,0
2013-12-26 00:00:00,207.709,0
2013-12-26 00:30:00,182.163,0
2013-12-26 01:00:00,157.231,0
2013-12-26 01:30:00,138.492,0
2013-12-26 02:00:00,126.408,0
2013-12-26 02:30:00,117.897,0
2013-12-26 03:00:00,115.707,0
2013-12-26 03:30:00,111.435,0
2013-12-26 04:00:00,106.927,0
2013-12-26 04:30:00,105.488,0
2013-12-26 05:00:00,107.687,0
2013-12-26 05:30:00,109.741,0
2013-12-26 06:00:00,118.077,0
2013-12-26 06:30:00,127.558,0
2013-12-26 07:00:00,138.249,0
2013-12-26 07:30:00,156.445,0
2013-12-26 08:00:00,177.46,0
2013-12-26 08:30:00,193.669,0
2013-12-26 09:00:00,218.963,0
2013-12-26 09:30:00,233.113,0
2013-12-26 10:00:00,238.846,0
2013-12-26 10:30:00,245.388,0
2013-12-26 11:00:00,244.369,0
2013-12-26 11:30:00,254.046,0
2013-12-26 12:00:00,265.053,0
2013-12-26 12:30:00,272.689,0
2013-12-26 13:00:00,275.259,0
2013-12-26 13:30:00,286.768,0
2013-12-26 14:00:00,283.099,0
2013-12-26 14:30:00,267.084,0
2013-12-26 15:00:00,253.879,0
2013-12-26 15:30:00,260.34,0
2013-12-26 16:00:00,271.50600000000003,0
2013-12-26 16:30:00,300.904,0
2013-12-26 17:00:00,327.926,0
2013-12-26 17:30:00,335.816,0
2013-12-26 18:00:00,335.301,0
2013-12-26 18:30:00,340.156,0
2013-12-26 19:00:00,337.103,0
2013-12-26 19:30:00,341.803,0
2013-12-26 20:00:00,326.00600000000003,0
2013-12-26 20:30:00,323.673,0
2013-12-26 21:00:00,313.762,0
2013-12-26 21:30:00,305.499,0
2013-12-26 22:00:00,290.319,0
2013-12-26 22:30:00,275.727,0
2013-12-26 23:00:00,256.305,0
2013-12-26 23:30:00,227.398,0
2013-12-27 00:00:00,192.34,0
2013-12-27 00:30:00,168.134,0
2013-12-27 01:00:00,153.034,0
2013-12-27 01:30:00,138.69,0
2013-12-27 02:00:00,127.081,0
2013-12-27 02:30:00,120.683,0
2013-12-27 03:00:00,117.224,0
2013-12-27 03:30:00,116.837,0
2013-12-27 04:00:00,112.964,0
2013-12-27 04:30:00,110.857,0
2013-12-27 05:00:00,111.485,0
2013-12-27 05:30:00,117.361,0
2013-12-27 06:00:00,124.146,0
2013-12-27 06:30:00,136.402,0
2013-12-27 07:00:00,148.158,0
2013-12-27 07:30:00,165.693,0
2013-12-27 08:00:00,186.699,0
2013-12-27 08:30:00,208.126,0
2013-12-27 09:00:00,215.382,0
2013-12-27 09:30:00,243.688,0
2013-12-27 10:00:00,252.426,0
2013-12-27 10:30:00,257.791,0
2013-12-27 11:00:00,266.243,0
2013-12-27 11:30:00,271.673,0
2013-12-27 12:00:00,270.227,0
2013-12-27 12:30:00,277.76,0
2013-12-27 13:00:00,277.919,0
2013-12-27 13:30:00,269.064,0
2013-12-27 14:00:00,258.096,0
2013-12-27 14:30:00,254.967,0
2013-12-27 15:00:00,259.067,0
2013-12-27 15:30:00,260.75600000000003,0
2013-12-27 16:00:00,269.822,0
2013-12-27 16:30:00,299.982,0
2013-12-27 17:00:00,318.879,0
2013-12-27 17:30:00,345.357,0
2013-12-27 18:00:00,356.042,1
2013-12-27 18:30:00,358.702,1
2013-12-27 19:00:00,361.443,1
2013-12-27 19:30:00,358.81,1
2013-12-27 20:00:00,339.468,0
2013-12-27 20:30:00,325.838,0
2013-12-27 21:00:00,314.933,0
2013-12-27 21:30:00,306.508,0
2013-12-27 22:00:00,298.172,0
2013-12-27 22:30:00,280.12,0
2013-12-27 23:00:00,261.151,0
2013-12-27 23:30:00,227.066,0
2013-12-28 00:00:00,198.24,0
2013-12-28 00:30:00,170.169,0
2013-12-28 01:00:00,149.56,0
2013-12-28 01:30:00,131.515,0
2013-12-28 02:00:00,122.481,0
2013-12-28 02:30:00,118.571,0
2013-12-28 03:00:00,111.005,0
2013-12-28 03:30:00,110.611,0
2013-12-28 04:00:00,109.74,0
2013-12-28 04:30:00,104.571,0
2013-12-28 05:00:00,108.539,0
2013-12-28 05:30:00,119.009,0
2013-12-28 06:00:00,119.573,0
2013-12-28 06:30:00,131.381,0
2013-12-28 07:00:00,147.647,0
2013-12-28 07:30:00,156.319,0
2013-12-28 08:00:00,183.54,0
2013-12-28 08:30:00,197.652,0
2013-12-28 09:00:00,214.922,0
2013-12-28 09:30:00,238.561,0
2013-12-28 10:00:00,246.828,0
2013-12-28 10:30:00,245.174,0
2013-12-28 11:00:00,240.515,0
2013-12-28 11:30:00,233.592,0
2013-12-28 12:00:00,222.51,0
2013-12-28 12:30:00,227.953,0
2013-12-28 13:00:00,238.35,0
2013-12-28 13:30:00,237.762,0
2013-12-28 14:00:00,243.773,0
2013-12-28 14:30:00,226.87,0
2013-12-28 15:00:00,238.695,0
2013-12-28 15:30:00,249.516,0
2013-12-28 16:00:00,264.805,0
2013-12-28 16:30:00,294.081,0
2013-12-28 17:00:00,320.834,0
2013-12-28 17:30:00,336.368,0
2013-12-28 18:00:00,331.871,0
2013-12-28 18:30:00,349.424,0
2013-12-28 19:00:00,347.666,0
2013-12-28 19:30:00,351.864,0
2013-12-28 20:00:00,336.052,0
2013-12-28 20:30:00,318.683,0
2013-12-28 21:00:00,304.117,0
2013-12-28 21:30:00,292.131,0
2013-12-28 22:00:00,282.205,0
2013-12-28 22:30:00,265.593,0
2013-12-28 23:00:00,250.325,0
2013-12-28 23:30:00,220.997,0
2013-12-29 00:00:00,198.591,0
2013-12-29 00:30:00,175.239,0
2013-12-29 01:00:00,149.843,0
2013-12-29 01:30:00,138.614,0
2013-12-29 02:00:00,125.265,0
2013-12-29 02:30:00,120.791,0
2013-12-29 03:00:00,117.359,0
2013-12-29 03:30:00,115.76,0
2013-12-29 04:00:00,112.338,0
2013-12-29 04:30:00,113.662,0
2013-12-29 05:00:00,108.902,0
2013-12-29 05:30:00,116.603,0
2013-12-29 06:00:00,118.24,0
2013-12-29 06:30:00,135.806,0
2013-12-29 07:00:00,147.853,0
2013-12-29 07:30:00,163.419,0
2013-12-29 08:00:00,184.254,0
2013-12-29 08:30:00,211.668,0
2013-12-29 09:00:00,245.994,0
2013-12-29 09:30:00,242.176,0
2013-12-29 10:00:00,255.406,0
2013-12-29 10:30:00,266.096,0
2013-12-29 11:00:00,265.74,0
2013-12-29 11:30:00,265.231,0
2013-12-29 12:00:00,265.836,0
2013-12-29 12:30:00,271.548,0
2013-12-29 13:00:00,281.289,0
2013-12-29 13:30:00,277.397,0
2013-12-29 14:00:00,276.011,0
2013-12-29 14:30:00,261.549,0
2013-12-29 15:00:00,260.001,0
2013-12-29 15:30:00,274.456,0
2013-12-29 16:00:00,281.625,0
2013-12-29 16:30:00,305.738,0
2013-12-29 17:00:00,334.081,0
2013-12-29 17:30:00,348.908,0
2013-12-29 18:00:00,365.555,1
2013-12-29 18:30:00,367.753,1
2013-12-29 19:00:00,373.083,1
2013-12-29 19:30:00,370.13,1
2013-12-29 20:00:00,350.013,0
2013-12-29 20:30:00,345.594,0
2013-12-29 21:00:00,332.392,0
2013-12-29 21:30:00,316.438,0
2013-12-29 22:00:00,303.21,0
2013-12-29 22:30:00,289.322,0
2013-12-29 23:00:00,257.988,0
2013-12-29 23:30:00,221.386,0
2013-12-30 00:00:00,196.293,0
2013-12-30 00:30:00,166.967,0
2013-12-30 01:00:00,155.292,0
2013-12-30 01:30:00,137.157,0
2013-12-30 02:00:00,124.116,0
2013-12-30 02:30:00,119.186,0
2013-12-30 03:00:00,115.68,0
2013-12-30 03:30:00,112.039,0
2013-12-30 04:00:00,110.232,0
2013-12-30 04:30:00,109.414,0
2013-12-30 05:00:00,108.821,0
2013-12-30 05:30:00,114.121,0
2013-12-30 06:00:00,119.96,0
2013-12-30 06:30:00,140.59,0
2013-12-30 07:00:00,157.178,0
2013-12-30 07:30:00,172.331,0
2013-12-30 08:00:00,196.132,0
2013-12-30 08:30:00,221.103,0
2013-12-30 09:00:00,230.624,0
2013-12-30 09:30:00,234.088,0
2013-12-30 10:00:00,254.265,0
2013-12-30 10:30:00,255.898,0
2013-12-30 11:00:00,255.753,0
2013-12-30 11:30:00,264.658,0
2013-12-30 12:00:00,272.652,0
2013-12-30 12:30:00,274.065,0
2013-12-30 13:00:00,266.146,0
2013-12-30 13:30:00,258.089,0
2013-12-30 14:00:00,245.405,0
2013-12-30 14:30:00,233.046,0
2013-12-30 15:00:00,240.992,0
2013-12-30 15:30:00,245.51,0
2013-12-30 16:00:00,261.325,0
2013-12-30 16:30:00,300.969,0
2013-12-30 17:00:00,320.824,0
2013-12-30 17:30:00,341.247,0
2013-12-30 18:00:00,357.141,1
2013-12-30 18:30:00,368.451,1
2013-12-30 19:00:00,362.721,1
2013-12-30 19:30:00,379.508,1
2013-12-30 20:00:00,347.406,0
2013-12-30 20:30:00,329.016,0
2013-12-30 21:00:00,326.332,0
2013-12-30 21:30:00,315.906,0
2013-12-30 22:00:00,301.24,0
2013-12-30 22:30:00,297.483,0
2013-12-30 23:00:00,265.727,0
2013-12-30 23:30:00,230.146,0
2013-12-31 00:00:00,206.64,0
2013-12-31 00:30:00,175.499,0
2013-12-31 01:00:00,156.371,0
2013-12-31 01:30:00,143.165,0
2013-12-31 02:00:00,127.484,0
2013-12-31 02:30:00,122.681,0
2013-12-31 03:00:00,118.56,0
2013-12-31 03:30:00,118.005,0
2013-12-31 04:00:00,115.407,0
2013-12-31 04:30:00,110.339,0
2013-12-31 05:00:00,110.428,0
2013-12-31 05:30:00,117.944,0
2013-12-31 06:00:00,122.735,0
2013-12-31 06:30:00,135.964,0
2013-12-31 07:00:00,154.688,0
2013-12-31 07:30:00,173.134,0
2013-12-31 08:00:00,194.06,0
2013-12-31 08:30:00,225.014,0
2013-12-31 09:00:00,228.864,0
2013-12-31 09:30:00,228.963,0
2013-12-31 10:00:00,246.193,0
2013-12-31 10:30:00,246.593,0
2013-12-31 11:00:00,248.321,0
2013-12-31 11:30:00,245.817,0
2013-12-31 12:00:00,253.096,0
2013-12-31 12:30:00,269.378,0
2013-12-31 13:00:00,281.055,0
2013-12-31 13:30:00,282.623,0
2013-12-31 14:00:00,285.448,0
2013-12-31 14:30:00,269.828,0
2013-12-31 15:00:00,282.821,0
2013-12-31 15:30:00,284.64,0
2013-12-31 16:00:00,297.512,0
2013-12-31 16:30:00,319.605,0
2013-12-31 17:00:00,336.135,0
2013-12-31 17:30:00,352.324,0
2013-12-31 18:00:00,370.893,1
2013-12-31 18:30:00,378.9,1
2013-12-31 19:00:00,387.229,1
2013-12-31 19:30:00,381.966,1
2013-12-31 20:00:00,357.471,1
2013-12-31 20:30:00,325.887,0
2013-12-31 21:00:00,316.29,0
2013-12-31 21:30:00,301.82,0
2013-12-31 22:00:00,281.299,0
2013-12-31 22:30:00,264.725,0
2013-12-31 23:00:00,240.395,0
2013-12-31 23:30:00,227.927,0
2014-01-01 00:00:00,222.337,0
2014-01-01 00:30:00,202.346,0
2014-01-01 01:00:00,190.25,0
2014-01-01 01:30:00,176.145,0
2014-01-01 02:00:00,166.004,0
2014-01-01 02:30:00,153.029,0
2014-01-01 03:00:00,135.564,0
2014-01-01 03:30:00,132.358,0
2014-01-01 04:00:00,124.271,0
2014-01-01 04:30:00,124.483,0
2014-01-01 05:00:00,118.999,0
2014-01-01 05:30:00,121.029,0
2014-01-01 06:00:00,125.531,0
2014-01-01 06:30:00,130.416,0
2014-01-01 07:00:00,136.901,0
2014-01-01 07:30:00,148.206,0
2014-01-01 08:00:00,162.23,0
2014-01-01 08:30:00,168.533,0
2014-01-01 09:00:00,188.302,0
2014-01-01 09:30:00,208.402,0
2014-01-01 10:00:00,228.643,0
2014-01-01 10:30:00,239.463,0
2014-01-01 11:00:00,257.806,0
2014-01-01 11:30:00,266.546,0
2014-01-01 12:00:00,276.963,0
2014-01-01 12:30:00,287.673,0
2014-01-01 13:00:00,298.076,0
2014-01-01 13:30:00,304.273,0
2014-01-01 14:00:00,302.171,0
2014-01-01 14:30:00,304.838,0
2014-01-01 15:00:00,308.461,0
2014-01-01 15:30:00,306.898,0
2014-01-01 16:00:00,312.168,0
2014-01-01 16:30:00,327.819,0
2014-01-01 17:00:00,349.148,0
2014-01-01 17:30:00,365.418,1
2014-01-01 18:00:00,362.944,1
2014-01-01 18:30:00,365.569,1
2014-01-01 19:00:00,361.789,1
2014-01-01 19:30:00,350.387,0
2014-01-01 20:00:00,336.63100000000003,0
2014-01-01 20:30:00,340.219,0
2014-01-01 21:00:00,324.782,0
2014-01-01 21:30:00,304.187,0
2014-01-01 22:00:00,294.287,0
2014-01-01 22:30:00,278.164,0
2014-01-01 23:00:00,251.464,0
2014-01-01 23:30:00,219.742,0
2014-01-02 00:00:00,194.019,0
2014-01-02 00:30:00,170.083,0
2014-01-02 01:00:00,151.266,0
2014-01-02 01:30:00,132.433,0
2014-01-02 02:00:00,119.822,0
2014-01-02 02:30:00,112.894,0
2014-01-02 03:00:00,111.913,0
2014-01-02 03:30:00,108.233,0
2014-01-02 04:00:00,104.252,0
2014-01-02 04:30:00,105.086,0
2014-01-02 05:00:00,102.964,0
2014-01-02 05:30:00,115.427,0
2014-01-02 06:00:00,121.546,0
2014-01-02 06:30:00,139.679,0
2014-01-02 07:00:00,153.709,0
2014-01-02 07:30:00,181.131,0
2014-01-02 08:00:00,196.209,0
2014-01-02 08:30:00,209.194,0
2014-01-02 09:00:00,209.773,0
2014-01-02 09:30:00,211.765,0
2014-01-02 10:00:00,208.298,0
2014-01-02 10:30:00,220.763,0
2014-01-02 11:00:00,215.829,0
2014-01-02 11:30:00,222.278,0
2014-01-02 12:00:00,232.743,0
2014-01-02 12:30:00,215.599,0
2014-01-02 13:00:00,222.972,0
2014-01-02 13:30:00,227.136,0
2014-01-02 14:00:00,229.84,0
2014-01-02 14:30:00,210.508,0
2014-01-02 15:00:00,203.889,0
2014-01-02 15:30:00,228.867,0
2014-01-02 16:00:00,257.679,0
2014-01-02 16:30:00,275.174,0
2014-01-02 17:00:00,310.058,0
2014-01-02 17:30:00,345.345,0
2014-01-02 18:00:00,356.842,1
2014-01-02 18:30:00,371.664,1
2014-01-02 19:00:00,375.891,1
2014-01-02 19:30:00,377.62,1
2014-01-02 20:00:00,364.492,1
2014-01-02 20:30:00,334.099,0
2014-01-02 21:00:00,322.195,0
2014-01-02 21:30:00,312.429,0
2014-01-02 22:00:00,295.656,0
2014-01-02 22:30:00,276.178,0
2014-01-02 23:00:00,254.215,0
2014-01-02 23:30:00,218.408,0
2014-01-03 00:00:00,192.116,0
2014-01-03 00:30:00,166.402,0
2014-01-03 01:00:00,147.196,0
2014-01-03 01:30:00,126.773,0
2014-01-03 02:00:00,118.708,0
2014-01-03 02:30:00,114.476,0
2014-01-03 03:00:00,109.546,0
2014-01-03 03:30:00,110.506,0
2014-01-03 04:00:00,107.537,0
2014-01-03 04:30:00,108.325,0
2014-01-03 05:00:00,106.478,0
2014-01-03 05:30:00,115.274,0
2014-01-03 06:00:00,119.349,0
2014-01-03 06:30:00,134.614,0
2014-01-03 07:00:00,150.245,0
2014-01-03 07:30:00,166.526,0
2014-01-03 08:00:00,196.299,0
2014-01-03 08:30:00,212.491,0
2014-01-03 09:00:00,211.579,0
2014-01-03 09:30:00,221.151,0
2014-01-03 10:00:00,229.026,0
2014-01-03 10:30:00,233.179,0
2014-01-03 11:00:00,227.103,0
2014-01-03 11:30:00,224.502,0
2014-01-03 12:00:00,238.783,0
2014-01-03 12:30:00,250.321,0
2014-01-03 13:00:00,257.414,0
2014-01-03 13:30:00,260.609,0
2014-01-03 14:00:00,251.405,0
2014-01-03 14:30:00,250.25,0
2014-01-03 15:00:00,245.243,0
2014-01-03 15:30:00,239.834,0
2014-01-03 16:00:00,246.542,0
2014-01-03 16:30:00,283.715,0
2014-01-03 17:00:00,313.878,0
2014-01-03 17:30:00,347.947,0
2014-01-03 18:00:00,359.306,1
2014-01-03 18:30:00,375.654,1
2014-01-03 19:00:00,382.086,1
2014-01-03 19:30:00,365.166,1
2014-01-03 20:00:00,352.001,0
2014-01-03 20:30:00,334.05,0
2014-01-03 21:00:00,321.297,0
2014-01-03 21:30:00,309.75,0
2014-01-03 22:00:00,290.638,0
2014-01-03 22:30:00,281.539,0
2014-01-03 23:00:00,257.203,0
2014-01-03 23:30:00,226.632,0
2014-01-04 00:00:00,196.863,0
2014-01-04 00:30:00,168.68,0
2014-01-04 01:00:00,151.192,0
2014-01-04 01:30:00,133.277,0
2014-01-04 02:00:00,121.742,0
2014-01-04 02:30:00,119.621,0
2014-01-04 03:00:00,112.849,0
2014-01-04 03:30:00,112.989,0
2014-01-04 04:00:00,107.715,0
2014-01-04 04:30:00,106.768,0
2014-01-04 05:00:00,104.264,0
2014-01-04 05:30:00,111.458,0
2014-01-04 06:00:00,117.035,0
2014-01-04 06:30:00,123.693,0
2014-01-04 07:00:00,143.059,0
2014-01-04 07:30:00,159.105,0
2014-01-04 08:00:00,184.938,0
2014-01-04 08:30:00,205.019,0
2014-01-04 09:00:00,224.357,0
2014-01-04 09:30:00,242.942,0
2014-01-04 10:00:00,241.423,0
2014-01-04 10:30:00,252.799,0
2014-01-04 11:00:00,258.36,0
2014-01-04 11:30:00,254.082,0
2014-01-04 12:00:00,267.04,0
2014-01-04 12:30:00,282.646,0
2014-01-04 13:00:00,278.362,0
2014-01-04 13:30:00,281.543,0
2014-01-04 14:00:00,274.287,0
2014-01-04 14:30:00,272.9,0
2014-01-04 15:00:00,272.983,0
2014-01-04 15:30:00,285.934,0
2014-01-04 16:00:00,285.653,0
2014-01-04 16:30:00,317.164,0
2014-01-04 17:00:00,356.022,1
2014-01-04 17:30:00,367.038,1
2014-01-04 18:00:00,372.526,1
2014-01-04 18:30:00,365.849,1
2014-01-04 19:00:00,366.289,1
2014-01-04 19:30:00,365.72,1
2014-01-04 20:00:00,356.735,1
2014-01-04 20:30:00,331.175,0
2014-01-04 21:00:00,314.292,0
2014-01-04 21:30:00,302.52,0
2014-01-04 22:00:00,291.447,0
2014-01-04 22:30:00,274.479,0
2014-01-04 23:00:00,252.578,0
2014-01-04 23:30:00,222.787,0
2014-01-05 00:00:00,198.66,0
2014-01-05 00:30:00,186.052,0
2014-01-05 01:00:00,157.129,0
2014-01-05 01:30:00,140.446,0
2014-01-05 02:00:00,126.288,0
2014-01-05 02:30:00,117.776,0
2014-01-05 03:00:00,115.547,0
2014-01-05 03:30:00,112.741,0
2014-01-05 04:00:00,108.328,0
2014-01-05 04:30:00,105.094,0
2014-01-05 05:00:00,105.122,0
2014-01-05 05:30:00,112.888,0
2014-01-05 06:00:00,117.271,0
2014-01-05 06:30:00,121.501,0
2014-01-05 07:00:00,137.481,0
2014-01-05 07:30:00,155.768,0
2014-01-05 08:00:00,183.191,0
2014-01-05 08:30:00,210.364,0
2014-01-05 09:00:00,223.498,0
2014-01-05 09:30:00,243.452,0
2014-01-05 10:00:00,250.128,0
2014-01-05 10:30:00,265.633,0
2014-01-05 11:00:00,267.235,0
2014-01-05 11:30:00,280.257,0
2014-01-05 12:00:00,280.748,0
2014-01-05 12:30:00,287.289,0
2014-01-05 13:00:00,306.787,0
2014-01-05 13:30:00,312.635,0
2014-01-05 14:00:00,313.872,0
2014-01-05 14:30:00,304.904,0
2014-01-05 15:00:00,299.437,0
2014-01-05 15:30:00,303.672,0
2014-01-05 16:00:00,333.292,0
2014-01-05 16:30:00,346.711,0
2014-01-05 17:00:00,374.576,1
2014-01-05 17:30:00,396.954,1
2014-01-05 18:00:00,397.943,1
2014-01-05 18:30:00,413.463,1
2014-01-05 19:00:00,410.123,1
2014-01-05 19:30:00,409.854,1
2014-01-05 20:00:00,385.765,1
2014-01-05 20:30:00,373.167,1
2014-01-05 21:00:00,348.641,0
2014-01-05 21:30:00,343.81,0
2014-01-05 22:00:00,308.152,0
2014-01-05 22:30:00,293.019,0
2014-01-05 23:00:00,259.461,0
2014-01-05 23:30:00,222.673,0
2014-01-06 00:00:00,187.531,0
2014-01-06 00:30:00,161.504,0
2014-01-06 01:00:00,140.328,0
2014-01-06 01:30:00,125.703,0
2014-01-06 02:00:00,115.818,0
2014-01-06 02:30:00,112.029,0
2014-01-06 03:00:00,106.31,0
2014-01-06 03:30:00,103.986,0
2014-01-06 04:00:00,103.585,0
2014-01-06 04:30:00,100.331,0
2014-01-06 05:00:00,105.884,0
2014-01-06 05:30:00,115.395,0
2014-01-06 06:00:00,126.816,0
2014-01-06 06:30:00,148.061,0
2014-01-06 07:00:00,173.414,0
2014-01-06 07:30:00,210.745,0
2014-01-06 08:00:00,232.107,0
2014-01-06 08:30:00,231.355,0
2014-01-06 09:00:00,232.146,0
2014-01-06 09:30:00,229.907,0
2014-01-06 10:00:00,222.462,0
2014-01-06 10:30:00,217.47,0
2014-01-06 11:00:00,218.274,0
2014-01-06 11:30:00,208.898,0
2014-01-06 12:00:00,206.633,0
2014-01-06 12:30:00,207.859,0
2014-01-06 13:00:00,204.34,0
2014-01-06 13:30:00,211.164,0
2014-01-06 14:00:00,197.048,0
2014-01-06 14:30:00,198.663,0
2014-01-06 15:00:00,208.503,0
2014-01-06 15:30:00,218.408,0
2014-01-06 16:00:00,236.459,0
2014-01-06 16:30:00,276.099,0
2014-01-06 17:00:00,302.562,0
2014-01-06 17:30:00,333.169,0
2014-01-06 18:00:00,348.178,0
2014-01-06 18:30:00,371.091,1
2014-01-06 19:00:00,374.335,1
2014-01-06 19:30:00,370.674,1
2014-01-06 20:00:00,363.127,1
2014-01-06 20:30:00,353.226,0
2014-01-06 21:00:00,343.9,0
2014-01-06 21:30:00,323.778,0
2014-01-06 22:00:00,305.383,0
2014-01-06 22:30:00,283.699,0
2014-01-06 23:00:00,248.475,0
2014-01-06 23:30:00,210.573,0
2014-01-07 00:00:00,177.792,0
2014-01-07 00:30:00,151.601,0
2014-01-07 01:00:00,131.787,0
2014-01-07 01:30:00,121.446,0
2014-01-07 02:00:00,109.52,0
2014-01-07 02:30:00,104.729,0
2014-01-07 03:00:00,103.8,0
2014-01-07 03:30:00,98.887,0
2014-01-07 04:00:00,98.797,0
2014-01-07 04:30:00,102.463,0
2014-01-07 05:00:00,103.143,0
2014-01-07 05:30:00,116.028,0
2014-01-07 06:00:00,127.832,0
2014-01-07 06:30:00,150.672,0
2014-01-07 07:00:00,185.626,0
2014-01-07 07:30:00,213.845,0
2014-01-07 08:00:00,226.77,0
2014-01-07 08:30:00,227.701,0
2014-01-07 09:00:00,222.612,0
2014-01-07 09:30:00,221.148,0
2014-01-07 10:00:00,218.572,0
2014-01-07 10:30:00,227.624,0
2014-01-07 11:00:00,227.696,0
2014-01-07 11:30:00,218.438,0
2014-01-07 12:00:00,210.762,0
2014-01-07 12:30:00,211.502,0
2014-01-07 13:00:00,209.259,0
2014-01-07 13:30:00,203.921,0
2014-01-07 14:00:00,198.081,0
2014-01-07 14:30:00,196.496,0
2014-01-07 15:00:00,195.288,0
2014-01-07 15:30:00,211.216,0
2014-01-07 16:00:00,233.077,0
2014-01-07 16:30:00,270.198,0
2014-01-07 17:00:00,295.731,0
2014-01-07 17:30:00,325.727,0
2014-01-07 18:00:00,349.21,0
2014-01-07 18:30:00,366.693,1
2014-01-07 19:00:00,373.021,1
2014-01-07 19:30:00,378.424,1
2014-01-07 20:00:00,355.583,1
2014-01-07 20:30:00,341.355,0
2014-01-07 21:00:00,327.569,0
2014-01-07 21:30:00,317.356,0
2014-01-07 22:00:00,302.036,0
2014-01-07 22:30:00,283.098,0
2014-01-07 23:00:00,245.33,0
2014-01-07 23:30:00,209.127,0
2014-01-08 00:00:00,176.441,0
2014-01-08 00:30:00,148.544,0
2014-01-08 01:00:00,127.73,0
2014-01-08 01:30:00,116.907,0
2014-01-08 02:00:00,108.96,0
2014-01-08 02:30:00,107.955,0
2014-01-08 03:00:00,100.798,0
2014-01-08 03:30:00,102.603,0
2014-01-08 04:00:00,103.017,0
2014-01-08 04:30:00,101.737,0
2014-01-08 05:00:00,103.513,0
2014-01-08 05:30:00,116.738,0
2014-01-08 06:00:00,129.473,0
2014-01-08 06:30:00,147.766,0
2014-01-08 07:00:00,191.193,0
2014-01-08 07:30:00,222.79,0
2014-01-08 08:00:00,228.429,0
2014-01-08 08:30:00,225.444,0
2014-01-08 09:00:00,223.968,0
2014-01-08 09:30:00,211.389,0
2014-01-08 10:00:00,216.047,0
2014-01-08 10:30:00,208.068,0
2014-01-08 11:00:00,198.056,0
2014-01-08 11:30:00,195.933,0
2014-01-08 12:00:00,197.566,0
2014-01-08 12:30:00,198.558,0
2014-01-08 13:00:00,209.082,0
2014-01-08 13:30:00,214.912,0
2014-01-08 14:00:00,202.233,0
2014-01-08 14:30:00,203.342,0
2014-01-08 15:00:00,199.872,0
2014-01-08 15:30:00,218.518,0
2014-01-08 16:00:00,242.619,0
2014-01-08 16:30:00,270.716,0
2014-01-08 17:00:00,316.974,0
2014-01-08 17:30:00,342.627,0
2014-01-08 18:00:00,343.808,0
2014-01-08 18:30:00,375.71,1
2014-01-08 19:00:00,379.872,1
2014-01-08 19:30:00,366.189,1
2014-01-08 20:00:00,357.505,1
2014-01-08 20:30:00,337.292,0
2014-01-08 21:00:00,321.051,0
2014-01-08 21:30:00,310.002,0
2014-01-08 22:00:00,291.708,0
2014-01-08 22:30:00,271.762,0
2014-01-08 23:00:00,248.305,0
2014-01-08 23:30:00,213.334,0
2014-01-09 00:00:00,175.735,0
2014-01-09 00:30:00,153.174,0
2014-01-09 01:00:00,131.417,0
2014-01-09 01:30:00,117.601,0
2014-01-09 02:00:00,110.737,0
2014-01-09 02:30:00,106.373,0
2014-01-09 03:00:00,106.632,0
2014-01-09 03:30:00,105.248,0
2014-01-09 04:00:00,104.472,0
2014-01-09 04:30:00,100.648,0
2014-01-09 05:00:00,107.626,0
2014-01-09 05:30:00,115.507,0
2014-01-09 06:00:00,118.812,0
2014-01-09 06:30:00,140.526,0
2014-01-09 07:00:00,179.222,0
2014-01-09 07:30:00,217.987,0
2014-01-09 08:00:00,229.276,0
2014-01-09 08:30:00,239.661,0
2014-01-09 09:00:00,228.47,0
2014-01-09 09:30:00,229.043,0
2014-01-09 10:00:00,232.731,0
2014-01-09 10:30:00,209.838,0
2014-01-09 11:00:00,208.258,0
2014-01-09 11:30:00,202.961,0
2014-01-09 12:00:00,199.987,0
2014-01-09 12:30:00,215.872,0
2014-01-09 13:00:00,212.075,0
2014-01-09 13:30:00,214.758,0
2014-01-09 14:00:00,210.158,0
2014-01-09 14:30:00,203.4,0
2014-01-09 15:00:00,208.169,0
2014-01-09 15:30:00,210.683,0
2014-01-09 16:00:00,235.037,0
2014-01-09 16:30:00,265.449,0
2014-01-09 17:00:00,308.024,0
2014-01-09 17:30:00,342.391,0
2014-01-09 18:00:00,364.554,1
2014-01-09 18:30:00,374.539,1
2014-01-09 19:00:00,376.292,1
2014-01-09 19:30:00,374.313,1
2014-01-09 20:00:00,362.606,1
2014-01-09 20:30:00,348.475,0
2014-01-09 21:00:00,341.368,0
2014-01-09 21:30:00,321.865,0
2014-01-09 22:00:00,303.641,0
2014-01-09 22:30:00,287.124,0
2014-01-09 23:00:00,256.904,0
2014-01-09 23:30:00,223.718,0
2014-01-10 00:00:00,190.243,0
2014-01-10 00:30:00,163.248,0
2014-01-10 01:00:00,141.772,0
2014-01-10 01:30:00,125.558,0
2014-01-10 02:00:00,118.776,0
2014-01-10 02:30:00,110.78,0
2014-01-10 03:00:00,111.558,0
2014-01-10 03:30:00,111.114,0
2014-01-10 04:00:00,111.099,0
2014-01-10 04:30:00,105.277,0
2014-01-10 05:00:00,110.128,0
2014-01-10 05:30:00,120.202,0
2014-01-10 06:00:00,130.389,0
2014-01-10 06:30:00,155.8,0
2014-01-10 07:00:00,193.544,0
2014-01-10 07:30:00,216.465,0
2014-01-10 08:00:00,240.343,0
2014-01-10 08:30:00,242.809,0
2014-01-10 09:00:00,238.258,0
2014-01-10 09:30:00,229.503,0
2014-01-10 10:00:00,232.508,0
2014-01-10 10:30:00,219.454,0
2014-01-10 11:00:00,215.539,0
2014-01-10 11:30:00,218.129,0
2014-01-10 12:00:00,212.746,0
2014-01-10 12:30:00,205.515,0
2014-01-10 13:00:00,216.398,0
2014-01-10 13:30:00,203.295,0
2014-01-10 14:00:00,205.551,0
2014-01-10 14:30:00,210.859,0
2014-01-10 15:00:00,225.367,0
2014-01-10 15:30:00,251.709,0
2014-01-10 16:00:00,255.759,0
2014-01-10 16:30:00,281.118,0
2014-01-10 17:00:00,314.392,0
2014-01-10 17:30:00,336.132,0
2014-01-10 18:00:00,342.035,0
2014-01-10 18:30:00,378.772,1
2014-01-10 19:00:00,373.111,1
2014-01-10 19:30:00,374.021,1
2014-01-10 20:00:00,346.525,0
2014-01-10 20:30:00,324.626,0
2014-01-10 21:00:00,311.989,0
2014-01-10 21:30:00,299.749,0
2014-01-10 22:00:00,281.559,0
2014-01-10 22:30:00,275.084,0
2014-01-10 23:00:00,249.475,0
2014-01-10 23:30:00,218.35,0
2014-01-11 00:00:00,191.088,0
2014-01-11 00:30:00,170.434,0
2014-01-11 01:00:00,147.433,0
2014-01-11 01:30:00,134.491,0
2014-01-11 02:00:00,121.918,0
2014-01-11 02:30:00,119.386,0
2014-01-11 03:00:00,111.391,0
2014-01-11 03:30:00,111.26,0
2014-01-11 04:00:00,106.697,0
2014-01-11 04:30:00,102.221,0
2014-01-11 05:00:00,102.323,0
2014-01-11 05:30:00,107.31,0
2014-01-11 06:00:00,114.365,0
2014-01-11 06:30:00,125.732,0
2014-01-11 07:00:00,143.22,0
2014-01-11 07:30:00,163.72,0
2014-01-11 08:00:00,198.795,0
2014-01-11 08:30:00,211.837,0
2014-01-11 09:00:00,225.548,0
2014-01-11 09:30:00,225.42,0
2014-01-11 10:00:00,232.13,0
2014-01-11 10:30:00,225.344,0
2014-01-11 11:00:00,227.672,0
2014-01-11 11:30:00,226.418,0
2014-01-11 12:00:00,229.727,0
2014-01-11 12:30:00,225.389,0
2014-01-11 13:00:00,236.746,0
2014-01-11 13:30:00,244.603,0
2014-01-11 14:00:00,226.374,0
2014-01-11 14:30:00,224.096,0
2014-01-11 15:00:00,230.873,0
2014-01-11 15:30:00,235.484,0
2014-01-11 16:00:00,245.099,0
2014-01-11 16:30:00,265.444,0
2014-01-11 17:00:00,318.102,0
2014-01-11 17:30:00,350.953,0
2014-01-11 18:00:00,360.832,1
2014-01-11 18:30:00,371.126,1
2014-01-11 19:00:00,361.534,1
2014-01-11 19:30:00,366.435,1
2014-01-11 20:00:00,346.896,0
2014-01-11 20:30:00,328.96,0
2014-01-11 21:00:00,320.198,0
2014-01-11 21:30:00,312.198,0
2014-01-11 22:00:00,291.89,0
2014-01-11 22:30:00,273.579,0
2014-01-11 23:00:00,245.378,0
2014-01-11 23:30:00,225.087,0
2014-01-12 00:00:00,199.502,0
2014-01-12 00:30:00,178.45,0
2014-01-12 01:00:00,155.373,0
2014-01-12 01:30:00,133.29,0
2014-01-12 02:00:00,124.225,0
2014-01-12 02:30:00,122.682,0
2014-01-12 03:00:00,117.23,0
2014-01-12 03:30:00,114.287,0
2014-01-12 04:00:00,110.278,0
2014-01-12 04:30:00,108.631,0
2014-01-12 05:00:00,107.391,0
2014-01-12 05:30:00,111.592,0
2014-01-12 06:00:00,117.031,0
2014-01-12 06:30:00,125.676,0
2014-01-12 07:00:00,144.038,0
2014-01-12 07:30:00,164.85,0
2014-01-12 08:00:00,184.034,0
2014-01-12 08:30:00,214.659,0
2014-01-12 09:00:00,238.121,0
2014-01-12 09:30:00,255.405,0
2014-01-12 10:00:00,257.384,0
2014-01-12 10:30:00,270.88,0
2014-01-12 11:00:00,270.359,0
2014-01-12 11:30:00,271.758,0
2014-01-12 12:00:00,279.162,0
2014-01-12 12:30:00,281.137,0
2014-01-12 13:00:00,305.947,0
2014-01-12 13:30:00,307.418,0
2014-01-12 14:00:00,314.497,0
2014-01-12 14:30:00,311.348,0
2014-01-12 15:00:00,310.57,0
2014-01-12 15:30:00,323.465,0
2014-01-12 16:00:00,325.135,0
2014-01-12 16:30:00,341.229,0
2014-01-12 17:00:00,356.851,1
2014-01-12 17:30:00,379.016,1
2014-01-12 18:00:00,386.152,1
2014-01-12 18:30:00,405.766,1
2014-01-12 19:00:00,396.284,1
2014-01-12 19:30:00,391.412,1
2014-01-12 20:00:00,372.243,1
2014-01-12 20:30:00,360.926,1
2014-01-12 21:00:00,330.023,0
2014-01-12 21:30:00,316.872,0
2014-01-12 22:00:00,298.799,0
2014-01-12 22:30:00,289.825,0
2014-01-12 23:00:00,257.393,0
2014-01-12 23:30:00,220.994,0
2014-01-13 00:00:00,180.33,0
2014-01-13 00:30:00,156.915,0
2014-01-13 01:00:00,136.902,0
2014-01-13 01:30:00,122.816,0
2014-01-13 02:00:00,117.011,0
2014-01-13 02:30:00,111.479,0
2014-01-13 03:00:00,109.942,0
2014-01-13 03:30:00,107.989,0
2014-01-13 04:00:00,106.331,0
2014-01-13 04:30:00,105.041,0
2014-01-13 05:00:00,109.456,0
2014-01-13 05:30:00,117.918,0
2014-01-13 06:00:00,128.389,0
2014-01-13 06:30:00,151.88,0
2014-01-13 07:00:00,189.968,0
2014-01-13 07:30:00,211.525,0
2014-01-13 08:00:00,234.935,0
2014-01-13 08:30:00,246.711,0
2014-01-13 09:00:00,236.974,0
2014-01-13 09:30:00,219.428,0
2014-01-13 10:00:00,219.571,0
2014-01-13 10:30:00,207.546,0
2014-01-13 11:00:00,209.533,0
2014-01-13 11:30:00,195.323,0
2014-01-13 12:00:00,206.636,0
2014-01-13 12:30:00,216.229,0
2014-01-13 13:00:00,215.717,0
2014-01-13 13:30:00,214.23,0
2014-01-13 14:00:00,200.847,0
2014-01-13 14:30:00,200.643,0
2014-01-13 15:00:00,195.632,0
2014-01-13 15:30:00,211.047,0
2014-01-13 16:00:00,230.918,0
2014-01-13 16:30:00,258.657,0
2014-01-13 17:00:00,304.37,0
2014-01-13 17:30:00,335.434,0
2014-01-13 18:00:00,350.086,0
2014-01-13 18:30:00,367.938,1
2014-01-13 19:00:00,370.291,1
2014-01-13 19:30:00,362.986,1
2014-01-13 20:00:00,355.322,1
2014-01-13 20:30:00,341.294,0
2014-01-13 21:00:00,342.617,0
2014-01-13 21:30:00,329.563,0
2014-01-13 22:00:00,309.016,0
2014-01-13 22:30:00,285.594,0
2014-01-13 23:00:00,247.088,0
2014-01-13 23:30:00,211.363,0
2014-01-14 00:00:00,181.075,0
2014-01-14 00:30:00,156.642,0
2014-01-14 01:00:00,136.121,0
2014-01-14 01:30:00,120.061,0
2014-01-14 02:00:00,111.947,0
2014-01-14 02:30:00,109.599,0
2014-01-14 03:00:00,109.882,0
2014-01-14 03:30:00,108.83,0
2014-01-14 04:00:00,105.101,0
2014-01-14 04:30:00,103.648,0
2014-01-14 05:00:00,106.928,0
2014-01-14 05:30:00,121.403,0
2014-01-14 06:00:00,134.295,0
2014-01-14 06:30:00,159.293,0
2014-01-14 07:00:00,195.253,0
2014-01-14 07:30:00,232.257,0
2014-01-14 08:00:00,249.417,0
2014-01-14 08:30:00,242.898,0
2014-01-14 09:00:00,233.498,0
2014-01-14 09:30:00,232.0,0
2014-01-14 10:00:00,219.313,0
2014-01-14 10:30:00,207.625,0
2014-01-14 11:00:00,204.477,0
2014-01-14 11:30:00,203.415,0
2014-01-14 12:00:00,203.978,0
2014-01-14 12:30:00,206.671,0
2014-01-14 13:00:00,212.382,0
2014-01-14 13:30:00,203.081,0
2014-01-14 14:00:00,201.973,0
2014-01-14 14:30:00,197.893,0
2014-01-14 15:00:00,206.285,0
2014-01-14 15:30:00,217.341,0
2014-01-14 16:00:00,228.738,0
2014-01-14 16:30:00,258.398,0
2014-01-14 17:00:00,305.372,0
2014-01-14 17:30:00,339.495,0
2014-01-14 18:00:00,350.136,0
2014-01-14 18:30:00,362.476,1
2014-01-14 19:00:00,370.168,1
2014-01-14 19:30:00,378.042,1
2014-01-14 20:00:00,364.458,1
2014-01-14 20:30:00,344.911,0
2014-01-14 21:00:00,332.237,0
2014-01-14 21:30:00,323.601,0
2014-01-14 22:00:00,306.618,0
2014-01-14 22:30:00,289.321,0
2014-01-14 23:00:00,240.782,0
2014-01-14 23:30:00,216.837,0
2014-01-15 00:00:00,184.815,0
2014-01-15 00:30:00,159.433,0
2014-01-15 01:00:00,141.522,0
2014-01-15 01:30:00,125.392,0
2014-01-15 02:00:00,116.499,0
2014-01-15 02:30:00,114.669,0
2014-01-15 03:00:00,111.313,0
2014-01-15 03:30:00,112.116,0
2014-01-15 04:00:00,108.268,0
2014-01-15 04:30:00,106.431,0
2014-01-15 05:00:00,107.102,0
2014-01-15 05:30:00,112.79,0
2014-01-15 06:00:00,127.173,0
2014-01-15 06:30:00,151.4,0
2014-01-15 07:00:00,194.146,0
2014-01-15 07:30:00,217.998,0
2014-01-15 08:00:00,242.137,0
2014-01-15 08:30:00,241.714,0
2014-01-15 09:00:00,229.967,0
2014-01-15 09:30:00,225.884,0
2014-01-15 10:00:00,219.377,0
2014-01-15 10:30:00,206.915,0
2014-01-15 11:00:00,202.452,0
2014-01-15 11:30:00,209.376,0
2014-01-15 12:00:00,215.801,0
2014-01-15 12:30:00,214.696,0
2014-01-15 13:00:00,212.512,0
2014-01-15 13:30:00,207.942,0
2014-01-15 14:00:00,212.392,0
2014-01-15 14:30:00,216.284,0
2014-01-15 15:00:00,212.239,0
2014-01-15 15:30:00,218.784,0
2014-01-15 16:00:00,231.111,0
2014-01-15 16:30:00,266.308,0
2014-01-15 17:00:00,289.399,0
2014-01-15 17:30:00,321.705,0
2014-01-15 18:00:00,348.324,0
2014-01-15 18:30:00,375.859,1
2014-01-15 19:00:00,370.167,1
2014-01-15 19:30:00,361.355,1
2014-01-15 20:00:00,358.743,1
2014-01-15 20:30:00,342.965,0
2014-01-15 21:00:00,315.19,0
2014-01-15 21:30:00,325.629,0
2014-01-15 22:00:00,300.371,0
2014-01-15 22:30:00,275.849,0
2014-01-15 23:00:00,241.521,0
2014-01-15 23:30:00,204.667,0
2014-01-16 00:00:00,170.615,0
2014-01-16 00:30:00,152.003,0
2014-01-16 01:00:00,132.892,0
2014-01-16 01:30:00,120.609,0
2014-01-16 02:00:00,111.446,0
2014-01-16 02:30:00,107.812,0
2014-01-16 03:00:00,105.642,0
2014-01-16 03:30:00,106.719,0
2014-01-16 04:00:00,102.298,0
2014-01-16 04:30:00,104.495,0
2014-01-16 05:00:00,108.979,0
2014-01-16 05:30:00,119.142,0
2014-01-16 06:00:00,128.654,0
2014-01-16 06:30:00,149.027,0
2014-01-16 07:00:00,184.558,0
2014-01-16 07:30:00,229.633,0
2014-01-16 08:00:00,245.227,0
2014-01-16 08:30:00,241.718,0
2014-01-16 09:00:00,241.577,0
2014-01-16 09:30:00,229.252,0
2014-01-16 10:00:00,219.727,0
2014-01-16 10:30:00,213.0,0
2014-01-16 11:00:00,199.487,0
2014-01-16 11:30:00,191.218,0
2014-01-16 12:00:00,200.885,0
2014-01-16 12:30:00,201.468,0
2014-01-16 13:00:00,209.463,0
2014-01-16 13:30:00,207.659,0
2014-01-16 14:00:00,203.916,0
2014-01-16 14:30:00,200.072,0
2014-01-16 15:00:00,205.346,0
2014-01-16 15:30:00,220.492,0
2014-01-16 16:00:00,242.847,0
2014-01-16 16:30:00,269.26,0
2014-01-16 17:00:00,297.534,0
2014-01-16 17:30:00,328.712,0
2014-01-16 18:00:00,355.369,1
2014-01-16 18:30:00,354.459,1
2014-01-16 19:00:00,366.8,1
2014-01-16 19:30:00,360.066,1
2014-01-16 20:00:00,344.607,0
2014-01-16 20:30:00,334.352,0
2014-01-16 21:00:00,324.412,0
2014-01-16 21:30:00,299.907,0
2014-01-16 22:00:00,285.726,0
2014-01-16 22:30:00,276.228,0
2014-01-16 23:00:00,248.345,0
2014-01-16 23:30:00,214.216,0
2014-01-17 00:00:00,178.277,0
2014-01-17 00:30:00,154.89,0
2014-01-17 01:00:00,135.723,0
2014-01-17 01:30:00,121.046,0
2014-01-17 02:00:00,112.201,0
2014-01-17 02:30:00,109.934,0
2014-01-17 03:00:00,110.212,0
2014-01-17 03:30:00,109.304,0
2014-01-17 04:00:00,105.106,0
2014-01-17 04:30:00,105.258,0
2014-01-17 05:00:00,104.19,0
2014-01-17 05:30:00,119.217,0
2014-01-17 06:00:00,135.469,0
2014-01-17 06:30:00,147.927,0
2014-01-17 07:00:00,180.894,0
2014-01-17 07:30:00,224.911,0
2014-01-17 08:00:00,242.451,0
2014-01-17 08:30:00,245.651,0
2014-01-17 09:00:00,229.917,0
2014-01-17 09:30:00,229.842,0
2014-01-17 10:00:00,221.779,0
2014-01-17 10:30:00,223.259,0
2014-01-17 11:00:00,217.799,0
2014-01-17 11:30:00,218.036,0
2014-01-17 12:00:00,224.503,0
2014-01-17 12:30:00,234.429,0
2014-01-17 13:00:00,224.896,0
2014-01-17 13:30:00,220.186,0
2014-01-17 14:00:00,224.12,0
2014-01-17 14:30:00,218.33,0
2014-01-17 15:00:00,214.549,0
2014-01-17 15:30:00,214.595,0
2014-01-17 16:00:00,227.511,0
2014-01-17 16:30:00,258.742,0
2014-01-17 17:00:00,286.741,0
2014-01-17 17:30:00,311.801,0
2014-01-17 18:00:00,330.948,0
2014-01-17 18:30:00,362.961,1
2014-01-17 19:00:00,357.278,1
2014-01-17 19:30:00,359.553,1
2014-01-17 20:00:00,342.745,0
2014-01-17 20:30:00,325.715,0
2014-01-17 21:00:00,310.545,0
2014-01-17 21:30:00,302.345,0
2014-01-17 22:00:00,287.325,0
2014-01-17 22:30:00,272.399,0
2014-01-17 23:00:00,246.344,0
2014-01-17 23:30:00,218.732,0
2014-01-18 00:00:00,184.921,0
2014-01-18 00:30:00,165.443,0
2014-01-18 01:00:00,146.096,0
2014-01-18 01:30:00,130.721,0
2014-01-18 02:00:00,119.504,0
2014-01-18 02:30:00,120.006,0
2014-01-18 03:00:00,110.771,0
2014-01-18 03:30:00,111.265,0
2014-01-18 04:00:00,107.18,0
2014-01-18 04:30:00,102.935,0
2014-01-18 05:00:00,105.516,0
2014-01-18 05:30:00,111.467,0
2014-01-18 06:00:00,119.465,0
2014-01-18 06:30:00,126.981,0
2014-01-18 07:00:00,147.243,0
2014-01-18 07:30:00,171.669,0
2014-01-18 08:00:00,209.631,0
2014-01-18 08:30:00,215.491,0
2014-01-18 09:00:00,230.194,0
2014-01-18 09:30:00,248.611,0
2014-01-18 10:00:00,250.875,0
2014-01-18 10:30:00,235.302,0
2014-01-18 11:00:00,233.352,0
2014-01-18 11:30:00,243.65,0
2014-01-18 12:00:00,255.362,0
2014-01-18 12:30:00,262.912,0
2014-01-18 13:00:00,260.488,0
2014-01-18 13:30:00,259.347,0
2014-01-18 14:00:00,251.745,0
2014-01-18 14:30:00,246.515,0
2014-01-18 15:00:00,247.567,0
2014-01-18 15:30:00,249.74,0
2014-01-18 16:00:00,255.801,0
2014-01-18 16:30:00,276.857,0
2014-01-18 17:00:00,311.306,0
2014-01-18 17:30:00,357.29,1
2014-01-18 18:00:00,374.395,1
2014-01-18 18:30:00,384.305,1
2014-01-18 19:00:00,365.595,1
2014-01-18 19:30:00,359.045,1
2014-01-18 20:00:00,346.743,0
2014-01-18 20:30:00,329.414,0
2014-01-18 21:00:00,307.813,0
2014-01-18 21:30:00,293.786,0
2014-01-18 22:00:00,281.644,0
2014-01-18 22:30:00,267.751,0
2014-01-18 23:00:00,246.376,0
2014-01-18 23:30:00,219.62,0
2014-01-19 00:00:00,193.649,0
2014-01-19 00:30:00,151.41,0
2014-01-19 01:00:00,130.126,0
2014-01-19 01:30:00,113.863,0
2014-01-19 02:00:00,107.655,0
2014-01-19 02:30:00,101.543,0
2014-01-19 03:00:00,99.954,0
2014-01-19 03:30:00,97.593,0
2014-01-19 04:00:00,96.457,0
2014-01-19 04:30:00,94.432,0
2014-01-19 05:00:00,97.893,0
2014-01-19 05:30:00,100.564,0
2014-01-19 06:00:00,102.186,0
2014-01-19 06:30:00,109.862,0
2014-01-19 07:00:00,119.882,0
2014-01-19 07:30:00,136.196,0
2014-01-19 08:00:00,155.358,0
2014-01-19 08:30:00,180.45,0
2014-01-19 09:00:00,204.688,0
2014-01-19 09:30:00,212.965,0
2014-01-19 10:00:00,217.349,0
2014-01-19 10:30:00,239.268,0
2014-01-19 11:00:00,236.431,0
2014-01-19 11:30:00,235.07,0
2014-01-19 12:00:00,228.074,0
2014-01-19 12:30:00,237.063,0
2014-01-19 13:00:00,248.092,0
2014-01-19 13:30:00,256.887,0
2014-01-19 14:00:00,238.559,0
2014-01-19 14:30:00,230.127,0
2014-01-19 15:00:00,226.386,0
2014-01-19 15:30:00,220.908,0
2014-01-19 16:00:00,241.705,0
2014-01-19 16:30:00,255.713,0
2014-01-19 17:00:00,283.027,0
2014-01-19 17:30:00,316.827,0
2014-01-19 18:00:00,331.143,0
2014-01-19 18:30:00,347.254,0
2014-01-19 19:00:00,339.63,0
2014-01-19 19:30:00,320.647,0
2014-01-19 20:00:00,316.852,0
2014-01-19 20:30:00,297.795,0
2014-01-19 21:00:00,283.827,0
2014-01-19 21:30:00,286.368,0
2014-01-19 22:00:00,265.309,0
2014-01-19 22:30:00,255.196,0
2014-01-19 23:00:00,225.513,0
2014-01-19 23:30:00,183.283,0
2014-01-20 00:00:00,154.111,0
2014-01-20 00:30:00,153.172,0
2014-01-20 01:00:00,135.588,0
2014-01-20 01:30:00,122.215,0
2014-01-20 02:00:00,114.244,0
2014-01-20 02:30:00,112.521,0
2014-01-20 03:00:00,111.221,0
2014-01-20 03:30:00,108.404,0
2014-01-20 04:00:00,104.886,0
2014-01-20 04:30:00,105.809,0
2014-01-20 05:00:00,108.868,0
2014-01-20 05:30:00,126.808,0
2014-01-20 06:00:00,131.681,0
2014-01-20 06:30:00,156.872,0
2014-01-20 07:00:00,193.757,0
2014-01-20 07:30:00,219.526,0
2014-01-20 08:00:00,234.046,0
2014-01-20 08:30:00,240.767,0
2014-01-20 09:00:00,247.321,0
2014-01-20 09:30:00,245.051,0
2014-01-20 10:00:00,240.044,0
2014-01-20 10:30:00,227.869,0
2014-01-20 11:00:00,216.793,0
2014-01-20 11:30:00,206.969,0
2014-01-20 12:00:00,218.95,0
2014-01-20 12:30:00,226.705,0
2014-01-20 13:00:00,214.474,0
2014-01-20 13:30:00,208.405,0
2014-01-20 14:00:00,208.871,0
2014-01-20 14:30:00,209.229,0
2014-01-20 15:00:00,208.641,0
2014-01-20 15:30:00,211.418,0
2014-01-20 16:00:00,221.664,0
2014-01-20 16:30:00,244.403,0
2014-01-20 17:00:00,300.012,0
2014-01-20 17:30:00,335.07,0
2014-01-20 18:00:00,360.25600000000003,1
2014-01-20 18:30:00,369.634,1
2014-01-20 19:00:00,367.958,1
2014-01-20 19:30:00,375.757,1
2014-01-20 20:00:00,364.67,1
2014-01-20 20:30:00,346.938,0
2014-01-20 21:00:00,334.123,0
2014-01-20 21:30:00,320.926,0
2014-01-20 22:00:00,308.429,0
2014-01-20 22:30:00,289.292,0
2014-01-20 23:00:00,249.167,0
2014-01-20 23:30:00,206.694,0
2014-01-21 00:00:00,169.589,0
2014-01-21 00:30:00,147.77,0
2014-01-21 01:00:00,133.253,0
2014-01-21 01:30:00,116.145,0
2014-01-21 02:00:00,110.407,0
2014-01-21 02:30:00,108.456,0
2014-01-21 03:00:00,106.611,0
2014-01-21 03:30:00,109.493,0
2014-01-21 04:00:00,107.509,0
2014-01-21 04:30:00,106.476,0
2014-01-21 05:00:00,107.582,0
2014-01-21 05:30:00,122.491,0
2014-01-21 06:00:00,134.791,0
2014-01-21 06:30:00,165.074,0
2014-01-21 07:00:00,194.315,0
2014-01-21 07:30:00,219.8,0
2014-01-21 08:00:00,240.644,0
2014-01-21 08:30:00,251.217,0
2014-01-21 09:00:00,240.057,0
2014-01-21 09:30:00,219.459,0
2014-01-21 10:00:00,219.787,0
2014-01-21 10:30:00,220.267,0
2014-01-21 11:00:00,207.261,0
2014-01-21 11:30:00,200.983,0
2014-01-21 12:00:00,206.066,0
2014-01-21 12:30:00,209.702,0
2014-01-21 13:00:00,207.393,0
2014-01-21 13:30:00,209.862,0
2014-01-21 14:00:00,204.784,0
2014-01-21 14:30:00,199.082,0
2014-01-21 15:00:00,199.724,0
2014-01-21 15:30:00,200.431,0
2014-01-21 16:00:00,219.209,0
2014-01-21 16:30:00,270.398,0
2014-01-21 17:00:00,305.719,0
2014-01-21 17:30:00,336.697,0
2014-01-21 18:00:00,348.557,0
2014-01-21 18:30:00,374.466,1
2014-01-21 19:00:00,369.772,1
2014-01-21 19:30:00,372.662,1
2014-01-21 20:00:00,356.402,1
2014-01-21 20:30:00,356.221,1
2014-01-21 21:00:00,345.766,0
2014-01-21 21:30:00,325.378,0
2014-01-21 22:00:00,308.28,0
2014-01-21 22:30:00,288.802,0
2014-01-21 23:00:00,253.787,0
2014-01-21 23:30:00,211.602,0
2014-01-22 00:00:00,178.321,0
2014-01-22 00:30:00,152.238,0
2014-01-22 01:00:00,136.123,0
2014-01-22 01:30:00,127.321,0
2014-01-22 02:00:00,115.927,0
2014-01-22 02:30:00,112.741,0
2014-01-22 03:00:00,114.417,0
2014-01-22 03:30:00,114.172,0
2014-01-22 04:00:00,105.74,0
2014-01-22 04:30:00,104.466,0
2014-01-22 05:00:00,103.746,0
2014-01-22 05:30:00,118.366,0
2014-01-22 06:00:00,126.929,0
2014-01-22 06:30:00,156.458,0
2014-01-22 07:00:00,195.155,0
2014-01-22 07:30:00,215.781,0
2014-01-22 08:00:00,239.308,0
2014-01-22 08:30:00,244.334,0
2014-01-22 09:00:00,240.832,0
2014-01-22 09:30:00,231.703,0
2014-01-22 10:00:00,211.526,0
2014-01-22 10:30:00,213.644,0
2014-01-22 11:00:00,221.632,0
2014-01-22 11:30:00,213.99,0
2014-01-22 12:00:00,207.107,0
2014-01-22 12:30:00,215.572,0
2014-01-22 13:00:00,217.639,0
2014-01-22 13:30:00,205.113,0
2014-01-22 14:00:00,194.597,0
2014-01-22 14:30:00,193.693,0
2014-01-22 15:00:00,192.063,0
2014-01-22 15:30:00,204.062,0
2014-01-22 16:00:00,224.835,0
2014-01-22 16:30:00,248.546,0
2014-01-22 17:00:00,282.425,0
2014-01-22 17:30:00,332.826,0
2014-01-22 18:00:00,346.283,0
2014-01-22 18:30:00,370.424,1
2014-01-22 19:00:00,376.829,1
2014-01-22 19:30:00,360.179,1
2014-01-22 20:00:00,353.09,0
2014-01-22 20:30:00,334.002,0
2014-01-22 21:00:00,324.565,0
2014-01-22 21:30:00,324.13,0
2014-01-22 22:00:00,298.171,0
2014-01-22 22:30:00,286.689,0
2014-01-22 23:00:00,248.951,0
2014-01-22 23:30:00,211.709,0
2014-01-23 00:00:00,176.983,0
2014-01-23 00:30:00,154.965,0
2014-01-23 01:00:00,135.332,0
2014-01-23 01:30:00,118.737,0
2014-01-23 02:00:00,111.161,0
2014-01-23 02:30:00,109.314,0
2014-01-23 03:00:00,107.156,0
2014-01-23 03:30:00,106.884,0
2014-01-23 04:00:00,107.42,0
2014-01-23 04:30:00,104.31,0
2014-01-23 05:00:00,105.922,0
2014-01-23 05:30:00,121.171,0
2014-01-23 06:00:00,133.769,0
2014-01-23 06:30:00,162.739,0
2014-01-23 07:00:00,199.154,0
2014-01-23 07:30:00,219.727,0
2014-01-23 08:00:00,248.717,0
2014-01-23 08:30:00,258.309,0
2014-01-23 09:00:00,240.526,0
2014-01-23 09:30:00,222.449,0
2014-01-23 10:00:00,220.597,0
2014-01-23 10:30:00,229.46,0
2014-01-23 11:00:00,231.275,0
2014-01-23 11:30:00,224.28,0
2014-01-23 12:00:00,209.158,0
2014-01-23 12:30:00,227.407,0
2014-01-23 13:00:00,223.441,0
2014-01-23 13:30:00,214.833,0
2014-01-23 14:00:00,207.778,0
2014-01-23 14:30:00,202.479,0
2014-01-23 15:00:00,204.552,0
2014-01-23 15:30:00,210.191,0
2014-01-23 16:00:00,223.039,0
2014-01-23 16:30:00,244.006,0
2014-01-23 17:00:00,283.181,0
2014-01-23 17:30:00,319.731,0
2014-01-23 18:00:00,343.323,0
2014-01-23 18:30:00,359.42,1
2014-01-23 19:00:00,367.4,1
2014-01-23 19:30:00,363.06,1
2014-01-23 20:00:00,352.819,0
2014-01-23 20:30:00,333.202,0
2014-01-23 21:00:00,329.636,0
2014-01-23 21:30:00,323.145,0
2014-01-23 22:00:00,301.524,0
2014-01-23 22:30:00,282.168,0
2014-01-23 23:00:00,249.836,0
2014-01-23 23:30:00,226.018,0
2014-01-24 00:00:00,191.398,0
2014-01-24 00:30:00,162.613,0
2014-01-24 01:00:00,137.66,0
2014-01-24 01:30:00,121.896,0
2014-01-24 02:00:00,114.949,0
2014-01-24 02:30:00,113.771,0
2014-01-24 03:00:00,114.106,0
2014-01-24 03:30:00,111.518,0
2014-01-24 04:00:00,109.564,0
2014-01-24 04:30:00,106.662,0
2014-01-24 05:00:00,109.053,0
2014-01-24 05:30:00,121.014,0
2014-01-24 06:00:00,130.294,0
2014-01-24 06:30:00,154.074,0
2014-01-24 07:00:00,191.359,0
2014-01-24 07:30:00,214.375,0
2014-01-24 08:00:00,244.275,0
2014-01-24 08:30:00,247.202,0
2014-01-24 09:00:00,248.632,0
2014-01-24 09:30:00,248.858,0
2014-01-24 10:00:00,249.023,0
2014-01-24 10:30:00,235.759,0
2014-01-24 11:00:00,223.399,0
2014-01-24 11:30:00,212.338,0
2014-01-24 12:00:00,213.669,0
2014-01-24 12:30:00,217.518,0
2014-01-24 13:00:00,224.241,0
2014-01-24 13:30:00,218.094,0
2014-01-24 14:00:00,212.135,0
2014-01-24 14:30:00,217.446,0
2014-01-24 15:00:00,220.445,0
2014-01-24 15:30:00,217.061,0
2014-01-24 16:00:00,235.176,0
2014-01-24 16:30:00,268.499,0
2014-01-24 17:00:00,299.232,0
2014-01-24 17:30:00,327.527,0
2014-01-24 18:00:00,350.034,0
2014-01-24 18:30:00,356.779,1
2014-01-24 19:00:00,367.962,1
2014-01-24 19:30:00,366.236,1
2014-01-24 20:00:00,347.374,0
2014-01-24 20:30:00,332.076,0
2014-01-24 21:00:00,327.613,0
2014-01-24 21:30:00,310.059,0
2014-01-24 22:00:00,303.894,0
2014-01-24 22:30:00,279.732,0
2014-01-24 23:00:00,254.639,0
2014-01-24 23:30:00,216.675,0
2014-01-25 00:00:00,185.671,0
2014-01-25 00:30:00,162.879,0
2014-01-25 01:00:00,148.936,0
2014-01-25 01:30:00,135.291,0
2014-01-25 02:00:00,121.556,0
2014-01-25 02:30:00,114.061,0
2014-01-25 03:00:00,110.743,0
2014-01-25 03:30:00,109.726,0
2014-01-25 04:00:00,106.998,0
2014-01-25 04:30:00,105.285,0
2014-01-25 05:00:00,107.338,0
2014-01-25 05:30:00,112.639,0
2014-01-25 06:00:00,118.863,0
2014-01-25 06:30:00,130.211,0
2014-01-25 07:00:00,145.913,0
2014-01-25 07:30:00,173.369,0
2014-01-25 08:00:00,195.467,0
2014-01-25 08:30:00,218.773,0
2014-01-25 09:00:00,245.528,0
2014-01-25 09:30:00,248.898,0
2014-01-25 10:00:00,252.041,0
2014-01-25 10:30:00,252.052,0
2014-01-25 11:00:00,240.28,0
2014-01-25 11:30:00,231.998,0
2014-01-25 12:00:00,231.427,0
2014-01-25 12:30:00,238.855,0
2014-01-25 13:00:00,244.62,0
2014-01-25 13:30:00,231.281,0
2014-01-25 14:00:00,227.121,0
2014-01-25 14:30:00,225.685,0
2014-01-25 15:00:00,230.938,0
2014-01-25 15:30:00,243.763,0
2014-01-25 16:00:00,260.848,0
2014-01-25 16:30:00,287.115,0
2014-01-25 17:00:00,308.965,0
2014-01-25 17:30:00,344.792,0
2014-01-25 18:00:00,369.794,1
2014-01-25 18:30:00,377.852,1
2014-01-25 19:00:00,380.191,1
2014-01-25 19:30:00,373.791,1
2014-01-25 20:00:00,355.553,1
2014-01-25 20:30:00,339.7,0
2014-01-25 21:00:00,320.422,0
2014-01-25 21:30:00,308.386,0
2014-01-25 22:00:00,293.842,0
2014-01-25 22:30:00,278.112,0
2014-01-25 23:00:00,256.529,0
2014-01-25 23:30:00,226.898,0
2014-01-26 00:00:00,202.258,0
2014-01-26 00:30:00,182.37,0
2014-01-26 01:00:00,163.934,0
2014-01-26 01:30:00,142.634,0
2014-01-26 02:00:00,123.208,0
2014-01-26 02:30:00,120.85,0
2014-01-26 03:00:00,114.749,0
2014-01-26 03:30:00,112.375,0
2014-01-26 04:00:00,107.562,0
2014-01-26 04:30:00,104.995,0
2014-01-26 05:00:00,107.019,0
2014-01-26 05:30:00,113.413,0
2014-01-26 06:00:00,117.802,0
2014-01-26 06:30:00,127.822,0
2014-01-26 07:00:00,140.336,0
2014-01-26 07:30:00,162.282,0
2014-01-26 08:00:00,180.806,0
2014-01-26 08:30:00,213.35,0
2014-01-26 09:00:00,241.3,0
2014-01-26 09:30:00,270.701,0
2014-01-26 10:00:00,269.752,0
2014-01-26 10:30:00,291.69,0
2014-01-26 11:00:00,305.23,0
2014-01-26 11:30:00,306.613,0
2014-01-26 12:00:00,300.447,0
2014-01-26 12:30:00,326.588,0
2014-01-26 13:00:00,331.782,0
2014-01-26 13:30:00,331.072,0
2014-01-26 14:00:00,316.638,0
2014-01-26 14:30:00,309.011,0
2014-01-26 15:00:00,307.717,0
2014-01-26 15:30:00,303.788,0
2014-01-26 16:00:00,310.166,0
2014-01-26 16:30:00,328.329,0
2014-01-26 17:00:00,329.332,0
2014-01-26 17:30:00,351.768,0
2014-01-26 18:00:00,376.012,1
2014-01-26 18:30:00,395.73,1
2014-01-26 19:00:00,393.682,1
2014-01-26 19:30:00,394.564,1
2014-01-26 20:00:00,370.025,1
2014-01-26 20:30:00,353.738,0
2014-01-26 21:00:00,346.748,0
2014-01-26 21:30:00,327.76,0
2014-01-26 22:00:00,315.666,0
2014-01-26 22:30:00,299.304,0
2014-01-26 23:00:00,266.935,0
2014-01-26 23:30:00,218.608,0
2014-01-27 00:00:00,184.681,0
2014-01-27 00:30:00,160.722,0
2014-01-27 01:00:00,142.536,0
2014-01-27 01:30:00,128.615,0
2014-01-27 02:00:00,116.115,0
2014-01-27 02:30:00,115.473,0
2014-01-27 03:00:00,115.134,0
2014-01-27 03:30:00,113.481,0
2014-01-27 04:00:00,114.47,0
2014-01-27 04:30:00,108.826,0
2014-01-27 05:00:00,113.032,0
2014-01-27 05:30:00,128.284,0
2014-01-27 06:00:00,138.65,0
2014-01-27 06:30:00,163.076,0
2014-01-27 07:00:00,195.196,0
2014-01-27 07:30:00,226.033,0
2014-01-27 08:00:00,249.904,0
2014-01-27 08:30:00,248.802,0
2014-01-27 09:00:00,244.625,0
2014-01-27 09:30:00,228.744,0
2014-01-27 10:00:00,235.714,0
2014-01-27 10:30:00,230.952,0
2014-01-27 11:00:00,220.109,0
2014-01-27 11:30:00,206.673,0
2014-01-27 12:00:00,224.04,0
2014-01-27 12:30:00,219.938,0
2014-01-27 13:00:00,212.006,0
2014-01-27 13:30:00,213.061,0
2014-01-27 14:00:00,209.36,0
2014-01-27 14:30:00,218.393,0
2014-01-27 15:00:00,229.977,0
2014-01-27 15:30:00,235.858,0
2014-01-27 16:00:00,250.22,0
2014-01-27 16:30:00,278.034,0
2014-01-27 17:00:00,304.904,0
2014-01-27 17:30:00,340.722,0
2014-01-27 18:00:00,360.652,1
2014-01-27 18:30:00,389.695,1
2014-01-27 19:00:00,391.254,1
2014-01-27 19:30:00,391.406,1
2014-01-27 20:00:00,370.796,1
2014-01-27 20:30:00,355.43,1
2014-01-27 21:00:00,337.597,0
2014-01-27 21:30:00,328.355,0
2014-01-27 22:00:00,317.908,0
2014-01-27 22:30:00,306.84,0
2014-01-27 23:00:00,272.029,0
2014-01-27 23:30:00,226.355,0
2014-01-28 00:00:00,193.146,0
2014-01-28 00:30:00,163.845,0
2014-01-28 01:00:00,141.601,0
2014-01-28 01:30:00,126.891,0
2014-01-28 02:00:00,117.094,0
2014-01-28 02:30:00,114.84,0
2014-01-28 03:00:00,111.828,0
2014-01-28 03:30:00,113.803,0
2014-01-28 04:00:00,108.688,0
2014-01-28 04:30:00,107.852,0
2014-01-28 05:00:00,111.911,0
2014-01-28 05:30:00,128.379,0
2014-01-28 06:00:00,140.227,0
2014-01-28 06:30:00,163.938,0
2014-01-28 07:00:00,206.011,0
2014-01-28 07:30:00,221.532,0
2014-01-28 08:00:00,249.902,0
2014-01-28 08:30:00,253.823,0
2014-01-28 09:00:00,240.335,0
2014-01-28 09:30:00,226.805,0
2014-01-28 10:00:00,221.54,0
2014-01-28 10:30:00,220.833,0
2014-01-28 11:00:00,213.987,0
2014-01-28 11:30:00,197.181,0
2014-01-28 12:00:00,205.593,0
2014-01-28 12:30:00,206.639,0
2014-01-28 13:00:00,209.551,0
2014-01-28 13:30:00,211.698,0
2014-01-28 14:00:00,210.633,0
2014-01-28 14:30:00,203.776,0
2014-01-28 15:00:00,202.474,0
2014-01-28 15:30:00,217.641,0
2014-01-28 16:00:00,239.34,0
2014-01-28 16:30:00,275.25,0
2014-01-28 17:00:00,314.359,0
2014-01-28 17:30:00,336.626,0
2014-01-28 18:00:00,346.115,0
2014-01-28 18:30:00,361.575,1
2014-01-28 19:00:00,383.887,1
2014-01-28 19:30:00,389.548,1
2014-01-28 20:00:00,366.862,1
2014-01-28 20:30:00,360.065,1
2014-01-28 21:00:00,349.682,0
2014-01-28 21:30:00,330.279,0
2014-01-28 22:00:00,303.588,0
2014-01-28 22:30:00,296.151,0
2014-01-28 23:00:00,264.963,0
2014-01-28 23:30:00,221.713,0
2014-01-29 00:00:00,184.898,0
2014-01-29 00:30:00,160.484,0
2014-01-29 01:00:00,140.711,0
2014-01-29 01:30:00,127.155,0
2014-01-29 02:00:00,117.5,0
2014-01-29 02:30:00,117.058,0
2014-01-29 03:00:00,112.785,0
2014-01-29 03:30:00,112.581,0
2014-01-29 04:00:00,112.227,0
2014-01-29 04:30:00,111.916,0
2014-01-29 05:00:00,111.393,0
2014-01-29 05:30:00,126.741,0
2014-01-29 06:00:00,139.448,0
2014-01-29 06:30:00,164.988,0
2014-01-29 07:00:00,203.552,0
2014-01-29 07:30:00,231.091,0
2014-01-29 08:00:00,256.39300000000003,0
2014-01-29 08:30:00,246.535,0
2014-01-29 09:00:00,240.3,0
2014-01-29 09:30:00,241.525,0
2014-01-29 10:00:00,242.557,0
2014-01-29 10:30:00,236.245,0
2014-01-29 11:00:00,245.147,0
2014-01-29 11:30:00,241.985,0
2014-01-29 12:00:00,245.808,0
2014-01-29 12:30:00,247.276,0
2014-01-29 13:00:00,242.073,0
2014-01-29 13:30:00,243.731,0
2014-01-29 14:00:00,234.366,0
2014-01-29 14:30:00,229.359,0
2014-01-29 15:00:00,232.878,0
2014-01-29 15:30:00,241.68,0
2014-01-29 16:00:00,248.224,0
2014-01-29 16:30:00,274.755,0
2014-01-29 17:00:00,309.087,0
2014-01-29 17:30:00,326.249,0
2014-01-29 18:00:00,370.881,1
2014-01-29 18:30:00,392.103,1
2014-01-29 19:00:00,396.345,1
2014-01-29 19:30:00,377.944,1
2014-01-29 20:00:00,362.283,1
2014-01-29 20:30:00,340.722,0
2014-01-29 21:00:00,341.274,0
2014-01-29 21:30:00,334.427,0
2014-01-29 22:00:00,310.574,0
2014-01-29 22:30:00,284.274,0
2014-01-29 23:00:00,255.107,0
2014-01-29 23:30:00,218.283,0
2014-01-30 00:00:00,181.283,0
2014-01-30 00:30:00,158.887,0
2014-01-30 01:00:00,137.958,0
2014-01-30 01:30:00,127.29,0
2014-01-30 02:00:00,118.766,0
2014-01-30 02:30:00,115.719,0
2014-01-30 03:00:00,114.706,0
2014-01-30 03:30:00,111.81,0
2014-01-30 04:00:00,110.519,0
2014-01-30 04:30:00,110.97,0
2014-01-30 05:00:00,108.653,0
2014-01-30 05:30:00,124.984,0
2014-01-30 06:00:00,135.757,0
2014-01-30 06:30:00,157.604,0
2014-01-30 07:00:00,192.146,0
2014-01-30 07:30:00,230.657,0
2014-01-30 08:00:00,253.149,0
2014-01-30 08:30:00,256.159,0
2014-01-30 09:00:00,243.716,0
2014-01-30 09:30:00,225.188,0
2014-01-30 10:00:00,232.337,0
2014-01-30 10:30:00,229.907,0
2014-01-30 11:00:00,230.611,0
2014-01-30 11:30:00,226.127,0
2014-01-30 12:00:00,228.624,0
2014-01-30 12:30:00,230.037,0
2014-01-30 13:00:00,227.943,0
2014-01-30 13:30:00,228.119,0
2014-01-30 14:00:00,233.957,0
2014-01-30 14:30:00,235.958,0
2014-01-30 15:00:00,231.848,0
2014-01-30 15:30:00,233.909,0
2014-01-30 16:00:00,238.462,0
2014-01-30 16:30:00,265.422,0
2014-01-30 17:00:00,289.587,0
2014-01-30 17:30:00,324.449,0
2014-01-30 18:00:00,352.435,0
2014-01-30 18:30:00,377.968,1
2014-01-30 19:00:00,382.54,1
2014-01-30 19:30:00,369.912,1
2014-01-30 20:00:00,360.815,1
2014-01-30 20:30:00,350.002,0
2014-01-30 21:00:00,327.071,0
2014-01-30 21:30:00,322.001,0
2014-01-30 22:00:00,297.837,0
2014-01-30 22:30:00,287.263,0
2014-01-30 23:00:00,260.278,0
2014-01-30 23:30:00,223.886,0
2014-01-31 00:00:00,194.538,0
2014-01-31 00:30:00,169.643,0
2014-01-31 01:00:00,147.726,0
2014-01-31 01:30:00,131.775,0
2014-01-31 02:00:00,123.63,0
2014-01-31 02:30:00,112.19,0
2014-01-31 03:00:00,111.144,0
2014-01-31 03:30:00,110.774,0
2014-01-31 04:00:00,107.133,0
2014-01-31 04:30:00,106.445,0
2014-01-31 05:00:00,109.681,0
2014-01-31 05:30:00,119.483,0
2014-01-31 06:00:00,133.712,0
2014-01-31 06:30:00,158.367,0
2014-01-31 07:00:00,198.47,0
2014-01-31 07:30:00,232.414,0
2014-01-31 08:00:00,244.513,0
2014-01-31 08:30:00,248.79,0
2014-01-31 09:00:00,235.116,0
2014-01-31 09:30:00,227.256,0
2014-01-31 10:00:00,232.998,0
2014-01-31 10:30:00,231.23,0
2014-01-31 11:00:00,221.677,0
2014-01-31 11:30:00,222.741,0
2014-01-31 12:00:00,241.206,0
2014-01-31 12:30:00,240.146,0
2014-01-31 13:00:00,244.193,0
2014-01-31 13:30:00,246.218,0
2014-01-31 14:00:00,246.405,0
2014-01-31 14:30:00,257.053,0
2014-01-31 15:00:00,247.754,0
2014-01-31 15:30:00,244.776,0
2014-01-31 16:00:00,259.278,0
2014-01-31 16:30:00,293.824,0
2014-01-31 17:00:00,316.599,0
2014-01-31 17:30:00,340.424,0
2014-01-31 18:00:00,350.809,0
2014-01-31 18:30:00,368.638,1
2014-01-31 19:00:00,389.996,1
2014-01-31 19:30:00,386.952,1
2014-01-31 20:00:00,356.231,1
2014-01-31 20:30:00,342.041,0
2014-01-31 21:00:00,323.813,0
2014-01-31 21:30:00,316.76,0
2014-01-31 22:00:00,301.804,0
2014-01-31 22:30:00,299.011,0
2014-01-31 23:00:00,268.522,0
2014-01-31 23:30:00,244.001,0
2014-02-01 00:00:00,206.902,0
2014-02-01 00:30:00,183.832,0
2014-02-01 01:00:00,159.874,0
2014-02-01 01:30:00,147.045,0
2014-02-01 02:00:00,130.843,0
2014-02-01 02:30:00,123.804,0
2014-02-01 03:00:00,122.052,0
2014-02-01 03:30:00,119.926,0
2014-02-01 04:00:00,117.933,0
2014-02-01 04:30:00,115.48,0
2014-02-01 05:00:00,114.594,0
2014-02-01 05:30:00,123.626,0
2014-02-01 06:00:00,123.335,0
2014-02-01 06:30:00,137.543,0
2014-02-01 07:00:00,151.668,0
2014-02-01 07:30:00,173.302,0
2014-02-01 08:00:00,205.868,0
2014-02-01 08:30:00,233.137,0
2014-02-01 09:00:00,258.973,0
2014-02-01 09:30:00,261.091,0
2014-02-01 10:00:00,257.732,0
2014-02-01 10:30:00,256.043,0
2014-02-01 11:00:00,250.608,0
2014-02-01 11:30:00,236.829,0
2014-02-01 12:00:00,237.958,0
2014-02-01 12:30:00,250.413,0
2014-02-01 13:00:00,254.468,0
2014-02-01 13:30:00,259.747,0
2014-02-01 14:00:00,244.245,0
2014-02-01 14:30:00,248.72,0
2014-02-01 15:00:00,235.21,0
2014-02-01 15:30:00,247.18,0
2014-02-01 16:00:00,250.047,0
2014-02-01 16:30:00,274.993,0
2014-02-01 17:00:00,303.068,0
2014-02-01 17:30:00,330.431,0
2014-02-01 18:00:00,352.716,0
2014-02-01 18:30:00,363.491,1
2014-02-01 19:00:00,361.758,1
2014-02-01 19:30:00,373.146,1
2014-02-01 20:00:00,354.773,1
2014-02-01 20:30:00,326.266,0
2014-02-01 21:00:00,322.001,0
2014-02-01 21:30:00,309.403,0
2014-02-01 22:00:00,295.687,0
2014-02-01 22:30:00,278.597,0
2014-02-01 23:00:00,251.517,0
2014-02-01 23:30:00,225.237,0
2014-02-02 00:00:00,201.739,0
2014-02-02 00:30:00,179.634,0
2014-02-02 01:00:00,163.864,0
2014-02-02 01:30:00,144.315,0
2014-02-02 02:00:00,130.454,0
2014-02-02 02:30:00,122.111,0
2014-02-02 03:00:00,112.9,0
2014-02-02 03:30:00,114.492,0
2014-02-02 04:00:00,112.848,0
2014-02-02 04:30:00,112.408,0
2014-02-02 05:00:00,110.074,0
2014-02-02 05:30:00,112.961,0
2014-02-02 06:00:00,116.306,0
2014-02-02 06:30:00,128.814,0
2014-02-02 07:00:00,145.193,0
2014-02-02 07:30:00,165.934,0
2014-02-02 08:00:00,190.485,0
2014-02-02 08:30:00,223.109,0
2014-02-02 09:00:00,238.512,0
2014-02-02 09:30:00,249.466,0
2014-02-02 10:00:00,261.684,0
2014-02-02 10:30:00,261.858,0
2014-02-02 11:00:00,276.544,0
2014-02-02 11:30:00,276.785,0
2014-02-02 12:00:00,279.236,0
2014-02-02 12:30:00,276.583,0
2014-02-02 13:00:00,283.896,0
2014-02-02 13:30:00,263.188,0
2014-02-02 14:00:00,253.692,0
2014-02-02 14:30:00,262.763,0
2014-02-02 15:00:00,266.276,0
2014-02-02 15:30:00,257.814,0
2014-02-02 16:00:00,260.144,0
2014-02-02 16:30:00,272.234,0
2014-02-02 17:00:00,305.803,0
2014-02-02 17:30:00,340.855,0
2014-02-02 18:00:00,362.308,1
2014-02-02 18:30:00,391.067,1
2014-02-02 19:00:00,388.322,1
2014-02-02 19:30:00,387.543,1
2014-02-02 20:00:00,371.931,1
2014-02-02 20:30:00,344.468,0
2014-02-02 21:00:00,331.372,0
2014-02-02 21:30:00,322.223,0
2014-02-02 22:00:00,309.176,0
2014-02-02 22:30:00,297.275,0
2014-02-02 23:00:00,269.563,0
2014-02-02 23:30:00,228.413,0
2014-02-03 00:00:00,189.925,0
2014-02-03 00:30:00,159.544,0
2014-02-03 01:00:00,138.876,0
2014-02-03 01:30:00,125.741,0
2014-02-03 02:00:00,117.481,0
2014-02-03 02:30:00,115.286,0
2014-02-03 03:00:00,109.609,0
2014-02-03 03:30:00,111.195,0
2014-02-03 04:00:00,110.596,0
2014-02-03 04:30:00,103.638,0
2014-02-03 05:00:00,107.812,0
2014-02-03 05:30:00,120.655,0
2014-02-03 06:00:00,134.067,0
2014-02-03 06:30:00,163.892,0
2014-02-03 07:00:00,197.488,0
2014-02-03 07:30:00,234.395,0
2014-02-03 08:00:00,244.892,0
2014-02-03 08:30:00,238.909,0
2014-02-03 09:00:00,232.131,0
2014-02-03 09:30:00,224.419,0
2014-02-03 10:00:00,223.038,0
2014-02-03 10:30:00,230.007,0
2014-02-03 11:00:00,225.488,0
2014-02-03 11:30:00,220.702,0
2014-02-03 12:00:00,211.463,0
2014-02-03 12:30:00,216.812,0
2014-02-03 13:00:00,221.031,0
2014-02-03 13:30:00,214.74,0
2014-02-03 14:00:00,214.231,0
2014-02-03 14:30:00,207.537,0
2014-02-03 15:00:00,198.895,0
2014-02-03 15:30:00,202.34,0
2014-02-03 16:00:00,221.169,0
2014-02-03 16:30:00,239.307,0
2014-02-03 17:00:00,276.143,0
2014-02-03 17:30:00,312.45,0
2014-02-03 18:00:00,345.218,0
2014-02-03 18:30:00,379.093,1
2014-02-03 19:00:00,388.236,1
2014-02-03 19:30:00,377.952,1
2014-02-03 20:00:00,370.014,1
2014-02-03 20:30:00,360.231,1
2014-02-03 21:00:00,333.618,0
2014-02-03 21:30:00,327.013,0
2014-02-03 22:00:00,308.811,0
2014-02-03 22:30:00,296.306,0
2014-02-03 23:00:00,262.638,0
2014-02-03 23:30:00,223.74,0
2014-02-04 00:00:00,187.652,0
2014-02-04 00:30:00,156.325,0
2014-02-04 01:00:00,135.475,0
2014-02-04 01:30:00,121.441,0
2014-02-04 02:00:00,115.363,0
2014-02-04 02:30:00,110.676,0
2014-02-04 03:00:00,110.249,0
2014-02-04 03:30:00,110.458,0
2014-02-04 04:00:00,108.381,0
2014-02-04 04:30:00,106.316,0
2014-02-04 05:00:00,107.174,0
2014-02-04 05:30:00,122.042,0
2014-02-04 06:00:00,135.692,0
2014-02-04 06:30:00,163.947,0
2014-02-04 07:00:00,195.478,0
2014-02-04 07:30:00,228.62,0
2014-02-04 08:00:00,243.098,0
2014-02-04 08:30:00,234.467,0
2014-02-04 09:00:00,233.311,0
2014-02-04 09:30:00,220.757,0
2014-02-04 10:00:00,216.331,0
2014-02-04 10:30:00,216.036,0
2014-02-04 11:00:00,203.015,0
2014-02-04 11:30:00,206.382,0
2014-02-04 12:00:00,208.471,0
2014-02-04 12:30:00,211.138,0
2014-02-04 13:00:00,207.908,0
2014-02-04 13:30:00,206.955,0
2014-02-04 14:00:00,197.339,0
2014-02-04 14:30:00,194.885,0
2014-02-04 15:00:00,196.566,0
2014-02-04 15:30:00,205.669,0
2014-02-04 16:00:00,218.01,0
2014-02-04 16:30:00,246.12,0
2014-02-04 17:00:00,277.069,0
2014-02-04 17:30:00,324.217,0
2014-02-04 18:00:00,352.484,0
2014-02-04 18:30:00,371.237,1
2014-02-04 19:00:00,381.402,1
2014-02-04 19:30:00,379.647,1
2014-02-04 20:00:00,367.062,1
2014-02-04 20:30:00,351.729,0
2014-02-04 21:00:00,342.524,0
2014-02-04 21:30:00,328.274,0
2014-02-04 22:00:00,308.207,0
2014-02-04 22:30:00,301.703,0
2014-02-04 23:00:00,272.182,0
2014-02-04 23:30:00,227.317,0
2014-02-05 00:00:00,197.282,0
2014-02-05 00:30:00,170.101,0
2014-02-05 01:00:00,145.99,0
2014-02-05 01:30:00,131.579,0
2014-02-05 02:00:00,118.065,0
2014-02-05 02:30:00,115.297,0
2014-02-05 03:00:00,112.007,0
2014-02-05 03:30:00,108.148,0
2014-02-05 04:00:00,112.012,0
2014-02-05 04:30:00,107.244,0
2014-02-05 05:00:00,111.524,0
2014-02-05 05:30:00,125.145,0
2014-02-05 06:00:00,135.498,0
2014-02-05 06:30:00,161.943,0
2014-02-05 07:00:00,190.805,0
2014-02-05 07:30:00,229.792,0
2014-02-05 08:00:00,234.455,0
2014-02-05 08:30:00,242.277,0
2014-02-05 09:00:00,227.52,0
2014-02-05 09:30:00,219.138,0
2014-02-05 10:00:00,214.089,0
2014-02-05 10:30:00,220.581,0
2014-02-05 11:00:00,216.721,0
2014-02-05 11:30:00,204.472,0
2014-02-05 12:00:00,210.108,0
2014-02-05 12:30:00,222.867,0
2014-02-05 13:00:00,233.11,0
2014-02-05 13:30:00,232.769,0
2014-02-05 14:00:00,236.235,0
2014-02-05 14:30:00,225.148,0
2014-02-05 15:00:00,227.482,0
2014-02-05 15:30:00,234.525,0
2014-02-05 16:00:00,244.097,0
2014-02-05 16:30:00,267.041,0
2014-02-05 17:00:00,297.857,0
2014-02-05 17:30:00,342.18,0
2014-02-05 18:00:00,367.561,1
2014-02-05 18:30:00,379.751,1
2014-02-05 19:00:00,373.451,1
2014-02-05 19:30:00,371.163,1
2014-02-05 20:00:00,368.969,1
2014-02-05 20:30:00,344.635,0
2014-02-05 21:00:00,338.158,0
2014-02-05 21:30:00,325.603,0
2014-02-05 22:00:00,316.305,0
2014-02-05 22:30:00,292.466,0
2014-02-05 23:00:00,252.509,0
2014-02-05 23:30:00,219.415,0
2014-02-06 00:00:00,180.479,0
2014-02-06 00:30:00,153.239,0
2014-02-06 01:00:00,131.993,0
2014-02-06 01:30:00,120.29,0
2014-02-06 02:00:00,111.075,0
2014-02-06 02:30:00,107.308,0
2014-02-06 03:00:00,105.268,0
2014-02-06 03:30:00,108.776,0
2014-02-06 04:00:00,106.461,0
2014-02-06 04:30:00,106.574,0
2014-02-06 05:00:00,109.475,0
2014-02-06 05:30:00,119.36,0
2014-02-06 06:00:00,132.802,0
2014-02-06 06:30:00,158.356,0
2014-02-06 07:00:00,193.506,0
2014-02-06 07:30:00,225.756,0
2014-02-06 08:00:00,248.553,0
2014-02-06 08:30:00,248.719,0
2014-02-06 09:00:00,226.281,0
2014-02-06 09:30:00,217.103,0
2014-02-06 10:00:00,217.912,0
2014-02-06 10:30:00,218.136,0
2014-02-06 11:00:00,212.958,0
2014-02-06 11:30:00,214.158,0
2014-02-06 12:00:00,222.864,0
2014-02-06 12:30:00,221.489,0
2014-02-06 13:00:00,228.069,0
2014-02-06 13:30:00,222.426,0
2014-02-06 14:00:00,217.226,0
2014-02-06 14:30:00,219.977,0
2014-02-06 15:00:00,219.04,0
2014-02-06 15:30:00,224.226,0
2014-02-06 16:00:00,241.904,0
2014-02-06 16:30:00,262.975,0
2014-02-06 17:00:00,303.918,0
2014-02-06 17:30:00,332.378,0
2014-02-06 18:00:00,351.95,0
2014-02-06 18:30:00,361.541,1
2014-02-06 19:00:00,367.08,1
2014-02-06 19:30:00,361.903,1
2014-02-06 20:00:00,332.021,0
2014-02-06 20:30:00,332.297,0
2014-02-06 21:00:00,327.247,0
2014-02-06 21:30:00,310.808,0
2014-02-06 22:00:00,299.699,0
2014-02-06 22:30:00,297.321,0
2014-02-06 23:00:00,271.008,0
2014-02-06 23:30:00,219.661,0
2014-02-07 00:00:00,185.197,0
2014-02-07 00:30:00,157.528,0
2014-02-07 01:00:00,139.604,0
2014-02-07 01:30:00,127.69,0
2014-02-07 02:00:00,113.945,0
2014-02-07 02:30:00,111.238,0
2014-02-07 03:00:00,110.063,0
2014-02-07 03:30:00,110.479,0
2014-02-07 04:00:00,104.286,0
2014-02-07 04:30:00,104.083,0
2014-02-07 05:00:00,110.892,0
2014-02-07 05:30:00,120.804,0
2014-02-07 06:00:00,131.728,0
2014-02-07 06:30:00,153.714,0
2014-02-07 07:00:00,184.654,0
2014-02-07 07:30:00,217.782,0
2014-02-07 08:00:00,249.657,0
2014-02-07 08:30:00,250.011,0
2014-02-07 09:00:00,242.385,0
2014-02-07 09:30:00,240.4,0
2014-02-07 10:00:00,240.654,0
2014-02-07 10:30:00,232.473,0
2014-02-07 11:00:00,223.566,0
2014-02-07 11:30:00,213.245,0
2014-02-07 12:00:00,205.41,0
2014-02-07 12:30:00,210.144,0
2014-02-07 13:00:00,211.926,0
2014-02-07 13:30:00,207.816,0
2014-02-07 14:00:00,206.533,0
2014-02-07 14:30:00,196.395,0
2014-02-07 15:00:00,199.942,0
2014-02-07 15:30:00,207.907,0
2014-02-07 16:00:00,210.289,0
2014-02-07 16:30:00,234.479,0
2014-02-07 17:00:00,270.52,0
2014-02-07 17:30:00,314.862,0
2014-02-07 18:00:00,338.131,0
2014-02-07 18:30:00,366.727,1
2014-02-07 19:00:00,375.209,1
2014-02-07 19:30:00,358.618,1
2014-02-07 20:00:00,347.586,0
2014-02-07 20:30:00,324.034,0
2014-02-07 21:00:00,306.467,0
2014-02-07 21:30:00,300.524,0
2014-02-07 22:00:00,290.427,0
2014-02-07 22:30:00,278.707,0
2014-02-07 23:00:00,255.521,0
2014-02-07 23:30:00,216.473,0
2014-02-08 00:00:00,180.159,0
2014-02-08 00:30:00,160.272,0
2014-02-08 01:00:00,144.118,0
2014-02-08 01:30:00,132.381,0
2014-02-08 02:00:00,123.039,0
2014-02-08 02:30:00,120.078,0
2014-02-08 03:00:00,112.704,0
2014-02-08 03:30:00,112.869,0
2014-02-08 04:00:00,107.216,0
2014-02-08 04:30:00,106.808,0
2014-02-08 05:00:00,110.463,0
2014-02-08 05:30:00,116.84,0
2014-02-08 06:00:00,122.907,0
2014-02-08 06:30:00,129.104,0
2014-02-08 07:00:00,147.983,0
2014-02-08 07:30:00,165.269,0
2014-02-08 08:00:00,188.413,0
2014-02-08 08:30:00,214.261,0
2014-02-08 09:00:00,224.722,0
2014-02-08 09:30:00,237.867,0
2014-02-08 10:00:00,241.998,0
2014-02-08 10:30:00,243.504,0
2014-02-08 11:00:00,256.352,0
2014-02-08 11:30:00,241.011,0
2014-02-08 12:00:00,242.448,0
2014-02-08 12:30:00,250.101,0
2014-02-08 13:00:00,256.77,0
2014-02-08 13:30:00,256.176,0
2014-02-08 14:00:00,262.016,0
2014-02-08 14:30:00,243.492,0
2014-02-08 15:00:00,242.749,0
2014-02-08 15:30:00,244.155,0
2014-02-08 16:00:00,242.726,0
2014-02-08 16:30:00,272.749,0
2014-02-08 17:00:00,301.4,0
2014-02-08 17:30:00,330.316,0
2014-02-08 18:00:00,362.085,1
2014-02-08 18:30:00,365.462,1
2014-02-08 19:00:00,365.079,1
2014-02-08 19:30:00,364.523,1
2014-02-08 20:00:00,351.621,0
2014-02-08 20:30:00,326.759,0
2014-02-08 21:00:00,312.634,0
2014-02-08 21:30:00,291.683,0
2014-02-08 22:00:00,283.859,0
2014-02-08 22:30:00,273.606,0
2014-02-08 23:00:00,252.186,0
2014-02-08 23:30:00,232.328,0
2014-02-09 00:00:00,211.709,0
2014-02-09 00:30:00,179.876,0
2014-02-09 01:00:00,158.546,0
2014-02-09 01:30:00,136.855,0
2014-02-09 02:00:00,124.374,0
2014-02-09 02:30:00,121.329,0
2014-02-09 03:00:00,116.143,0
2014-02-09 03:30:00,112.115,0
2014-02-09 04:00:00,113.725,0
2014-02-09 04:30:00,110.07,0
2014-02-09 05:00:00,107.087,0
2014-02-09 05:30:00,110.328,0
2014-02-09 06:00:00,118.952,0
2014-02-09 06:30:00,128.975,0
2014-02-09 07:00:00,141.719,0
2014-02-09 07:30:00,165.319,0
2014-02-09 08:00:00,198.725,0
2014-02-09 08:30:00,216.83,0
2014-02-09 09:00:00,240.648,0
2014-02-09 09:30:00,257.32,0
2014-02-09 10:00:00,267.174,0
2014-02-09 10:30:00,271.339,0
2014-02-09 11:00:00,270.847,0
2014-02-09 11:30:00,272.596,0
2014-02-09 12:00:00,273.213,0
2014-02-09 12:30:00,292.431,0
2014-02-09 13:00:00,310.498,0
2014-02-09 13:30:00,291.586,0
2014-02-09 14:00:00,287.228,0
2014-02-09 14:30:00,271.864,0
2014-02-09 15:00:00,281.21,0
2014-02-09 15:30:00,288.649,0
2014-02-09 16:00:00,280.122,0
2014-02-09 16:30:00,299.246,0
2014-02-09 17:00:00,323.786,0
2014-02-09 17:30:00,345.914,0
2014-02-09 18:00:00,381.972,1
2014-02-09 18:30:00,400.698,1
2014-02-09 19:00:00,382.508,1
2014-02-09 19:30:00,373.03,1
2014-02-09 20:00:00,372.104,1
2014-02-09 20:30:00,352.191,0
2014-02-09 21:00:00,325.36,0
2014-02-09 21:30:00,328.946,0
2014-02-09 22:00:00,307.919,0
2014-02-09 22:30:00,287.198,0
2014-02-09 23:00:00,246.716,0
2014-02-09 23:30:00,214.058,0
2014-02-10 00:00:00,180.19,0
2014-02-10 00:30:00,156.1,0
2014-02-10 01:00:00,139.915,0
2014-02-10 01:30:00,126.263,0
2014-02-10 02:00:00,118.967,0
2014-02-10 02:30:00,118.298,0
2014-02-10 03:00:00,112.351,0
2014-02-10 03:30:00,106.285,0
2014-02-10 04:00:00,105.172,0
2014-02-10 04:30:00,102.816,0
2014-02-10 05:00:00,107.267,0
2014-02-10 05:30:00,126.128,0
2014-02-10 06:00:00,131.249,0
2014-02-10 06:30:00,160.24,0
2014-02-10 07:00:00,195.839,0
2014-02-10 07:30:00,226.303,0
2014-02-10 08:00:00,242.657,0
2014-02-10 08:30:00,252.159,0
2014-02-10 09:00:00,259.298,0
2014-02-10 09:30:00,229.036,0
2014-02-10 10:00:00,225.175,0
2014-02-10 10:30:00,217.979,0
2014-02-10 11:00:00,211.099,0
2014-02-10 11:30:00,208.242,0
2014-02-10 12:00:00,216.015,0
2014-02-10 12:30:00,227.903,0
2014-02-10 13:00:00,220.525,0
2014-02-10 13:30:00,212.636,0
2014-02-10 14:00:00,202.422,0
2014-02-10 14:30:00,205.553,0
2014-02-10 15:00:00,208.201,0
2014-02-10 15:30:00,206.885,0
2014-02-10 16:00:00,221.773,0
2014-02-10 16:30:00,240.996,0
2014-02-10 17:00:00,262.222,0
2014-02-10 17:30:00,302.613,0
2014-02-10 18:00:00,345.571,0
2014-02-10 18:30:00,376.384,1
2014-02-10 19:00:00,388.736,1
2014-02-10 19:30:00,388.625,1
2014-02-10 20:00:00,375.041,1
2014-02-10 20:30:00,351.495,0
2014-02-10 21:00:00,349.602,0
2014-02-10 21:30:00,322.145,0
2014-02-10 22:00:00,298.53,0
2014-02-10 22:30:00,285.125,0
2014-02-10 23:00:00,264.841,0
2014-02-10 23:30:00,229.059,0
2014-02-11 00:00:00,189.334,0
2014-02-11 00:30:00,168.83,0
2014-02-11 01:00:00,144.869,0
2014-02-11 01:30:00,127.882,0
2014-02-11 02:00:00,117.241,0
2014-02-11 02:30:00,116.311,0
2014-02-11 03:00:00,113.428,0
2014-02-11 03:30:00,112.189,0
2014-02-11 04:00:00,109.782,0
2014-02-11 04:30:00,107.557,0
2014-02-11 05:00:00,109.078,0
2014-02-11 05:30:00,123.479,0
2014-02-11 06:00:00,140.394,0
2014-02-11 06:30:00,166.64,0
2014-02-11 07:00:00,192.289,0
2014-02-11 07:30:00,231.144,0
2014-02-11 08:00:00,246.351,0
2014-02-11 08:30:00,251.319,0
2014-02-11 09:00:00,233.297,0
2014-02-11 09:30:00,241.201,0
2014-02-11 10:00:00,238.337,0
2014-02-11 10:30:00,236.201,0
2014-02-11 11:00:00,232.927,0
2014-02-11 11:30:00,233.176,0
2014-02-11 12:00:00,230.622,0
2014-02-11 12:30:00,233.274,0
2014-02-11 13:00:00,238.111,0
2014-02-11 13:30:00,229.896,0
2014-02-11 14:00:00,221.316,0
2014-02-11 14:30:00,210.408,0
2014-02-11 15:00:00,206.956,0
2014-02-11 15:30:00,217.973,0
2014-02-11 16:00:00,215.188,0
2014-02-11 16:30:00,230.521,0
2014-02-11 17:00:00,263.806,0
2014-02-11 17:30:00,315.222,0
2014-02-11 18:00:00,350.794,0
2014-02-11 18:30:00,374.802,1
2014-02-11 19:00:00,386.615,1
2014-02-11 19:30:00,378.426,1
2014-02-11 20:00:00,365.792,1
2014-02-11 20:30:00,351.951,0
2014-02-11 21:00:00,344.535,0
2014-02-11 21:30:00,327.992,0
2014-02-11 22:00:00,314.12,0
2014-02-11 22:30:00,296.068,0
2014-02-11 23:00:00,263.42,0
2014-02-11 23:30:00,227.244,0
2014-02-12 00:00:00,201.555,0
2014-02-12 00:30:00,168.067,0
2014-02-12 01:00:00,145.825,0
2014-02-12 01:30:00,129.181,0
2014-02-12 02:00:00,120.32,0
2014-02-12 02:30:00,115.268,0
2014-02-12 03:00:00,112.688,0
2014-02-12 03:30:00,112.518,0
2014-02-12 04:00:00,111.649,0
2014-02-12 04:30:00,108.51,0
2014-02-12 05:00:00,112.249,0
2014-02-12 05:30:00,127.561,0
2014-02-12 06:00:00,137.095,0
2014-02-12 06:30:00,168.726,0
2014-02-12 07:00:00,201.609,0
2014-02-12 07:30:00,227.6,0
2014-02-12 08:00:00,255.184,0
2014-02-12 08:30:00,256.538,0
2014-02-12 09:00:00,242.507,0
2014-02-12 09:30:00,235.765,0
2014-02-12 10:00:00,223.02,0
2014-02-12 10:30:00,221.12,0
2014-02-12 11:00:00,224.665,0
2014-02-12 11:30:00,221.392,0
2014-02-12 12:00:00,225.63,0
2014-02-12 12:30:00,234.471,0
2014-02-12 13:00:00,238.554,0
2014-02-12 13:30:00,236.929,0
2014-02-12 14:00:00,244.404,0
2014-02-12 14:30:00,234.153,0
2014-02-12 15:00:00,228.614,0
2014-02-12 15:30:00,244.691,0
2014-02-12 16:00:00,246.344,0
2014-02-12 16:30:00,257.718,0
2014-02-12 17:00:00,277.173,0
2014-02-12 17:30:00,326.353,0
2014-02-12 18:00:00,359.657,1
2014-02-12 18:30:00,387.329,1
2014-02-12 19:00:00,393.83,1
2014-02-12 19:30:00,385.749,1
2014-02-12 20:00:00,376.7,1
2014-02-12 20:30:00,358.439,1
2014-02-12 21:00:00,341.67,0
2014-02-12 21:30:00,331.189,0
2014-02-12 22:00:00,307.165,0
2014-02-12 22:30:00,296.041,0
2014-02-12 23:00:00,258.722,0
2014-02-12 23:30:00,224.021,0
2014-02-13 00:00:00,195.015,0
2014-02-13 00:30:00,173.428,0
2014-02-13 01:00:00,141.652,0
2014-02-13 01:30:00,133.349,0
2014-02-13 02:00:00,119.223,0
2014-02-13 02:30:00,121.913,0
2014-02-13 03:00:00,115.277,0
2014-02-13 03:30:00,115.347,0
2014-02-13 04:00:00,115.532,0
2014-02-13 04:30:00,112.845,0
2014-02-13 05:00:00,116.178,0
2014-02-13 05:30:00,124.862,0
2014-02-13 06:00:00,130.735,0
2014-02-13 06:30:00,156.252,0
2014-02-13 07:00:00,191.122,0
2014-02-13 07:30:00,242.561,0
2014-02-13 08:00:00,257.759,0
2014-02-13 08:30:00,266.285,0
2014-02-13 09:00:00,244.869,0
2014-02-13 09:30:00,233.281,0
2014-02-13 10:00:00,228.921,0
2014-02-13 10:30:00,212.236,0
2014-02-13 11:00:00,212.323,0
2014-02-13 11:30:00,205.151,0
2014-02-13 12:00:00,214.837,0
2014-02-13 12:30:00,217.259,0
2014-02-13 13:00:00,211.955,0
2014-02-13 13:30:00,201.774,0
2014-02-13 14:00:00,197.995,0
2014-02-13 14:30:00,198.908,0
2014-02-13 15:00:00,199.84,0
2014-02-13 15:30:00,215.672,0
2014-02-13 16:00:00,228.368,0
2014-02-13 16:30:00,237.755,0
2014-02-13 17:00:00,263.791,0
2014-02-13 17:30:00,306.009,0
2014-02-13 18:00:00,346.558,0
2014-02-13 18:30:00,366.181,1
2014-02-13 19:00:00,374.861,1
2014-02-13 19:30:00,383.417,1
2014-02-13 20:00:00,366.316,1
2014-02-13 20:30:00,348.133,0
2014-02-13 21:00:00,344.076,0
2014-02-13 21:30:00,329.705,0
2014-02-13 22:00:00,307.117,0
2014-02-13 22:30:00,298.733,0
2014-02-13 23:00:00,265.467,0
2014-02-13 23:30:00,229.937,0
2014-02-14 00:00:00,201.826,0
2014-02-14 00:30:00,174.771,0
2014-02-14 01:00:00,144.827,0
2014-02-14 01:30:00,131.336,0
2014-02-14 02:00:00,118.921,0
2014-02-14 02:30:00,116.559,0
2014-02-14 03:00:00,115.692,0
2014-02-14 03:30:00,110.627,0
2014-02-14 04:00:00,107.978,0
2014-02-14 04:30:00,111.452,0
2014-02-14 05:00:00,111.758,0
2014-02-14 05:30:00,126.525,0
2014-02-14 06:00:00,138.015,0
2014-02-14 06:30:00,160.437,0
2014-02-14 07:00:00,195.511,0
2014-02-14 07:30:00,226.829,0
2014-02-14 08:00:00,256.417,0
2014-02-14 08:30:00,247.783,0
2014-02-14 09:00:00,254.287,0
2014-02-14 09:30:00,252.179,0
2014-02-14 10:00:00,240.936,0
2014-02-14 10:30:00,234.284,0
2014-02-14 11:00:00,224.734,0
2014-02-14 11:30:00,234.355,0
2014-02-14 12:00:00,241.721,0
2014-02-14 12:30:00,245.82,0
2014-02-14 13:00:00,247.754,0
2014-02-14 13:30:00,244.186,0
2014-02-14 14:00:00,242.253,0
2014-02-14 14:30:00,249.891,0
2014-02-14 15:00:00,257.04,0
2014-02-14 15:30:00,259.146,0
2014-02-14 16:00:00,263.974,0
2014-02-14 16:30:00,284.431,0
2014-02-14 17:00:00,292.862,0
2014-02-14 17:30:00,317.635,0
2014-02-14 18:00:00,347.891,0
2014-02-14 18:30:00,380.585,1
2014-02-14 19:00:00,382.803,1
2014-02-14 19:30:00,387.125,1
2014-02-14 20:00:00,360.232,1
2014-02-14 20:30:00,342.719,0
2014-02-14 21:00:00,324.28,0
2014-02-14 21:30:00,309.638,0
2014-02-14 22:00:00,300.157,0
2014-02-14 22:30:00,291.89,0
2014-02-14 23:00:00,263.248,0
2014-02-14 23:30:00,233.473,0
2014-02-15 00:00:00,200.902,0
2014-02-15 00:30:00,172.352,0
2014-02-15 01:00:00,156.679,0
2014-02-15 01:30:00,136.744,0
2014-02-15 02:00:00,129.632,0
2014-02-15 02:30:00,125.858,0
2014-02-15 03:00:00,119.366,0
2014-02-15 03:30:00,119.802,0
2014-02-15 04:00:00,111.96,0
2014-02-15 04:30:00,109.718,0
2014-02-15 05:00:00,109.138,0
2014-02-15 05:30:00,111.996,0
2014-02-15 06:00:00,120.265,0
2014-02-15 06:30:00,135.235,0
2014-02-15 07:00:00,153.196,0
2014-02-15 07:30:00,179.352,0
2014-02-15 08:00:00,207.061,0
2014-02-15 08:30:00,219.529,0
2014-02-15 09:00:00,227.349,0
2014-02-15 09:30:00,239.503,0
2014-02-15 10:00:00,230.349,0
2014-02-15 10:30:00,237.731,0
2014-02-15 11:00:00,244.003,0
2014-02-15 11:30:00,240.83,0
2014-02-15 12:00:00,243.563,0
2014-02-15 12:30:00,244.783,0
2014-02-15 13:00:00,252.126,0
2014-02-15 13:30:00,257.589,0
2014-02-15 14:00:00,228.892,0
2014-02-15 14:30:00,226.483,0
2014-02-15 15:00:00,232.383,0
2014-02-15 15:30:00,237.904,0
2014-02-15 16:00:00,230.458,0
2014-02-15 16:30:00,243.994,0
2014-02-15 17:00:00,266.153,0
2014-02-15 17:30:00,288.085,0
2014-02-15 18:00:00,338.841,0
2014-02-15 18:30:00,360.159,1
2014-02-15 19:00:00,353.441,0
2014-02-15 19:30:00,369.621,1
2014-02-15 20:00:00,350.616,0
2014-02-15 20:30:00,312.471,0
2014-02-15 21:00:00,305.485,0
2014-02-15 21:30:00,295.83,0
2014-02-15 22:00:00,292.438,0
2014-02-15 22:30:00,265.617,0
2014-02-15 23:00:00,248.109,0
2014-02-15 23:30:00,222.953,0
2014-02-16 00:00:00,199.852,0
2014-02-16 00:30:00,177.244,0
2014-02-16 01:00:00,151.468,0
2014-02-16 01:30:00,138.933,0
2014-02-16 02:00:00,128.382,0
2014-02-16 02:30:00,119.188,0
2014-02-16 03:00:00,113.832,0
2014-02-16 03:30:00,111.659,0
2014-02-16 04:00:00,108.953,0
2014-02-16 04:30:00,106.741,0
2014-02-16 05:00:00,108.875,0
2014-02-16 05:30:00,109.181,0
2014-02-16 06:00:00,113.478,0
2014-02-16 06:30:00,121.804,0
2014-02-16 07:00:00,142.692,0
2014-02-16 07:30:00,170.839,0
2014-02-16 08:00:00,198.899,0
2014-02-16 08:30:00,225.788,0
2014-02-16 09:00:00,239.794,0
2014-02-16 09:30:00,265.477,0
2014-02-16 10:00:00,257.89300000000003,0
2014-02-16 10:30:00,264.61,0
2014-02-16 11:00:00,262.655,0
2014-02-16 11:30:00,253.922,0
2014-02-16 12:00:00,253.446,0
2014-02-16 12:30:00,260.465,0
2014-02-16 13:00:00,254.75,0
2014-02-16 13:30:00,264.367,0
2014-02-16 14:00:00,261.577,0
2014-02-16 14:30:00,247.199,0
2014-02-16 15:00:00,257.627,0
2014-02-16 15:30:00,255.459,0
2014-02-16 16:00:00,249.548,0
2014-02-16 16:30:00,268.138,0
2014-02-16 17:00:00,286.851,0
2014-02-16 17:30:00,321.121,0
2014-02-16 18:00:00,356.451,1
2014-02-16 18:30:00,371.115,1
2014-02-16 19:00:00,382.773,1
2014-02-16 19:30:00,371.71,1
2014-02-16 20:00:00,360.248,1
2014-02-16 20:30:00,340.705,0
2014-02-16 21:00:00,330.915,0
2014-02-16 21:30:00,329.583,0
2014-02-16 22:00:00,299.603,0
2014-02-16 22:30:00,285.036,0
2014-02-16 23:00:00,255.609,0
2014-02-16 23:30:00,224.19,0
2014-02-17 00:00:00,195.432,0
2014-02-17 00:30:00,156.952,0
2014-02-17 01:00:00,138.864,0
2014-02-17 01:30:00,123.074,0
2014-02-17 02:00:00,112.872,0
2014-02-17 02:30:00,113.062,0
2014-02-17 03:00:00,111.269,0
2014-02-17 03:30:00,109.597,0
2014-02-17 04:00:00,110.016,0
2014-02-17 04:30:00,109.901,0
2014-02-17 05:00:00,112.312,0
2014-02-17 05:30:00,123.151,0
2014-02-17 06:00:00,131.449,0
2014-02-17 06:30:00,148.079,0
2014-02-17 07:00:00,177.912,0
2014-02-17 07:30:00,203.35,0
2014-02-17 08:00:00,210.583,0
2014-02-17 08:30:00,236.887,0
2014-02-17 09:00:00,238.085,0
2014-02-17 09:30:00,236.466,0
2014-02-17 10:00:00,239.221,0
2014-02-17 10:30:00,228.785,0
2014-02-17 11:00:00,220.23,0
2014-02-17 11:30:00,212.439,0
2014-02-17 12:00:00,201.897,0
2014-02-17 12:30:00,222.721,0
2014-02-17 13:00:00,224.208,0
2014-02-17 13:30:00,218.991,0
2014-02-17 14:00:00,206.372,0
2014-02-17 14:30:00,200.446,0
2014-02-17 15:00:00,200.349,0
2014-02-17 15:30:00,222.483,0
2014-02-17 16:00:00,217.593,0
2014-02-17 16:30:00,226.973,0
2014-02-17 17:00:00,244.346,0
2014-02-17 17:30:00,293.0,0
2014-02-17 18:00:00,339.947,0
2014-02-17 18:30:00,361.994,1
2014-02-17 19:00:00,377.591,1
2014-02-17 19:30:00,366.985,1
2014-02-17 20:00:00,348.919,0
2014-02-17 20:30:00,339.504,0
2014-02-17 21:00:00,330.803,0
2014-02-17 21:30:00,303.9,0
2014-02-17 22:00:00,294.576,0
2014-02-17 22:30:00,278.876,0
2014-02-17 23:00:00,254.068,0
2014-02-17 23:30:00,214.852,0
2014-02-18 00:00:00,179.458,0
2014-02-18 00:30:00,155.475,0
2014-02-18 01:00:00,138.809,0
2014-02-18 01:30:00,123.311,0
2014-02-18 02:00:00,115.502,0
2014-02-18 02:30:00,111.265,0
2014-02-18 03:00:00,106.778,0
2014-02-18 03:30:00,108.738,0
2014-02-18 04:00:00,106.51,0
2014-02-18 04:30:00,107.665,0
2014-02-18 05:00:00,113.912,0
2014-02-18 05:30:00,123.327,0
2014-02-18 06:00:00,128.553,0
2014-02-18 06:30:00,147.666,0
2014-02-18 07:00:00,167.579,0
2014-02-18 07:30:00,199.953,0
2014-02-18 08:00:00,217.978,0
2014-02-18 08:30:00,241.644,0
2014-02-18 09:00:00,243.217,0
2014-02-18 09:30:00,239.374,0
2014-02-18 10:00:00,226.433,0
2014-02-18 10:30:00,227.495,0
2014-02-18 11:00:00,220.34,0
2014-02-18 11:30:00,205.17,0
2014-02-18 12:00:00,203.655,0
2014-02-18 12:30:00,209.291,0
2014-02-18 13:00:00,216.668,0
2014-02-18 13:30:00,211.541,0
2014-02-18 14:00:00,224.306,0
2014-02-18 14:30:00,215.572,0
2014-02-18 15:00:00,201.846,0
2014-02-18 15:30:00,209.74,0
2014-02-18 16:00:00,214.231,0
2014-02-18 16:30:00,227.81,0
2014-02-18 17:00:00,239.674,0
2014-02-18 17:30:00,266.317,0
2014-02-18 18:00:00,311.645,0
2014-02-18 18:30:00,365.374,1
2014-02-18 19:00:00,368.068,1
2014-02-18 19:30:00,362.916,1
2014-02-18 20:00:00,346.024,0
2014-02-18 20:30:00,334.921,0
2014-02-18 21:00:00,325.885,0
2014-02-18 21:30:00,315.994,0
2014-02-18 22:00:00,293.485,0
2014-02-18 22:30:00,270.665,0
2014-02-18 23:00:00,240.222,0
2014-02-18 23:30:00,204.71,0
2014-02-19 00:00:00,176.709,0
2014-02-19 00:30:00,151.409,0
2014-02-19 01:00:00,131.258,0
2014-02-19 01:30:00,118.321,0
2014-02-19 02:00:00,111.972,0
2014-02-19 02:30:00,115.956,0
2014-02-19 03:00:00,107.543,0
2014-02-19 03:30:00,104.539,0
2014-02-19 04:00:00,99.484,0
2014-02-19 04:30:00,101.369,0
2014-02-19 05:00:00,102.427,0
2014-02-19 05:30:00,112.735,0
2014-02-19 06:00:00,126.146,0
2014-02-19 06:30:00,146.513,0
2014-02-19 07:00:00,174.753,0
2014-02-19 07:30:00,209.791,0
2014-02-19 08:00:00,219.729,0
2014-02-19 08:30:00,233.255,0
2014-02-19 09:00:00,225.543,0
2014-02-19 09:30:00,229.189,0
2014-02-19 10:00:00,228.063,0
2014-02-19 10:30:00,217.324,0
2014-02-19 11:00:00,216.133,0
2014-02-19 11:30:00,206.912,0
2014-02-19 12:00:00,201.689,0
2014-02-19 12:30:00,204.994,0
2014-02-19 13:00:00,203.875,0
2014-02-19 13:30:00,199.291,0
2014-02-19 14:00:00,198.54,0
2014-02-19 14:30:00,197.601,0
2014-02-19 15:00:00,190.784,0
2014-02-19 15:30:00,201.784,0
2014-02-19 16:00:00,210.402,0
2014-02-19 16:30:00,229.977,0
2014-02-19 17:00:00,256.348,0
2014-02-19 17:30:00,294.102,0
2014-02-19 18:00:00,312.361,0
2014-02-19 18:30:00,338.488,0
2014-02-19 19:00:00,333.653,0
2014-02-19 19:30:00,338.335,0
2014-02-19 20:00:00,329.065,0
2014-02-19 20:30:00,320.405,0
2014-02-19 21:00:00,300.072,0
2014-02-19 21:30:00,290.714,0
2014-02-19 22:00:00,277.954,0
2014-02-19 22:30:00,268.803,0
2014-02-19 23:00:00,242.905,0
2014-02-19 23:30:00,204.365,0
2014-02-20 00:00:00,172.735,0
2014-02-20 00:30:00,148.767,0
2014-02-20 01:00:00,129.844,0
2014-02-20 01:30:00,113.924,0
2014-02-20 02:00:00,109.231,0
2014-02-20 02:30:00,105.148,0
2014-02-20 03:00:00,103.002,0
2014-02-20 03:30:00,103.292,0
2014-02-20 04:00:00,101.543,0
2014-02-20 04:30:00,100.066,0
2014-02-20 05:00:00,101.891,0
2014-02-20 05:30:00,113.14,0
2014-02-20 06:00:00,124.927,0
2014-02-20 06:30:00,141.67,0
2014-02-20 07:00:00,164.363,0
2014-02-20 07:30:00,191.539,0
2014-02-20 08:00:00,211.115,0
2014-02-20 08:30:00,228.892,0
2014-02-20 09:00:00,236.631,0
2014-02-20 09:30:00,222.62,0
2014-02-20 10:00:00,224.442,0
2014-02-20 10:30:00,219.138,0
2014-02-20 11:00:00,212.96,0
2014-02-20 11:30:00,212.382,0
2014-02-20 12:00:00,205.874,0
2014-02-20 12:30:00,213.143,0
2014-02-20 13:00:00,224.432,0
2014-02-20 13:30:00,214.69,0
2014-02-20 14:00:00,209.775,0
2014-02-20 14:30:00,204.392,0
2014-02-20 15:00:00,195.004,0
2014-02-20 15:30:00,196.47,0
2014-02-20 16:00:00,209.912,0
2014-02-20 16:30:00,215.506,0
2014-02-20 17:00:00,223.481,0
2014-02-20 17:30:00,257.877,0
2014-02-20 18:00:00,304.874,0
2014-02-20 18:30:00,331.735,0
2014-02-20 19:00:00,328.501,0
2014-02-20 19:30:00,328.93,0
2014-02-20 20:00:00,329.261,0
2014-02-20 20:30:00,314.09,0
2014-02-20 21:00:00,299.158,0
2014-02-20 21:30:00,289.823,0
2014-02-20 22:00:00,279.2,0
2014-02-20 22:30:00,265.484,0
2014-02-20 23:00:00,236.103,0
2014-02-20 23:30:00,207.171,0
2014-02-21 00:00:00,175.02100000000002,0
2014-02-21 00:30:00,149.4,0
2014-02-21 01:00:00,135.401,0
2014-02-21 01:30:00,120.844,0
2014-02-21 02:00:00,113.311,0
2014-02-21 02:30:00,108.243,0
2014-02-21 03:00:00,105.314,0
2014-02-21 03:30:00,103.823,0
2014-02-21 04:00:00,102.866,0
2014-02-21 04:30:00,101.011,0
2014-02-21 05:00:00,102.504,0
2014-02-21 05:30:00,114.719,0
2014-02-21 06:00:00,125.062,0
2014-02-21 06:30:00,142.072,0
2014-02-21 07:00:00,170.41,0
2014-02-21 07:30:00,192.565,0
2014-02-21 08:00:00,203.886,0
2014-02-21 08:30:00,214.863,0
2014-02-21 09:00:00,213.561,0
2014-02-21 09:30:00,224.451,0
2014-02-21 10:00:00,225.566,0
2014-02-21 10:30:00,218.322,0
2014-02-21 11:00:00,217.391,0
2014-02-21 11:30:00,222.557,0
2014-02-21 12:00:00,211.113,0
2014-02-21 12:30:00,218.643,0
2014-02-21 13:00:00,211.984,0
2014-02-21 13:30:00,198.466,0
2014-02-21 14:00:00,194.089,0
2014-02-21 14:30:00,195.089,0
2014-02-21 15:00:00,194.945,0
2014-02-21 15:30:00,203.871,0
2014-02-21 16:00:00,198.957,0
2014-02-21 16:30:00,216.602,0
2014-02-21 17:00:00,240.216,0
2014-02-21 17:30:00,275.875,0
2014-02-21 18:00:00,309.61,0
2014-02-21 18:30:00,339.546,0
2014-02-21 19:00:00,355.924,1
2014-02-21 19:30:00,346.907,0
2014-02-21 20:00:00,331.201,0
2014-02-21 20:30:00,310.178,0
2014-02-21 21:00:00,293.885,0
2014-02-21 21:30:00,288.812,0
2014-02-21 22:00:00,287.475,0
2014-02-21 22:30:00,270.103,0
2014-02-21 23:00:00,235.292,0
2014-02-21 23:30:00,210.668,0
2014-02-22 00:00:00,185.594,0
2014-02-22 00:30:00,157.733,0
2014-02-22 01:00:00,141.569,0
2014-02-22 01:30:00,129.486,0
2014-02-22 02:00:00,125.79,0
2014-02-22 02:30:00,114.208,0
2014-02-22 03:00:00,111.766,0
2014-02-22 03:30:00,109.146,0
2014-02-22 04:00:00,108.369,0
2014-02-22 04:30:00,102.946,0
2014-02-22 05:00:00,104.276,0
2014-02-22 05:30:00,112.886,0
2014-02-22 06:00:00,117.935,0
2014-02-22 06:30:00,123.757,0
2014-02-22 07:00:00,150.666,0
2014-02-22 07:30:00,175.748,0
2014-02-22 08:00:00,202.966,0
2014-02-22 08:30:00,215.801,0
2014-02-22 09:00:00,221.534,0
2014-02-22 09:30:00,228.86,0
2014-02-22 10:00:00,223.985,0
2014-02-22 10:30:00,222.934,0
2014-02-22 11:00:00,217.731,0
2014-02-22 11:30:00,219.07,0
2014-02-22 12:00:00,218.31,0
2014-02-22 12:30:00,230.182,0
2014-02-22 13:00:00,217.771,0
2014-02-22 13:30:00,217.736,0
2014-02-22 14:00:00,218.796,0
2014-02-22 14:30:00,213.107,0
2014-02-22 15:00:00,209.535,0
2014-02-22 15:30:00,213.158,0
2014-02-22 16:00:00,219.294,0
2014-02-22 16:30:00,230.398,0
2014-02-22 17:00:00,251.994,0
2014-02-22 17:30:00,267.444,0
2014-02-22 18:00:00,312.532,0
2014-02-22 18:30:00,339.124,0
2014-02-22 19:00:00,348.181,0
2014-02-22 19:30:00,332.864,0
2014-02-22 20:00:00,321.552,0
2014-02-22 20:30:00,299.73,0
2014-02-22 21:00:00,295.277,0
2014-02-22 21:30:00,281.339,0
2014-02-22 22:00:00,275.304,0
2014-02-22 22:30:00,265.13100000000003,0
2014-02-22 23:00:00,245.572,0
2014-02-22 23:30:00,216.15,0
2014-02-23 00:00:00,191.186,0
2014-02-23 00:30:00,158.312,0
2014-02-23 01:00:00,140.768,0
2014-02-23 01:30:00,128.941,0
2014-02-23 02:00:00,119.114,0
2014-02-23 02:30:00,110.065,0
2014-02-23 03:00:00,108.023,0
2014-02-23 03:30:00,109.646,0
2014-02-23 04:00:00,106.705,0
2014-02-23 04:30:00,101.62,0
2014-02-23 05:00:00,101.417,0
2014-02-23 05:30:00,109.178,0
2014-02-23 06:00:00,108.689,0
2014-02-23 06:30:00,119.943,0
2014-02-23 07:00:00,138.717,0
2014-02-23 07:30:00,158.649,0
2014-02-23 08:00:00,182.452,0
2014-02-23 08:30:00,202.831,0
2014-02-23 09:00:00,220.156,0
2014-02-23 09:30:00,227.492,0
2014-02-23 10:00:00,243.74,0
2014-02-23 10:30:00,246.869,0
2014-02-23 11:00:00,248.2,0
2014-02-23 11:30:00,250.116,0
2014-02-23 12:00:00,255.21,0
2014-02-23 12:30:00,255.963,0
2014-02-23 13:00:00,269.788,0
2014-02-23 13:30:00,267.384,0
2014-02-23 14:00:00,262.245,0
2014-02-23 14:30:00,265.657,0
2014-02-23 15:00:00,265.629,0
2014-02-23 15:30:00,266.729,0
2014-02-23 16:00:00,254.157,0
2014-02-23 16:30:00,258.682,0
2014-02-23 17:00:00,281.926,0
2014-02-23 17:30:00,303.151,0
2014-02-23 18:00:00,342.662,0
2014-02-23 18:30:00,368.223,1
2014-02-23 19:00:00,362.283,1
2014-02-23 19:30:00,353.536,0
2014-02-23 20:00:00,355.622,1
2014-02-23 20:30:00,327.579,0
2014-02-23 21:00:00,309.139,0
2014-02-23 21:30:00,301.466,0
2014-02-23 22:00:00,292.65500000000003,0
2014-02-23 22:30:00,281.75600000000003,0
2014-02-23 23:00:00,237.081,0
2014-02-23 23:30:00,198.295,0
2014-02-24 00:00:00,166.448,0
2014-02-24 00:30:00,140.392,0
2014-02-24 01:00:00,126.852,0
2014-02-24 01:30:00,115.117,0
2014-02-24 02:00:00,111.297,0
2014-02-24 02:30:00,107.481,0
2014-02-24 03:00:00,108.55,0
2014-02-24 03:30:00,107.023,0
2014-02-24 04:00:00,105.054,0
2014-02-24 04:30:00,101.512,0
2014-02-24 05:00:00,105.516,0
2014-02-24 05:30:00,118.507,0
2014-02-24 06:00:00,120.802,0
2014-02-24 06:30:00,150.206,0
2014-02-24 07:00:00,180.554,0
2014-02-24 07:30:00,215.164,0
2014-02-24 08:00:00,225.497,0
2014-02-24 08:30:00,227.521,0
2014-02-24 09:00:00,216.594,0
2014-02-24 09:30:00,215.839,0
2014-02-24 10:00:00,211.572,0
2014-02-24 10:30:00,206.993,0
2014-02-24 11:00:00,202.704,0
2014-02-24 11:30:00,185.567,0
2014-02-24 12:00:00,183.957,0
2014-02-24 12:30:00,197.202,0
2014-02-24 13:00:00,190.091,0
2014-02-24 13:30:00,189.496,0
2014-02-24 14:00:00,183.427,0
2014-02-24 14:30:00,179.854,0
2014-02-24 15:00:00,199.25,0
2014-02-24 15:30:00,198.507,0
2014-02-24 16:00:00,199.899,0
2014-02-24 16:30:00,223.474,0
2014-02-24 17:00:00,257.148,0
2014-02-24 17:30:00,296.509,0
2014-02-24 18:00:00,321.799,0
2014-02-24 18:30:00,347.538,0
2014-02-24 19:00:00,358.726,1
2014-02-24 19:30:00,364.509,1
2014-02-24 20:00:00,338.552,0
2014-02-24 20:30:00,323.952,0
2014-02-24 21:00:00,300.151,0
2014-02-24 21:30:00,280.871,0
2014-02-24 22:00:00,268.03000000000003,0
2014-02-24 22:30:00,257.301,0
2014-02-24 23:00:00,220.764,0
2014-02-24 23:30:00,191.95,0
2014-02-25 00:00:00,162.532,0
2014-02-25 00:30:00,136.331,0
2014-02-25 01:00:00,122.125,0
2014-02-25 01:30:00,113.476,0
2014-02-25 02:00:00,107.951,0
2014-02-25 02:30:00,102.616,0
2014-02-25 03:00:00,104.378,0
2014-02-25 03:30:00,104.236,0
2014-02-25 04:00:00,104.21,0
2014-02-25 04:30:00,102.695,0
2014-02-25 05:00:00,104.124,0
2014-02-25 05:30:00,115.498,0
2014-02-25 06:00:00,125.816,0
2014-02-25 06:30:00,147.98,0
2014-02-25 07:00:00,184.924,0
2014-02-25 07:30:00,215.203,0
2014-02-25 08:00:00,215.965,0
2014-02-25 08:30:00,224.951,0
2014-02-25 09:00:00,218.305,0
2014-02-25 09:30:00,217.137,0
2014-02-25 10:00:00,213.735,0
2014-02-25 10:30:00,207.377,0
2014-02-25 11:00:00,199.585,0
2014-02-25 11:30:00,191.895,0
2014-02-25 12:00:00,190.546,0
2014-02-25 12:30:00,188.418,0
2014-02-25 13:00:00,199.994,0
2014-02-25 13:30:00,201.542,0
2014-02-25 14:00:00,186.558,0
2014-02-25 14:30:00,187.991,0
2014-02-25 15:00:00,186.806,0
2014-02-25 15:30:00,188.14,0
2014-02-25 16:00:00,199.948,0
2014-02-25 16:30:00,216.336,0
2014-02-25 17:00:00,232.248,0
2014-02-25 17:30:00,250.028,0
2014-02-25 18:00:00,294.913,0
2014-02-25 18:30:00,343.644,0
2014-02-25 19:00:00,343.766,0
2014-02-25 19:30:00,342.422,0
2014-02-25 20:00:00,327.637,0
2014-02-25 20:30:00,319.041,0
2014-02-25 21:00:00,310.424,0
2014-02-25 21:30:00,302.613,0
2014-02-25 22:00:00,280.754,0
2014-02-25 22:30:00,260.905,0
2014-02-25 23:00:00,239.724,0
2014-02-25 23:30:00,207.667,0
2014-02-26 00:00:00,170.377,0
2014-02-26 00:30:00,149.009,0
2014-02-26 01:00:00,133.085,0
2014-02-26 01:30:00,119.365,0
2014-02-26 02:00:00,114.182,0
2014-02-26 02:30:00,110.536,0
2014-02-26 03:00:00,107.222,0
2014-02-26 03:30:00,104.768,0
2014-02-26 04:00:00,103.663,0
2014-02-26 04:30:00,103.718,0
2014-02-26 05:00:00,104.92,0
2014-02-26 05:30:00,115.061,0
2014-02-26 06:00:00,124.554,0
2014-02-26 06:30:00,153.795,0
2014-02-26 07:00:00,183.665,0
2014-02-26 07:30:00,206.913,0
2014-02-26 08:00:00,214.891,0
2014-02-26 08:30:00,226.207,0
2014-02-26 09:00:00,214.993,0
2014-02-26 09:30:00,215.436,0
2014-02-26 10:00:00,208.667,0
2014-02-26 10:30:00,196.355,0
2014-02-26 11:00:00,191.717,0
2014-02-26 11:30:00,190.001,0
2014-02-26 12:00:00,193.766,0
2014-02-26 12:30:00,197.313,0
2014-02-26 13:00:00,189.703,0
2014-02-26 13:30:00,191.886,0
2014-02-26 14:00:00,189.909,0
2014-02-26 14:30:00,186.679,0
2014-02-26 15:00:00,181.812,0
2014-02-26 15:30:00,184.801,0
2014-02-26 16:00:00,191.136,0
2014-02-26 16:30:00,205.401,0
2014-02-26 17:00:00,212.467,0
2014-02-26 17:30:00,247.727,0
2014-02-26 18:00:00,304.11,0
2014-02-26 18:30:00,342.698,0
2014-02-26 19:00:00,354.495,1
2014-02-26 19:30:00,352.247,0
2014-02-26 20:00:00,353.11,0
2014-02-26 20:30:00,324.031,0
2014-02-26 21:00:00,316.022,0
2014-02-26 21:30:00,301.752,0
2014-02-26 22:00:00,282.714,0
2014-02-26 22:30:00,269.533,0
2014-02-26 23:00:00,251.546,0
2014-02-26 23:30:00,207.423,0
2014-02-27 00:00:00,180.195,0
2014-02-27 00:30:00,149.51,0
2014-02-27 01:00:00,129.263,0
2014-02-27 01:30:00,117.178,0
2014-02-27 02:00:00,109.022,0
2014-02-27 02:30:00,108.255,0
2014-02-27 03:00:00,107.291,0
2014-02-27 03:30:00,106.238,0
2014-02-27 04:00:00,102.769,0
2014-02-27 04:30:00,104.492,0
2014-02-27 05:00:00,106.597,0
2014-02-27 05:30:00,119.809,0
2014-02-27 06:00:00,129.485,0
2014-02-27 06:30:00,148.237,0
2014-02-27 07:00:00,183.426,0
2014-02-27 07:30:00,217.745,0
2014-02-27 08:00:00,227.088,0
2014-02-27 08:30:00,223.655,0
2014-02-27 09:00:00,223.59,0
2014-02-27 09:30:00,213.661,0
2014-02-27 10:00:00,217.757,0
2014-02-27 10:30:00,210.249,0
2014-02-27 11:00:00,196.907,0
2014-02-27 11:30:00,191.406,0
2014-02-27 12:00:00,183.411,0
2014-02-27 12:30:00,191.252,0
2014-02-27 13:00:00,187.147,0
2014-02-27 13:30:00,184.441,0
2014-02-27 14:00:00,173.053,0
2014-02-27 14:30:00,180.577,0
2014-02-27 15:00:00,176.029,0
2014-02-27 15:30:00,188.135,0
2014-02-27 16:00:00,199.774,0
2014-02-27 16:30:00,210.512,0
2014-02-27 17:00:00,241.39,0
2014-02-27 17:30:00,260.782,0
2014-02-27 18:00:00,295.597,0
2014-02-27 18:30:00,337.808,0
2014-02-27 19:00:00,347.81,0
2014-02-27 19:30:00,330.462,0
2014-02-27 20:00:00,331.051,0
2014-02-27 20:30:00,328.593,0
2014-02-27 21:00:00,319.451,0
2014-02-27 21:30:00,314.65,0
2014-02-27 22:00:00,295.171,0
2014-02-27 22:30:00,280.942,0
2014-02-27 23:00:00,249.794,0
2014-02-27 23:30:00,206.776,0
2014-02-28 00:00:00,175.171,0
